# Blender 5.0.1
# www.blender.org
mtllib shirt-lowres.mtl
o shirt
v -4.856673 3.320369 -0.363553
v 7.260234 3.197738 1.056802
v 8.570293 1.884465 -0.892928
v -5.147660 0.778737 -0.640905
v 8.654665 1.585489 -0.883546
v 6.784967 2.678188 -2.347914
v -5.518110 3.746076 1.376749
v 6.370251 2.111632 -2.415110
v -6.034410 4.651430 1.276524
v 7.938435 1.679785 -1.713918
v -6.494741 5.439132 1.250303
v -6.719414 5.447737 -2.346581
v 8.009757 1.378533 -1.683539
v -5.580126 3.964269 -2.346697
v 8.284451 1.788943 -1.328211
v -6.299947 4.680359 -2.637071
v -7.499004 1.362550 -1.961993
v -7.572935 1.383139 0.753470
v -7.190195 2.924611 -2.106606
v -7.123264 2.882997 0.949637
v -7.225732 4.672771 0.936683
v -7.304835 4.659302 -1.814105
v -4.898686 2.250557 -0.559358
v 4.912832 2.951306 -0.668001
v -7.065852 3.691174 1.042751
v -7.140674 3.731575 -2.066273
v -7.350648 5.516542 0.682079
v -7.391408 5.491879 -1.540215
v -6.177782 2.644053 -2.408182
v -6.585916 1.106446 -2.348039
v -6.148721 2.544754 1.112706
v -6.648052 1.070181 0.904289
v -7.329668 2.098041 0.811448
v -6.385457 1.834794 -2.405685
v -8.564771 2.504423 -0.386495
v -7.337885 2.105428 -2.047570
v -5.016481 1.489595 -0.620182
v -7.401442 6.137578 0.403795
v -7.438624 6.128664 -1.250662
v -7.014186 6.334437 -1.768468
v 5.102080 3.190235 -0.271760
v -6.951323 6.353083 0.893530
v 4.911438 3.174755 -0.591075
v 5.005573 3.278188 -0.855957
v -7.173284 6.963440 0.253990
v -7.209165 7.108366 -0.424504
v 5.158596 1.673618 -0.125766
v -7.173456 6.926059 -1.102942
v -7.342932 6.723488 0.042059
v -7.348507 6.703119 -0.883784
v -7.358029 6.788309 -0.420426
v -7.905162 4.821966 -0.409078
v -8.111512 4.028216 -0.396407
v -8.319221 3.292587 -0.381754
v -8.785276 1.772303 -0.384800
v -7.724895 5.562801 -0.422512
v -7.551077 6.245784 -0.422301
v 5.362662 1.668254 0.605652
v 4.938247 2.994658 -1.030456
v -6.404902 1.766940 1.033189
v -7.893115 3.965184 0.498346
v -8.046194 3.202180 0.524577
v -8.280429 2.411628 0.511362
v -8.516861 1.687235 0.486165
v -7.903041 3.147078 -1.348256
v -7.779819 3.909179 -1.324361
v -8.071394 2.336592 -1.309362
v -8.237882 1.592406 -1.248948
v -4.858534 2.861855 -0.494282
v -6.713365 4.644588 -2.214900
v 5.011913 2.929476 -0.303803
v -5.951560 3.407378 1.071005
v -7.774546 4.811752 0.373483
v -7.717428 4.752471 -1.176154
v -6.607991 4.618164 1.216293
v -6.029898 3.544088 -2.414518
v -7.045841 5.465535 -1.937484
v -7.271387 6.288123 -1.452412
v -7.646661 5.570162 0.178714
v -7.509114 6.242100 0.008450
v -7.236524 6.306912 0.602235
v -6.972349 5.481139 1.037820
v -7.640010 5.536430 -1.016807
v -7.526134 6.230441 -0.852633
v -5.249899 0.774682 -1.463309
v -5.052977 1.488355 -1.423066
v -5.745015 0.891354 -2.162175
v -5.818838 0.813882 0.819380
v -5.608366 1.522026 0.808525
v -5.261516 0.712526 0.177583
v 5.192162 1.645830 0.250655
v -4.882983 3.393561 -1.016319
v 5.919624 1.972674 -2.308104
v -5.197589 3.065941 -2.058424
v 5.821883 2.376690 -2.267963
v -5.167679 3.567188 -1.690222
v -5.031693 2.192736 0.187149
v -5.116173 3.421284 1.060782
v -5.005208 2.824878 0.279072
v 5.546682 1.851089 -2.064069
v -5.003049 3.360691 0.306314
v -4.881701 2.881123 -1.279082
v -5.331981 2.377436 -2.113297
v -5.541153 1.607958 -2.140894
v -4.906199 2.241954 -1.348047
v -5.095436 1.433018 0.160847
v -5.363638 2.267578 0.797218
v -5.169872 2.869042 1.002987
v -4.834228 2.560789 -0.926658
v -4.868280 2.603975 -0.523201
v -4.831088 2.855268 -0.886280
v -4.878490 2.578288 -1.334427
v -4.875314 2.227741 -0.947962
v -4.960188 2.546009 -0.152519
v -5.007084 2.524349 0.235061
v -4.936821 2.832030 -0.102161
v 5.117974 2.923145 0.026089
v -4.995605 2.218693 -0.198436
v -5.185176 1.053815 0.166435
v 5.181479 2.955165 0.767973
v -4.911027 3.444500 0.012477
v 5.170649 2.936811 0.369864
v -4.914580 3.337473 -0.023733
v -4.992376 3.507477 0.317812
v 7.696357 4.207932 0.795373
v -5.176303 3.677046 1.395434
v -5.248878 3.482748 1.351698
v -5.392994 3.846021 1.578552
v 7.697863 4.661023 0.707418
v -5.140457 3.623564 1.035315
v -5.611900 4.225593 1.512243
v -5.772392 4.193127 1.292354
v -5.792972 4.653500 1.411050
v 7.993138 4.294626 0.460926
v -5.993654 5.044667 1.362378
v -6.269511 5.044068 1.283939
v -6.228415 5.446225 1.328038
v 7.706207 3.760996 0.844397
v -5.308720 3.866693 -1.826232
v -5.541284 4.069403 -2.114470
v -5.341125 3.721601 -2.029547
v -5.147627 3.714205 -1.513044
v 7.927028 2.576772 0.815701
v -5.832691 4.354223 -2.358242
v -5.925129 4.307559 -2.577363
v 8.047441 2.191684 0.794263
v -6.109828 4.697271 -2.580382
v -6.347560 5.069068 -2.674072
v -6.548283 5.052100 -2.538101
v 7.819162 2.977468 0.839170
v -6.562871 5.473371 -2.554885
v -6.146235 4.198173 -2.552099
v -5.725288 3.781103 -2.496151
v -6.490144 4.657346 -2.441897
v -6.423992 4.136897 -2.352196
v -5.998340 4.120043 1.168760
v -5.671996 3.615306 1.167792
v -6.303298 4.057717 1.170675
v -6.312723 4.631083 1.223974
v -6.716324 4.089306 1.191900
v -6.549717 3.547626 1.186298
v -7.133801 4.177601 1.016542
v -6.923875 4.630464 1.138102
v -4.958799 1.865493 -0.986109
v -4.972794 1.866221 -1.380115
v -5.010374 1.494261 -1.029250
v -4.947384 1.876318 -0.593026
v -7.550171 5.120795 -1.413550
v -7.537617 5.514682 -1.295317
v -7.680254 5.154896 -1.097780
v -7.553605 4.704935 -1.527945
v -7.357342 5.087023 -1.679737
v -6.104841 1.260669 0.942243
v -6.527736 1.400778 0.939917
v -5.982204 1.630248 0.992084
v -5.716642 1.147951 0.808937
v -6.220762 0.930079 0.924558
v -6.966124 1.579889 -2.256153
v -6.487351 1.448055 -2.381849
v -6.873621 1.970541 -2.293489
v -7.416468 1.711374 -2.002595
v -7.058147 1.234557 -2.219981
v -6.034867 1.328919 -2.355542
v -5.641851 1.227924 -2.164158
v -5.930816 1.712192 -2.349926
v -6.137695 0.990282 -2.335876
v -6.978017 1.558123 0.860575
v -7.452609 1.719789 0.771615
v -6.858553 1.929525 0.939956
v -7.099006 1.224687 0.829645
v -6.817119 4.145348 -2.180858
v -6.646677 3.640132 -2.285546
v -7.004842 4.639587 -2.029992
v -7.216408 4.192548 -1.958680
v -7.129049 5.070211 -1.891814
v -6.901143 5.065861 -2.081764
v -7.220609 5.477147 -1.747611
v -7.536030 4.261029 -1.648393
v -7.524283 3.826137 -1.741011
v -7.747021 4.326638 -1.259816
v -6.942292 5.906197 0.987227
v -7.114032 6.337763 0.742858
v -6.733617 5.897440 1.119549
v -6.750207 5.455893 1.160332
v -7.112122 5.914397 0.845923
v -5.384717 3.511583 -2.253315
v -5.497628 3.235200 -2.348883
v -5.182800 3.340983 -1.898541
v -5.614526 2.751927 0.945174
v -6.031656 2.934352 1.074965
v -5.491674 3.049091 1.046622
v -5.255490 2.588660 0.878968
v -5.737894 2.399631 0.953216
v -8.451822 2.898744 0.126137
v -8.329597 3.295725 0.125790
v -8.159659 2.802600 0.520609
v -8.573918 2.507597 0.118994
v -8.440731 2.895564 -0.382376
v -7.550394 3.432624 -1.779730
v -7.830923 3.526557 -1.349333
v -7.608665 3.046824 -1.779804
v -7.137391 3.319785 -2.108488
v -7.497731 5.906656 0.315365
v -7.517274 5.545700 0.449737
v -7.579143 5.919762 0.077728
v -7.458158 6.208079 0.227764
v -7.386494 5.891442 0.522681
v -6.495463 5.904804 1.233116
v -6.750326 6.373685 1.031725
v 8.128424 3.488245 -0.907452
v -6.974120 6.746045 -1.594433
v -7.062871 7.028345 -1.214106
v -7.117662 6.686830 -1.443692
v -6.846999 6.361917 -1.945266
v 8.217253 3.114871 -0.907371
v -7.232999 6.631332 -1.290291
v -7.326794 6.554714 -1.161417
v -7.156288 6.315559 -1.600685
v -7.265038 6.827997 -0.982213
v -7.524677 5.889109 -1.163530
v -7.424018 5.876275 -1.376030
v -7.486523 6.198472 -1.071182
v -7.595843 5.901591 -0.925131
v -7.446277 6.545203 -0.220204
v -7.454307 6.546550 -0.420128
v -7.353249 6.781075 -0.201337
v -7.429049 6.516925 -0.003299
v -7.538946 6.248931 -0.208997
v -6.946893 6.782242 0.726845
v -7.096656 6.718697 0.590522
v -7.069856 7.076056 0.357017
v 8.192925 1.759211 0.775227
v -6.712700 5.921929 -2.277209
v -6.877666 5.897561 -2.080518
v 8.293873 1.467238 0.757700
v -7.033172 5.893731 -1.892915
v -7.173337 5.897747 -1.722072
v -6.874527 5.450040 -2.126863
v -7.257905 5.903863 0.692321
v -7.334295 6.234857 0.478199
v -7.168504 5.497523 0.875375
v -6.745348 2.308715 1.038353
v -7.217010 2.483719 0.871808
v -6.635585 2.706258 1.126881
v -6.278774 2.145644 1.105419
v -7.119799 7.223382 -0.037480
v -7.200499 7.083222 -0.088146
v -7.131609 7.271102 -0.437803
v 6.699608 4.977894 1.207554
v -7.115330 7.190884 -0.827912
v -7.199023 7.057588 -0.761248
v 6.968277 4.992632 1.138984
v -5.084302 1.108942 -1.056316
v -5.155521 1.111221 -1.450136
v -5.168371 0.767057 -1.068890
v -5.082182 1.121168 -0.635187
v -5.861829 2.011006 0.991497
v -5.492200 1.897324 0.789310
v -8.696491 2.123321 0.111839
v -8.403435 2.028044 0.497188
v -8.804520 1.780173 0.106669
v -8.683386 2.117906 -0.387156
v -7.275086 6.945851 -0.151053
v -7.261746 6.857151 0.136640
v -7.278905 6.961108 -0.421789
v -7.275039 6.925985 -0.694050
v -7.356451 6.768621 -0.640736
v -7.892632 4.379019 -0.838445
v -7.826359 4.789894 -0.799062
v -8.006713 4.421947 -0.402797
v -7.963314 3.975726 -0.868023
v -7.762300 5.179916 -0.762249
v -7.699351 5.550842 -0.722834
v -7.811411 5.201239 -0.416575
v -7.680194 2.633804 -1.758976
v -7.988690 2.738780 -1.335137
v -7.743346 2.228426 -1.715207
v -7.264047 2.509333 -2.085251
v -8.225951 3.666562 0.114343
v -8.125715 4.037433 0.088351
v -7.959310 3.579525 0.519311
v -8.213054 3.661260 -0.387742
v -7.631279 5.907756 -0.675983
v -7.547168 6.241211 -0.635729
v -7.641067 5.913466 -0.424031
v -7.452668 6.537702 -0.620698
v -7.438476 6.503631 -0.836785
v -6.782838 2.370936 -2.321563
v -6.282523 2.229898 -2.414923
v -6.692556 2.788351 -2.331939
v -7.809677 1.832134 -1.663878
v -8.153998 1.942104 -1.276355
v -7.888320 1.481877 -1.625660
v -4.836852 3.405375 -0.622069
v -4.854259 3.459940 -0.920208
v -4.845869 3.351005 -0.695242
v -4.859154 3.378934 -0.306081
v 8.325171 2.713749 -0.904970
v -5.050901 1.816706 0.161758
v 6.725025 3.024228 1.163342
v -5.825988 2.100483 -2.334232
v -5.439022 1.990135 -2.115268
v -5.716234 2.501972 -2.325714
v -7.505262 4.286117 0.751013
v -7.503163 3.836716 0.781791
v -7.833739 4.386546 0.448676
v -7.518290 4.743082 0.680565
v -7.698977 2.651005 0.721217
v -7.596961 3.051899 0.749836
v -7.817740 2.261400 0.700967
v -8.041984 3.602598 -0.877029
v -8.133441 3.229584 -0.874524
v -7.941874 1.879492 0.680888
v -8.059207 1.540480 0.667367
v -6.553775 5.053924 1.234267
v -6.821439 5.071308 1.165366
v -8.240256 2.827810 -0.870542
v -8.350735 2.432244 -0.864944
v -7.531464 3.435453 0.775983
v -7.065752 3.271360 1.014915
v -8.457520 2.042304 -0.853955
v -8.553370 1.694979 -0.841975
v -4.839304 3.133740 -0.799679
v -4.859270 3.116931 -0.435301
v -4.888132 3.164927 -1.155403
v -4.928799 3.106834 -0.060428
v -5.010500 3.111506 0.299321
v 6.724492 3.089938 -2.340868
v -6.547105 3.101006 1.172733
v -6.625972 3.197660 -2.325620
v -6.085854 3.056069 -2.398562
v -5.610199 2.885885 -2.341737
v -5.246250 2.739562 -2.117614
v -5.366176 3.275230 1.218053
v -5.112568 3.151296 1.064894
v -8.019168 4.436295 0.046902
v -7.911511 4.839021 -0.005201
v -7.525173 5.161495 0.578003
v -7.713445 5.204935 0.281666
v -7.298806 5.113896 0.822570
v -7.067861 5.086878 1.023179
v -6.704815 5.058042 -2.290807
v -7.808347 5.216057 -0.061453
v -7.711946 5.572712 -0.118863
v -7.624337 5.919375 -0.171879
v -7.413865 6.416736 -1.077255
v -7.371452 6.224164 -1.325475
v -7.219071 6.660589 0.444908
v -7.314729 6.577574 0.321130
v -7.394723 6.429834 0.237696
v -7.304431 5.888659 -1.553272
v -5.024206 2.636766 -1.744090
v -5.023254 2.948087 -1.668584
v -5.062569 2.288995 -1.763820
v -5.025444 2.521170 0.639062
v -5.029822 2.829217 0.690068
v -5.069134 2.185708 0.580277
v -5.393122 1.073914 0.535210
v -5.286655 1.447523 0.530655
v -5.479364 0.735788 0.554088
v -5.087205 3.569475 0.660928
v 8.438500 2.323949 -0.900523
v -5.089674 3.393934 0.674658
v -4.971703 3.580552 -1.225924
v 7.744988 3.360818 0.854117
v -5.001160 3.462785 -1.355442
v -5.137077 1.906635 -1.786799
v -5.229851 1.526661 -1.822803
v -5.334017 1.150039 -1.848629
v -5.435362 0.815235 -1.856309
v -5.028461 3.225860 -1.521837
v -5.170240 1.817601 0.541269
v -5.061017 3.127052 0.696543
v 5.151886 1.489630 -0.047754
v 0.164599 -9.932229 -3.282227
v 1.447311 -9.957675 3.704221
v 0.060639 1.770395 -3.645008
v 0.185261 -8.972862 -2.999471
v 5.168175 -8.742782 0.607539
v 0.045399 0.669360 -3.650476
v 5.173894 0.654866 0.084310
v 4.910894 -0.275818 0.151398
v 0.192148 -8.041670 -2.627979
v 0.073522 -7.130896 -2.969378
v -0.109172 -6.424719 -2.478423
v -0.132498 -5.583468 -2.751485
v -0.083596 -4.660203 -3.263029
v -0.045521 -3.616914 -3.520588
v -0.019416 -2.548544 -3.613240
v 0.004079 -1.479726 -3.642790
v 0.026124 -0.410227 -3.651398
v 4.693046 -1.255283 0.240496
v 4.488955 -2.194349 0.326848
v 4.814999 -3.069995 0.433217
v 4.741549 -4.040353 0.459306
v 4.723383 -4.959822 0.538459
v 5.062717 -5.754027 0.628985
v 4.988331 -6.706103 0.620753
v 5.095920 -7.731386 0.599574
v 4.964409 -0.363052 -0.563081
v 5.185389 0.599132 -0.661824
v 5.091558 1.463059 -0.806576
v 0.864393 0.660827 -3.720011
v 0.884041 1.768246 -3.738197
v 4.710524 -1.336092 -0.468198
v 0.840642 -0.422257 -3.702089
v 4.548219 -2.282934 -0.361696
v 0.815126 -1.493887 -3.674641
v 4.627523 -3.172125 -0.213899
v 0.788281 -2.562426 -3.618760
v 4.749992 -4.111413 -0.200918
v 0.759466 -3.626575 -3.486748
v 4.705883 -5.024670 -0.125070
v 0.719348 -4.663929 -3.210059
v 5.093914 -5.784485 -0.052740
v 0.646428 -5.547174 -2.656610
v 4.892115 -6.708646 -0.026352
v 0.657278 -6.403615 -2.325323
v 5.015432 -7.725545 -0.065753
v 0.848582 -7.096616 -2.966020
v 5.101803 -8.750720 -0.064080
v 0.938563 -8.060212 -2.752935
v 3.073273 -9.864948 3.395595
v 0.923720 -9.013052 -3.009697
v 4.578042 -1.419001 -1.239969
v 4.741728 -0.414266 -1.335232
v 4.402011 -0.449752 -2.103178
v 3.883378 -0.465865 -2.763814
v 3.167183 -0.442640 -3.213849
v 2.474305 -0.449477 -3.684911
v 1.659424 -0.440697 -3.842137
v 4.959994 0.583056 -1.445482
v 4.504681 0.602099 -2.177538
v 4.002269 0.599275 -2.891145
v 3.291464 0.619412 -3.386264
v 2.524333 0.632968 -3.768901
v 1.688587 0.647522 -3.878724
v 1.717974 1.761684 -3.886518
v 2.570405 1.744181 -3.835664
v 3.389911 1.716941 -3.529387
v 4.105891 1.691321 -3.005151
v 4.769656 1.637325 -2.380705
v 5.085076 1.568047 -1.588771
v 4.326157 -1.497423 -2.017743
v 3.687755 -1.487693 -2.539511
v 3.026140 -1.479405 -3.021127
v 2.426844 -1.514850 -3.580541
v 1.630933 -1.514703 -3.771875
v 4.529887 -2.426331 -1.123080
v 4.099094 -2.488639 -1.776096
v 3.452879 -2.476047 -2.262378
v 2.921031 -2.512467 -2.856570
v 2.389461 -2.572032 -3.459567
v 1.601750 -2.580982 -3.649666
v 4.284421 -3.313907 -0.864776
v 3.817132 -3.407077 -1.469135
v 3.347106 -3.479454 -2.095450
v 6.052612 8.277636 -0.594017
v 2.963570 -3.554838 -2.798690
v 2.370161 -3.628091 -3.310067
v 1.566517 -3.634784 -3.441619
v 4.481901 -4.199846 -0.885282
v 4.112668 -4.306233 -1.550303
v 3.667875 -4.433108 -2.193351
v 5.921790 7.909056 -1.555243
v 3.078771 -4.583741 -2.699699
v 2.309084 -4.636989 -2.957748
v 1.517734 -4.655256 -3.111900
v 4.673344 -5.107291 -0.840846
v 4.331767 -5.190536 -1.460007
v 3.635911 -5.182195 -1.771564
v 5.668184 7.094497 -2.470517
v 2.895998 -5.201227 -2.021027
v 2.144619 -5.289952 -2.240636
v 1.398418 -5.422410 -2.457595
v 4.839077 -5.916453 -0.721479
v 4.246010 -5.970887 -1.170004
v 3.620590 -6.028469 -1.589969
v 5.090271 8.755802 -0.646723
v 2.947094 -6.101371 -1.947468
v 2.199795 -6.207322 -2.129795
v 1.429917 -6.323872 -2.206105
v 4.644444 -6.773837 -0.701722
v 4.348652 -6.827275 -1.394090
v 3.840424 -6.883743 -1.975567
v 4.976180 8.339049 -1.607876
v 3.153723 -6.962664 -2.365272
v 2.408245 -7.019287 -2.634511
v 1.633400 -7.053608 -2.833816
v 4.781361 -7.778179 -0.754314
v 4.353845 -7.850144 -1.385371
v 3.819471 -7.912021 -1.970898
v 4.785470 7.438840 -2.533915
v 3.211144 -7.958112 -2.496158
v 2.521876 -7.991279 -2.840498
v 1.733420 -8.032124 -2.864553
v 4.872401 -8.816802 -0.745112
v 4.447822 -8.874965 -1.404253
v 3.896778 -8.927344 -2.029648
v 4.102345 9.084911 -0.677173
v 3.253010 -8.971305 -2.567697
v 2.573372 -9.000607 -2.902861
v 1.773663 -9.014624 -3.024847
v 4.543788 -9.736516 2.655141
v 3.910763 -9.776601 3.152804
v 4.923021 -9.744651 2.005112
v 4.009641 8.706272 -1.653029
v 5.114414 -9.795784 -0.028529
v 4.873579 -9.868864 -0.711390
v -0.718279 -9.950254 3.814052
v 6.847080 7.790121 -0.555005
v -1.476190 -9.911705 3.669324
v 6.680002 7.450282 -1.487434
v 6.362474 6.655849 -2.337893
v 6.010328 5.668501 -2.840363
v -0.585624 -9.844794 -3.261040
v 5.613049 4.669850 -2.720497
v 5.196865 -9.738729 0.635191
v 5.403365 3.700066 -2.335833
v 5.114817 2.709302 -1.712715
v 4.472727 -9.934981 -1.399286
v 4.974510 2.248443 -0.863750
v 5.069006 2.216676 -0.172617
v 5.117102 -9.734736 1.300978
v 2.663909 -10.010310 -3.090981
v 0.902382 2.916425 -3.767079
v 0.074527 2.915215 -3.647764
v 1.749153 2.913875 -3.856588
v 2.612079 2.896135 -3.872845
v 3.469032 2.852273 -3.668020
v 3.845750 7.688602 -2.558423
v 4.275348 2.779588 -3.261168
v 4.915039 2.710263 -2.627654
v 0.926164 4.110757 -3.752943
v 0.087165 4.108513 -3.662164
v 1.784940 4.110431 -3.783764
v 2.653319 4.097616 -3.853958
v 3.537326 4.034509 -3.809263
v 4.382923 3.909680 -3.530738
v 5.008525 3.767483 -2.950703
v 0.949791 5.342810 -3.645355
v 0.096855 5.334754 -3.602679
v 1.819210 5.350665 -3.658753
v 2.704757 5.356876 -3.755885
v 3.605691 5.291736 -3.781914
v 4.468237 5.123918 -3.602170
v 5.206548 4.879260 -3.259516
v 0.959222 6.573630 -3.383126
v 0.102810 6.559461 -3.357918
v 1.849637 6.599782 -3.365273
v 2.777097 6.616581 -3.344104
v 3.707528 6.534279 -3.342141
v 4.597623 6.335107 -3.258903
v 5.403168 6.035310 -3.093266
v 2.946722 9.029625 -1.698649
v 0.946467 7.720479 -2.886400
v 0.108351 7.705018 -2.879341
v 1.864038 7.781711 -2.825511
v 2.867615 7.845742 -2.639447
v 3.969155 -9.981064 -2.079875
v 1.826838 8.758017 -2.194913
v 0.910813 8.670542 -2.308101
v 3.351181 -10.000545 -2.698553
v 0.113465 8.658738 -2.315740
v 1.689402 3.374332 4.404833
v 2.554754 3.326339 4.271067
v 3.416053 3.201920 3.932424
v 3.617575 7.861576 1.444661
v 4.161206 3.045493 3.316841
v 4.704542 2.928328 2.444503
v 0.870517 4.452045 4.172841
v 1.693196 4.506916 4.168835
v 2.556664 4.492678 4.038181
v 3.418876 4.378957 3.751330
v 4.213346 4.203722 3.297969
v 4.846651 4.018253 2.674053
v -4.826024 -0.267653 -0.631896
v -5.005958 0.713132 -0.711640
v -4.944784 1.672023 -0.774633
v -0.771472 0.679656 -3.794118
v -0.756265 1.785173 -3.800805
v -4.593437 -1.260577 -0.554514
v -0.790040 -0.401908 -3.775914
v -4.378718 -2.238697 -0.471200
v -0.810549 -1.472613 -3.741953
v -4.655718 -3.173806 -0.351682
v -0.831553 -2.541586 -3.682635
v -5.000113 -4.136528 -0.232607
v -0.853394 -3.610055 -3.566833
v -5.024279 -5.136686 -0.157904
v -0.886817 -4.652346 -3.299195
v -5.006722 -6.008040 -0.035989
v -0.923463 -5.540732 -2.748897
v -4.741431 -6.707185 0.041824
v -0.870883 -6.383449 -2.636224
v -4.880121 -7.672785 -0.078375
v -0.660352 -7.085827 -2.784882
v -4.954619 -8.650513 -0.195394
v -0.547684 -7.943955 -2.590368
v -0.553563 -8.873100 -2.984380
v -4.395425 -1.334937 -1.307608
v -4.584019 -0.330085 -1.397955
v -4.256093 -0.368961 -2.155438
v -3.936682 -0.430676 -2.922641
v -3.150301 -0.416175 -3.171849
v -2.331606 -0.369798 -3.241505
v -1.600649 -0.386588 -3.619761
v -4.801563 0.675018 -1.504065
v -4.336712 0.675314 -2.233489
v -3.927210 0.644209 -2.996971
v -3.223384 0.634887 -3.441146
v -2.378439 0.694235 -3.417369
v -1.595768 0.692079 -3.685156
v -1.591590 1.796198 -3.741818
v -2.417312 1.786502 -3.599948
v -3.279306 1.728265 -3.647442
v -3.949216 1.734890 -3.078768
v -4.578317 1.714894 -2.423095
v -4.911752 1.710486 -1.593037
v -4.286991 -1.406075 -2.095891
v -3.869408 -1.477909 -2.737444
v -3.062313 -1.442131 -2.884924
v -2.286593 -1.423230 -3.093182
v -1.603873 -1.452992 -3.544937
v -4.408580 -2.327947 -1.223680
v -4.388257 -2.429590 -1.985271
v -3.753953 -2.487481 -2.437394
v -2.965353 -2.462905 -2.619958
v -2.242672 -2.473697 -2.953392
v -1.610070 -2.515280 -3.463253
v -4.720660 -3.280033 -1.094723
v -4.313478 -3.430822 -1.725366
v -3.611649 -3.476537 -2.096702
v -5.823524 8.329804 -0.606447
v -2.877312 -3.487450 -2.393987
v -2.229698 -3.520095 -2.845342
v -1.638135 -3.573805 -3.396528
v -4.710525 -4.276844 -0.890463
v -4.156962 -4.395835 -1.399224
v -3.523572 -4.467007 -1.841270
v -5.697961 7.949065 -1.562357
v -2.952782 -4.508323 -2.369693
v -2.407898 -4.548194 -2.946316
v -1.696899 -4.629383 -3.283191
v -4.802896 -5.235584 -0.830709
v -4.293614 -5.325703 -1.403258
v -3.793606 -5.397560 -2.004105
v -5.458251 7.134553 -2.473536
v -3.239153 -5.459870 -2.572006
v -2.497581 -5.513177 -2.799671
v -1.712651 -5.523837 -2.782589
v -4.675144 -5.994750 -0.687814
v -4.243059 -6.018238 -1.316705
v -3.675181 -6.096279 -1.837339
v -4.854503 8.787402 -0.655722
v -3.122266 -6.292414 -2.364687
v -2.402270 -6.377694 -2.656143
v -1.642403 -6.378347 -2.748924
v -4.549134 -6.684986 -0.648444
v -4.109861 -6.677022 -1.261631
v -3.510446 -6.693364 -1.746899
v -4.749829 8.369184 -1.615881
v -2.812372 -6.726696 -2.071993
v -2.080006 -6.788625 -2.261681
v -1.340472 -6.927225 -2.454189
v -4.617491 -7.657627 -0.758182
v -4.170325 -7.642051 -1.386653
v -3.573021 -7.629820 -1.926829
v -4.570168 7.466503 -2.531933
v -2.868011 -7.634048 -2.327697
v -2.120521 -7.682039 -2.536977
v -1.334466 -7.792568 -2.606333
v -4.690856 -8.643785 -0.869379
v -4.237584 -8.623704 -1.514622
v -3.648877 -8.607418 -2.116572
v -3.870249 9.118842 -0.680966
v -2.943029 -8.606021 -2.593263
v -2.214103 -8.645464 -2.852594
v -1.402787 -8.745388 -2.951233
v 0.922226 -9.983875 -3.292721
v -3.781658 8.735999 -1.656766
v 1.830788 -10.007269 -3.276975
v -6.600773 7.847768 -0.556520
v -6.467947 7.511465 -1.494537
v -6.167159 6.717350 -2.344290
v -5.841914 5.742820 -2.862503
v -5.524551 4.703543 -2.842741
v -5.036736 -9.449556 0.400584
v -5.274917 3.788321 -2.370910
v -0.023955 -9.972927 3.890356
v -4.955672 2.874599 -1.690003
v -5.000334 -9.476178 1.077856
v -4.771143 2.559667 -0.802995
v 0.865938 5.566388 3.675798
v 1.671885 5.631280 3.630844
v 6.184632 2.942229 -2.375115
v -4.920782 -9.463432 -0.263717
v -0.747635 2.931159 -3.790924
v -1.594718 2.940070 -3.795519
v -2.445551 2.924814 -3.755884
v -3.316329 2.871840 -3.775974
v -3.628285 7.714483 -2.556002
v -4.085832 2.832346 -3.293402
v -4.760439 2.795784 -2.631923
v -0.749128 4.123061 -3.755094
v -1.606602 4.132596 -3.767483
v -2.471447 4.121727 -3.815733
v -3.352138 4.065094 -3.844448
v -4.187731 3.954678 -3.553650
v -4.871844 3.815676 -3.025180
v -0.755124 5.351916 -3.641238
v -1.624240 5.369380 -3.655495
v -2.508596 5.378507 -3.744751
v -3.407047 5.319880 -3.785060
v -4.275096 5.164958 -3.623091
v -4.985319 4.941040 -3.250931
v -0.752734 6.580558 -3.378057
v -1.643410 6.616452 -3.364094
v -2.570773 6.636313 -3.335661
v -3.501365 6.559371 -3.336725
v -4.395104 6.368655 -3.260093
v -5.201208 6.085697 -3.103127
v -3.055204 9.426491 -0.665662
v -2.715092 9.055839 -1.694551
v -0.729226 7.725820 -2.882168
v -1.646307 7.796930 -2.823670
v -2.649389 7.869929 -2.638319
v 5.724740 2.762633 -2.247239
v -1.598901 8.773161 -2.194756
v -0.683703 8.675347 -2.306601
v -4.981474 1.676969 -0.042958
v 5.375991 2.602824 -1.987918
v 0.063915 2.365585 4.418604
v -0.031219 -9.195549 4.233256
v -5.056763 -8.700793 0.473449
v 0.061530 1.381837 4.459924
v -4.980813 0.789744 0.030031
v -4.799931 -0.177336 0.090950
v -0.024532 -8.238321 4.120445
v -0.025261 -7.225504 4.380766
v -0.049977 -6.168594 4.265149
v -0.017062 -5.159853 4.564919
v 0.033218 -4.092711 4.665028
v 0.054086 -2.998063 4.624281
v 0.052660 -1.895856 4.604999
v 0.052993 -0.793418 4.569872
v 0.056655 0.306583 4.520622
v -4.593905 -1.181322 0.154033
v -4.389915 -2.177109 0.219777
v -4.515998 -3.143352 0.324909
v -4.903957 -4.088631 0.455411
v -4.817403 -5.097726 0.482934
v -5.051154 -5.982028 0.627681
v -4.780204 -6.776837 0.686896
v -4.983567 -7.744395 0.581924
v -4.597159 -0.157130 0.777268
v -4.780384 0.821728 0.726856
v -4.922887 1.757565 0.659324
v -0.700318 1.329330 4.362205
v -0.717186 2.342732 4.389869
v -4.445510 -1.176644 0.838438
v -0.683411 0.265261 4.343623
v -4.248738 -2.177194 0.884694
v -0.664306 -0.820753 4.340353
v -4.440865 -3.139052 0.994218
v -0.643802 -1.914945 4.340562
v -4.703421 -4.121239 1.095735
v -0.617010 -3.012685 4.320991
v -4.580463 -5.139540 1.095986
v -0.618458 -4.101049 4.335451
v -4.930683 -6.032988 1.284555
v -0.736532 -5.160347 4.539344
v -4.782454 -6.939908 1.317043
v -0.765295 -6.202282 4.312663
v -4.933836 -7.893916 1.224683
v -0.753949 -7.249188 4.360785
v -5.024458 -8.795842 1.139184
v -0.720339 -8.221881 4.041270
v 5.539928 3.153598 1.214578
v -0.753183 -9.153597 4.192122
v -4.183891 -1.155236 1.544997
v -4.339157 -0.132383 1.515025
v -3.997921 -0.090770 2.294133
v -3.487706 -0.014474 3.018280
v -1.431720 7.728251 2.416734
v -2.972916 0.066694 3.730467
v -2.274297 0.129823 4.206492
v -1.447721 0.203314 4.224277
v -4.497382 0.863383 1.485532
v -4.106698 0.927169 2.262353
v -3.627454 1.014001 3.040992
v 5.266524 2.989624 1.120477
v -3.043246 1.103817 3.738229
v -2.312448 1.185826 4.221318
v -1.484095 1.258800 4.303612
v -1.517236 2.303530 4.347984
v -2.350225 2.241225 4.207139
v -3.123698 2.149040 3.778017
v -0.652653 7.517869 2.754123
v -3.743608 2.044877 3.082653
v -4.279353 1.940408 2.286897
v -4.695782 1.865029 1.458549
v -3.798876 -1.106071 2.283869
v -3.407999 -1.032998 3.036469
v -3.016346 -0.974644 3.801475
v -2.218300 -0.926819 4.078529
v -1.405443 -0.865002 4.141104
v -4.025933 -2.157535 1.574878
v -3.834840 -2.100507 2.358010
v -3.622002 -2.040598 3.174798
v 0.100420 7.457526 2.839760
v -2.976645 -2.028391 3.715196
v -2.146941 -1.986170 3.908908
v -1.358133 -1.944821 4.076337
v -4.357062 -3.100855 1.710876
v -4.138455 -3.086203 2.490619
v -3.625090 -3.094445 3.156544
v 2.523495 5.673550 3.481479
v -2.884027 -3.085656 3.571965
v -2.075329 -3.059832 3.796096
v -1.310522 -3.033816 4.021509
v -4.384684 -4.126669 1.736098
v -3.991541 -4.136193 2.427961
v -3.545592 -4.160687 3.118326
v -5.651172 8.112223 0.458647
v -2.826444 -4.162004 3.532006
v -2.018627 -4.144386 3.715238
v -1.280489 -4.123062 3.988263
v -4.360304 -5.149701 1.760274
v -3.972229 -5.172053 2.439642
v -3.491305 -5.205904 3.079370
v -5.260929 7.246201 1.329581
v -2.786121 -5.225770 3.443636
v -2.051209 -5.206333 3.765363
v -1.403930 -5.163422 4.209590
v -4.647951 -6.093226 1.944719
v -4.234968 -6.154147 2.622827
v -3.630309 -6.207492 3.179688
v 3.379627 5.556857 3.214448
v -2.953600 -6.212142 3.651078
v -2.261167 -6.200799 4.101038
v -1.506389 -6.210233 4.318326
v -4.699159 -7.050715 1.979398
v -4.148295 -7.116360 2.485615
v -3.576298 -7.169140 3.054468
v -4.653248 8.470872 0.397272
v -2.939527 -7.216218 3.586931
v -2.259595 -7.267110 4.049436
v -1.497236 -7.271801 4.272676
v -4.781963 -7.968533 1.903746
v -4.364928 -7.988548 2.551462
v -3.708742 -8.045455 3.036402
v -4.365744 7.602866 1.403100
v -2.960402 -8.132324 3.400389
v -2.172211 -8.181696 3.651973
v -1.424007 -8.200849 3.867124
v -4.801845 -8.829374 1.819877
v -4.424808 -8.839523 2.490386
v -3.826254 -8.884219 3.062200
v 2.556219 8.148641 1.553254
v -3.061184 -8.962994 3.469906
v -2.268165 -9.038972 3.789267
v -1.497828 -9.104473 4.028296
v -2.279878 -9.617163 -3.088526
v -1.468192 -9.719702 -3.222662
v -3.661937 8.677781 0.306974
v 8.124962 4.325898 0.031400
v 4.176970 5.339603 2.860248
v 4.847229 5.066845 2.426457
v 8.020349 4.728385 -0.020001
v -6.491368 7.640461 0.478498
v -6.015172 6.818118 1.258944
v -4.188570 -9.522592 -1.592796
v -5.429864 5.801968 1.566872
v -3.640161 -9.542486 -2.226727
v -5.190961 4.865445 2.007854
v -5.048875 3.981081 1.993609
v -2.980174 -9.564231 -2.776552
v -4.870560 3.045276 1.349901
v -4.938426 2.660261 0.491685
v -4.916933 2.458561 -0.133727
v 0.862403 6.635014 3.187293
v -4.622753 -9.495964 -0.928348
v -0.730015 3.356835 4.406613
v 0.066731 3.323647 4.400327
v -1.555678 3.374959 4.401268
v -2.421100 3.334894 4.270070
v -3.282819 3.226857 3.930407
v -3.399267 7.878223 1.440480
v -4.034496 3.086442 3.317039
v -4.587981 2.996681 2.447576
v -0.720084 4.451869 4.172810
v 0.074793 4.404244 4.176824
v -1.541584 4.509425 4.168582
v -2.404428 4.502586 4.037672
v -3.266659 4.402821 3.749748
v -4.061844 4.246410 3.295888
v -4.678051 4.085450 2.657242
v -0.695463 5.566413 3.676230
v 0.084923 5.532562 3.689008
v -1.500047 5.634051 3.632018
v -2.350235 5.683848 3.483197
v -3.208656 5.581232 3.219841
v -2.340276 8.162871 1.563380
v -4.022163 5.386702 2.886135
v -4.710444 5.140611 2.471929
v -0.673971 6.635993 3.190630
v 0.093896 6.578619 3.225728
v -1.475212 6.764932 3.051476
v -2.343623 6.926915 2.751687
v -3.251121 6.785487 2.478378
v -3.116300 -9.749561 3.339386
v -4.115159 6.514961 2.229626
v -4.834768 6.163080 1.880780
v 1.665226 6.759788 3.045209
v -2.829294 8.976344 0.306015
v -3.929172 -9.631030 3.031317
v 5.598909 5.739511 1.553239
v -2.267737 -9.847229 3.514656
v 5.303889 4.780315 1.951997
v 5.197721 3.897199 2.035634
v 0.679574 -9.973729 3.839474
v 5.003400 2.937749 1.350340
v -4.507629 -9.549594 2.473604
v 5.112599 2.500664 0.486408
v 3.066598 8.962699 0.305321
v 0.863813 3.357497 4.408347
v 4.708599 -0.239255 0.830510
v 4.993954 0.697358 0.798822
v 5.048056 1.620993 0.682611
v 0.832680 1.334160 4.475570
v 0.846514 2.344909 4.419978
v 4.550961 -1.239380 0.915291
v 0.820056 0.272295 4.556548
v 4.383940 -2.194588 0.979595
v 0.805465 -0.812345 4.635780
v 4.794472 -3.054193 1.115975
v 0.792463 -1.905409 4.704835
v 4.559690 -3.999535 1.083810
v 0.779886 -3.003845 4.770902
v 4.686255 -4.959085 1.187461
v 0.760123 -4.106605 4.759464
v 4.967749 -5.819264 1.279208
v 0.677198 -5.108049 4.376307
v 4.857784 -6.799471 1.236369
v 0.663310 -6.132291 4.225406
v 5.044699 -7.821956 1.249976
v 0.703760 -7.199958 4.314922
v 5.085952 -8.825747 1.265969
v 0.677986 -8.225626 4.074051
v 7.692914 5.074006 0.588857
v 0.684756 -9.190469 4.139188
v 4.305800 -1.202084 1.624122
v 4.443645 -0.191332 1.560077
v 4.087484 -0.127372 2.323417
v 3.627697 -0.034443 3.069568
v 1.636388 7.719098 2.408539
v 3.161318 0.061731 3.822741
v 2.399829 0.136549 4.229593
v 1.591952 0.208215 4.413705
v 4.712891 0.766478 1.563929
v 4.293491 0.858579 2.327222
v 3.701388 0.980779 3.019267
v 7.855373 5.105336 0.275669
v 3.129391 1.098670 3.705640
v 2.441059 1.188709 4.237120
v 1.620551 1.263127 4.392050
v 1.647099 2.305610 4.374616
v 2.472349 2.237977 4.204654
v 3.228806 2.129183 3.751963
v 0.854175 7.513302 2.749528
v 3.912499 1.990117 3.131928
v 4.403092 1.873134 2.310266
v 4.811825 1.765718 1.478529
v 3.956442 -1.138270 2.376832
v 3.646393 -1.061320 3.180098
v 3.143425 -0.993087 3.880009
v 2.329977 -0.921538 4.175679
v 1.564005 -0.859475 4.461506
v 4.242204 -2.149583 1.687215
v 4.092965 -2.101323 2.489878
v 3.746800 -2.096989 3.280601
v 3.030065 -2.048208 3.803329
v 2.282373 -1.985276 4.205828
v 1.547078 -1.935814 4.554229
v 4.466443 -3.036472 1.760476
v 3.940380 -3.009409 2.363309
v 3.369705 -3.022184 2.977925
v 2.536681 6.914069 2.743336
v 2.789343 -3.048223 3.595381
v 2.179576 -3.044108 4.166879
v 1.531045 -3.022053 4.636920
v 4.372943 -3.965970 1.751227
v 3.915214 -3.955145 2.381596
v 3.338945 -3.977821 2.960750
v 5.881824 8.063096 0.470117
v 2.756909 -4.008862 3.564591
v 2.150021 -4.058838 4.117904
v 1.507545 -4.106489 4.588149
v 4.496810 -4.944930 1.868327
v 4.193013 -4.900226 2.588260
v 3.628983 -4.936590 3.191175
v 5.468480 7.199062 1.333755
v 2.894568 -4.999435 3.591222
v 2.132412 -5.037258 3.900254
v 1.388023 -5.062788 4.159739
v 4.763192 -5.870847 1.967016
v 4.243950 -5.905677 2.574343
v 3.603145 -5.948751 3.078264
v 3.443640 6.761302 2.472291
v 2.860804 -6.011287 3.437160
v 2.128036 -6.061425 3.802953
v 1.395763 -6.097520 4.091758
v 4.638112 -6.872413 1.890216
v 4.246109 -6.923335 2.568760
v 3.697883 -6.984509 3.176656
v 4.893318 8.454190 0.413813
v 2.968284 -7.056151 3.594496
v 2.196317 -7.120041 3.907137
v 1.441429 -7.166549 4.157145
v 4.800378 -7.879694 1.911315
v 4.309666 -7.908331 2.522063
v 3.639142 -7.960620 2.978582
v 4.580270 7.572525 1.406598
v 2.888458 -8.050225 3.324138
v 2.123393 -8.130512 3.637470
v 1.389233 -8.187900 3.903357
v 4.865584 -8.872869 1.943754
v 4.439944 -8.863108 2.596014
v 3.785736 -8.894323 3.108173
v 7.469005 5.033383 0.836312
v 2.991339 -8.988050 3.446790
v 2.191016 -9.081544 3.727423
v 1.424406 -9.148556 3.968554
v 7.224719 5.007489 1.017803
v 6.792374 4.972437 -2.256047
v 7.928444 5.107258 -0.074870
v 3.899282 8.662264 0.316949
v -4.832436 -9.506492 1.791522
v 7.850284 5.467926 -0.129487
v 7.782516 5.819473 -0.178779
v 4.303202 6.480185 2.222301
v 5.010623 6.114079 1.864042
v 2.233200 -9.928534 3.558656
v 6.707759 7.565490 0.482746
v 7.587571 6.322809 -1.078349
v 6.209141 6.748912 1.257077
v 0.463169 1.212787 -3.658277
v 0.454525 0.665249 -3.655153
v 0.874655 1.210454 -3.728145
v 0.470930 1.768506 -3.662634
v 0.053367 1.215792 -3.648083
v 0.535010 -9.343428 -3.124433
v 0.527433 -9.961665 -3.288508
v 0.919836 -9.360063 -3.128777
v 0.543060 -8.999788 -3.002584
v 0.177045 -9.316047 -3.118777
v 0.444375 0.122987 -3.652426
v 0.433244 -0.415404 -3.648083
v 0.852901 0.117134 -3.711877
v 0.036241 0.127777 -3.651773
v 0.421547 -0.951101 -3.643176
v 0.409323 -1.485447 -3.635016
v 0.828083 -0.958849 -3.690137
v 0.015351 -0.945584 -3.649007
v 0.396570 -2.019668 -3.622719
v 0.383673 -2.554031 -3.602340
v 0.801798 -2.028363 -3.652391
v -0.007577 -2.013959 -3.631403
v 0.370711 -3.088418 -3.566205
v 0.356543 -3.621365 -3.501945
v 0.774516 -3.095697 -3.566785
v -0.031688 -3.083327 -3.580375
v 0.339426 -4.149368 -3.396057
v 0.317834 -4.663167 -3.240179
v 0.741654 -4.152347 -3.369884
v -0.062423 -4.146008 -3.419629
v 0.291827 -5.146367 -3.023950
v 0.260652 -5.580683 -2.724267
v 0.689698 -5.137037 -2.982759
v -0.108015 -5.143104 -3.042541
v 0.235851 -5.999867 -2.411839
v 0.273112 -6.422752 -2.400461
v 0.616539 -5.963764 -2.343502
v -0.148974 -6.009815 -2.461380
v 0.367543 -6.736371 -2.725439
v 0.458204 -7.119853 -2.988605
v 0.751042 -6.744955 -2.622133
v -0.014001 -6.728561 -2.811393
v 0.523301 -7.592943 -2.839628
v 0.560138 -8.060380 -2.686168
v 0.907050 -7.583218 -2.911797
v 0.153128 -7.576847 -2.731133
v 0.558664 -8.539630 -2.800401
v 0.936925 -8.546230 -2.830756
v 0.195662 -8.514977 -2.790739
v 5.189962 1.065467 -0.372903
v 5.198569 0.623526 -0.302939
v 5.173090 1.098235 0.025099
v 5.136049 1.456269 -0.449801
v 5.183660 1.053025 -0.734233
v 5.163188 -9.106180 0.264084
v 5.168290 -9.764477 0.287405
v 5.185138 -9.098206 0.615919
v 5.147795 -8.736845 0.255444
v 5.115423 -9.127981 -0.054865
v 5.086909 0.155813 -0.255441
v 4.966474 -0.321558 -0.215239
v 5.057222 0.190864 0.119592
v 5.071381 0.123591 -0.606261
v 4.860746 -0.808884 -0.170002
v 4.716101 -1.293650 -0.124817
v 4.826358 -0.765536 0.198181
v 4.848871 -0.850871 -0.517225
v 4.572927 -1.773043 -0.080959
v 4.525607 -2.231510 -0.028246
v 4.536061 -1.733546 0.277950
v 4.585366 -1.819162 -0.418406
v 4.659718 -2.662910 0.032984
v 4.729062 -3.112452 0.090936
v 4.636340 -2.624677 0.388225
v 4.671477 -2.724914 -0.298754
v 4.772115 -3.585428 0.110458
v 4.789283 -4.076142 0.116583
v 4.894535 -3.554524 0.449040
v 4.621135 -3.636206 -0.178879
v 4.643991 -4.560984 0.150869
v 4.708304 -4.989971 0.195634
v 4.636302 -4.521048 0.486277
v 4.652040 -4.599649 -0.165516
v 5.012461 -5.328277 0.234460
v 5.095063 -5.754427 0.274790
v 4.976717 -5.325459 0.594657
v 5.029541 -5.356071 -0.100130
v 4.936247 -6.213881 0.298861
v 4.960281 -6.697591 0.282825
v 4.952744 -6.218765 0.629287
v 4.893884 -6.233278 -0.003042
v 5.015166 -7.200948 0.263663
v 5.068367 -7.719299 0.253177
v 5.019592 -7.213908 0.609427
v 4.965915 -7.205682 -0.057788
v 5.114681 -8.242241 0.250509
v 5.141982 -8.254183 0.599929
v 5.066010 -8.251018 -0.068282
v 5.173788 1.056287 -1.128912
v 5.093515 1.508003 -1.190958
v 5.085330 1.069808 -1.526959
v 5.113843 0.584402 -1.055470
v 5.031163 -9.161506 -0.397583
v 5.020047 -8.780705 -0.407670
v 4.881896 -9.197978 -0.735103
v 5.022838 -9.832198 -0.370281
v 4.993750 0.098586 -0.995698
v 4.841156 0.087373 -1.383685
v 4.888167 -0.395261 -0.949566
v 4.780876 -0.888668 -0.902855
v 4.660689 -0.917925 -1.291487
v 4.662553 -1.379353 -0.850752
v 4.560022 -1.868658 -0.795035
v 4.518036 -1.920865 -1.182765
v 4.554976 -2.351285 -0.735885
v 4.612380 -2.813429 -0.659937
v 4.450198 -2.889832 -1.009789
v 4.475645 -3.246958 -0.540186
v 4.445178 -3.700425 -0.488837
v 4.271495 -3.762594 -0.810087
v 4.629021 -4.153560 -0.541997
v 4.616983 -4.635506 -0.516201
v 4.546335 -4.671353 -0.869847
v 4.712551 -5.062449 -0.483803
v 4.983613 -5.421537 -0.459130
v 4.763112 -5.506477 -0.757450
v 5.032835 -5.847773 -0.406415
v 4.829257 -6.279571 -0.340187
v 4.748253 -6.335105 -0.699938
v 4.780065 -6.736474 -0.361274
v 4.857720 -7.224357 -0.402544
v 4.698966 -7.255627 -0.738214
v 4.926059 -7.746058 -0.413119
v 4.983727 -8.276504 -0.413734
v 4.837585 -8.311378 -0.752516
v 4.880792 1.094013 -1.903447
v 5.008540 1.605545 -2.004966
v 4.610178 1.123212 -2.252287
v 4.740377 0.592683 -1.815871
v 4.334027 1.139296 -2.597078
v 4.437133 1.670651 -2.697496
v 4.049589 1.143510 -2.940429
v 4.272640 0.601359 -2.545580
v 3.718690 1.150864 -3.234346
v 3.768216 1.702776 -3.299076
v 3.343719 1.163569 -3.460580
v 3.665002 0.606736 -3.167913
v 4.236301 7.023042 -2.961179
v 4.319710 7.570310 -2.544816
v 3.772707 7.119407 -2.977090
v 4.160428 6.447482 -3.310726
v 4.686977 6.903770 -2.934577
v 2.951276 1.175224 -3.648695
v 2.985573 1.731894 -3.703025
v 2.548011 1.184189 -3.804736
v 2.913352 0.627777 -3.589684
v 2.128502 1.192861 -3.889686
v 2.144750 1.754401 -3.898957
v 1.703244 1.200534 -3.886337
v 2.111894 0.639696 -3.873440
v 1.285673 1.206415 -3.818483
v 1.298362 1.766144 -3.823358
v 1.272893 0.654805 -3.810693
v 4.690719 -9.229951 -1.071815
v 4.681913 -8.847707 -1.079976
v 4.464121 -9.258037 -1.404286
v 4.684965 -9.903629 -1.053906
v 4.211028 -9.284257 -1.732529
v 4.185818 -8.901649 -1.721946
v 3.926414 -9.307775 -2.050078
v 4.235808 -9.961425 -1.741825
v 3.616338 -9.326527 -2.354126
v 3.581569 -8.950777 -2.318049
v 3.291017 -9.341515 -2.620203
v 3.672226 -9.992793 -2.409662
v 3.196200 5.975245 -3.631563
v 3.652236 5.924636 -3.621902
v 3.244519 6.591975 -3.350026
v 2.738029 5.993606 -3.601450
v 3.155465 5.337961 -3.796081
v 2.959986 -9.353694 -2.826707
v 2.923285 -8.987759 -2.764809
v 2.607277 -9.362998 -2.974872
v 3.018533 -10.007023 -2.921937
v 2.217522 -9.368493 -3.074911
v 2.188547 -9.009548 -2.986546
v 1.793018 -9.370494 -3.126565
v 2.267870 -10.010367 -3.210882
v 1.348293 -9.368759 -3.134780
v 1.341715 -9.016836 -3.023980
v 1.367816 -9.999525 -3.293647
v 4.639784 0.084078 -1.757140
v 4.440281 0.077002 -2.133215
v 4.569294 -0.430090 -1.715842
v 4.230664 0.065813 -2.508989
v 3.949986 0.062431 -2.835825
v 4.189543 -0.465857 -2.470146
v 3.599746 0.072383 -3.087071
v 3.232200 0.084399 -3.303534
v 3.522334 -0.451944 -2.990342
v 4.098590 5.844500 -3.572321
v 4.527238 5.739078 -3.490870
v 4.047601 5.219385 -3.717408
v 2.872158 0.088382 -3.526349
v 2.499339 0.088986 -3.728973
v 2.829219 -0.444700 -3.459747
v 2.094782 0.093245 -3.851101
v 1.673973 0.100959 -3.864316
v 2.077395 -0.447972 -3.820303
v 1.259857 0.109479 -3.799326
v 1.246685 -0.431221 -3.783679
v 4.527749 -0.947014 -1.682008
v 4.372519 -0.976023 -2.070880
v 4.486050 -1.461311 -1.636840
v 4.129765 -0.991103 -2.410656
v 3.794917 -0.982848 -2.664431
v 4.040707 -1.504738 -2.316864
v 3.433196 -0.966617 -2.878605
v 3.097227 -0.963187 -3.118519
v 3.336772 -1.473848 -2.757842
v 4.932777 5.610182 -3.382290
v 5.302991 5.462607 -3.248193
v 5.014940 6.197903 -3.187723
v 4.855265 5.008719 -3.438489
v 2.785469 -0.972920 -3.389416
v 2.449570 -0.983569 -3.634514
v 2.743627 -1.497894 -3.317469
v 2.060202 -0.985274 -3.781242
v 1.645041 -0.978918 -3.812381
v 2.043823 -1.520016 -3.734992
v 1.233547 -0.968885 -3.763232
v 1.220538 -1.504574 -3.734940
v 4.447539 -1.974927 -1.577574
v 4.243000 -2.006243 -1.925769
v 4.377740 -2.478198 -1.483749
v 3.917977 -1.999729 -2.180738
v 3.568871 -1.982573 -2.399181
v 3.774267 -2.480503 -2.020358
v 3.242553 -1.978680 -2.640378
v 2.963236 -1.994957 -2.930860
v 3.163322 -2.486508 -2.537429
v 5.578657 5.307460 -3.033784
v 5.805010 5.157597 -2.843529
v 5.737373 5.851582 -2.965889
v 5.448002 4.760152 -2.988911
v 2.708783 -2.021494 -3.248651
v 2.405530 -2.044039 -3.520962
v 2.689122 -2.544867 -3.189491
v 2.026980 -2.052739 -3.677107
v 1.616772 -2.048852 -3.719102
v 2.009866 -2.583404 -3.605427
v 1.207527 -2.039106 -3.696121
v 1.193997 -2.572324 -3.642284
v 4.206856 -2.929712 -1.322347
v 3.927938 -2.947082 -1.602381
v 4.059997 -3.365340 -1.172042
v 3.637707 -2.959629 -1.869567
v 3.360649 -2.976475 -2.150639
v 3.571363 -3.444301 -1.771312
v 3.120778 -3.001565 -2.465343
v 2.916417 -3.033694 -2.810238
v 3.151188 -3.515273 -2.442052
v 6.206195 7.317960 -1.983769
v 6.526837 7.090476 -1.929093
v 6.346846 7.681296 -1.527414
v 5.801228 7.544092 -2.026711
v 6.051552 6.874342 -2.406394
v 2.694694 -3.070447 -3.148603
v 2.380888 -3.100755 -3.396605
v 2.716767 -3.598098 -3.112808
v 1.992876 -3.112189 -3.517499
v 1.585250 -3.110203 -3.558911
v 1.972297 -3.636003 -3.398244
v 1.179315 -3.103539 -3.568552
v 1.162832 -3.631217 -3.468488
v 4.073080 -3.822778 -1.124444
v 3.863960 -3.876825 -1.443227
v 4.312022 -4.250775 -1.221405
v 3.660235 -3.923190 -1.777230
v 3.468679 -3.967665 -2.126026
v 3.893508 -4.364593 -1.873745
v 3.277998 -4.019723 -2.477620
v 3.045816 -4.078318 -2.799430
v 3.407788 -4.515739 -2.481536
v 5.541467 8.388083 -1.126809
v 5.056824 8.617819 -1.157858
v 5.456131 8.128503 -1.580143
v 6.006158 8.141357 -1.095548
v 2.727064 -4.126922 -3.033898
v 2.346076 -4.148128 -3.166788
v 2.701951 -4.620584 -2.850828
v 1.947042 -4.153058 -3.243085
v 1.545216 -4.154058 -3.296451
v 1.913959 -4.646996 -3.042113
v 1.143765 -4.153910 -3.337800
v 1.119919 -4.661419 -3.168459
v 4.459540 -4.709515 -1.234146
v 4.309196 -4.753548 -1.593492
v 4.559471 -5.154086 -1.178559
v 4.055237 -4.808517 -1.885906
v 3.744092 -4.871939 -2.110270
v 4.004747 -5.197170 -1.649364
v 3.392896 -4.928432 -2.278402
v 3.011230 -4.962644 -2.408021
v 3.266212 -5.180601 -1.892655
v 5.351464 7.747867 -2.056427
v 4.881424 7.927843 -2.076675
v 5.239328 7.283350 -2.512285
v 2.621133 -4.984271 -2.517224
v 2.236455 -5.014990 -2.627506
v 2.518498 -5.234714 -2.129371
v 1.854321 -5.051408 -2.735724
v 1.471130 -5.086632 -2.834980
v 1.771441 -5.354471 -2.350070
v 1.083607 -5.116384 -2.919266
v 1.024560 -5.489822 -2.562809
v 4.474204 -5.549622 -0.973488
v 4.190886 -5.565170 -1.167204
v 4.554770 -5.951293 -0.963427
v 3.900234 -5.571683 -1.370079
v 3.580742 -5.572500 -1.561103
v 3.936710 -5.997326 -1.381505
v 3.246287 -5.584707 -1.746184
v 2.893242 -5.614699 -1.904778
v 3.295205 -6.061404 -1.787588
v 4.560436 8.802851 -1.176201
v 4.076139 8.981573 -1.190514
v 4.492420 8.526258 -1.630629
v 4.583072 8.920571 -0.665920
v 2.521088 -5.659915 -2.014507
v 2.141534 -5.717855 -2.090802
v 2.578585 -6.151046 -2.058100
v 1.759800 -5.781303 -2.149230
v 1.377868 -5.847158 -2.206358
v 1.816394 -6.266470 -2.173512
v 0.997400 -5.911079 -2.276002
v 1.043210 -6.370928 -2.258219
v 4.622252 -6.363212 -1.056288
v 4.379589 -6.370842 -1.345509
v 4.506795 -6.806449 -1.049461
v 4.048615 -6.405889 -1.558365
v 3.700858 -6.465966 -1.733549
v 4.128458 -6.849535 -1.710096
v 3.364557 -6.520770 -1.906396
v 3.019076 -6.568167 -2.062341
v 3.508309 -6.924229 -2.189815
v 4.405774 8.087919 -2.091891
v 3.925628 8.240561 -2.111929
v 2.657169 -6.614577 -2.184627
v 2.283572 -6.661264 -2.274694
v 2.787032 -6.993677 -2.513622
v 1.904342 -6.702586 -2.348439
v 1.521337 -6.731257 -2.425939
v 2.023064 -7.037204 -2.741341
v 1.136108 -6.745781 -2.517756
v 1.241308 -7.073190 -2.911304
v 4.509655 -7.293897 -1.060326
v 4.301034 -7.330495 -1.372558
v 4.589688 -7.814293 -1.080263
v 4.083225 -7.362074 -1.687535
v 3.832281 -7.392920 -1.990212
v 4.096431 -7.882642 -1.681910
v 3.539318 -7.422164 -2.261725
v 3.217408 -7.444404 -2.500030
v 3.522947 -7.937742 -2.246078
v 5.895568 6.381898 -2.748044
v 5.529423 6.584610 -2.831270
v 6.199290 6.180963 -2.668143
v 2.871456 -7.459661 -2.700102
v 2.496509 -7.476702 -2.845952
v 2.882700 -7.974100 -2.705232
v 2.101852 -7.499719 -2.932631
v 1.701153 -7.529315 -2.964953
v 2.132657 -8.011674 -2.883924
v 1.301311 -7.559686 -2.954571
v 1.332272 -8.049158 -2.818299
v 4.646529 -8.343982 -1.083411
v 4.410479 -8.373996 -1.399146
v 4.144041 -8.402555 -1.703697
v 3.854582 -8.429403 -1.998145
v 3.542413 -8.454414 -2.272832
v 3.218160 -8.476742 -2.513097
v 5.121089 6.759529 -2.893584
v 2.888516 -8.495566 -2.704243
v 2.537817 -8.511719 -2.830590
v 2.156962 -8.525288 -2.886940
v 1.754496 -8.535215 -2.895735
v 1.340719 -8.542396 -2.873179
v 6.992715 7.480563 -1.012258
v 6.783591 7.672593 -1.045385
v 6.889775 7.264591 -1.447500
v 7.541112 6.130558 -1.328835
v 7.060045 7.597567 -0.531209
v 6.737421 6.911813 -1.881738
v 6.574845 6.483245 -2.282382
v 7.388746 6.558126 0.444889
v 6.418134 6.021479 -2.611084
v 6.209267 5.521587 -2.736379
v 7.483199 6.470742 0.322109
v 5.984749 5.040033 -2.698859
v 5.760066 4.604792 -2.540816
v 7.562475 6.327471 0.236621
v 5.552350 4.225132 -2.320113
v 5.469310 4.193666 -2.533762
v 5.404462 3.844365 -2.095887
v 7.459907 5.793366 -1.556772
v 5.294454 3.450711 -1.832040
v 5.292754 3.241407 -2.068479
v 5.137126 3.100718 -1.519210
v 5.139868 2.484205 -1.615771
v 4.988848 2.822196 -1.184789
v 4.994691 2.412105 -1.244681
v 4.956706 2.638575 -0.839727
v 5.185343 2.139184 -1.664429
v 4.959087 2.563891 -0.529018
v 4.974577 2.195061 -0.523427
v 5.047449 2.578288 -0.206266
v 5.124475 2.791001 -1.538654
v 6.440298 7.904643 -1.072381
v 6.492960 8.026443 -0.573704
v 5.060537 1.822463 -0.501283
v 5.014115 1.851446 -0.852929
v 5.092682 1.851019 -0.118581
v 5.023032 1.953238 -1.239810
v 5.056046 2.091168 -1.642771
v 0.478230 2.335375 -3.673351
v 0.893064 2.336528 -3.752371
v 0.485450 2.914531 -3.687666
v 0.067723 2.336501 -3.644504
v 1.311179 2.335821 -3.825896
v 1.733016 2.332462 -3.876974
v 1.324810 2.916538 -3.823293
v 2.160942 2.325782 -3.898221
v 2.591795 2.314407 -3.859960
v 2.177809 2.908063 -3.884270
v 3.016970 2.298808 -3.754336
v 3.431162 2.280111 -3.596396
v 3.045019 2.877034 -3.799752
v 3.610917 9.155536 -1.194400
v 3.196870 9.313322 -1.178728
v 3.516711 8.875589 -1.670166
v 3.666244 9.260404 -0.677787
v 3.817110 2.262200 -3.370188
v 4.181115 2.237994 -3.107185
v 3.872833 2.823780 -3.470538
v 4.567306 2.194412 -2.855237
v 4.886700 2.166220 -2.517110
v 4.669110 2.726666 -3.019323
v 5.017536 2.153844 -2.076061
v 5.053561 2.698394 -2.191187
v 0.493526 3.505958 -3.697008
v 0.913569 3.508018 -3.768563
v 0.502385 4.108373 -3.699152
v 0.081031 3.506484 -3.653945
v 1.340088 3.508525 -3.806137
v 1.766786 3.506512 -3.825146
v 1.355913 4.111502 -3.772657
v 2.196157 3.501861 -3.855862
v 2.632020 3.490196 -3.870110
v 2.216081 4.107581 -3.816752
v 3.070566 3.467961 -3.835489
v 3.505265 3.434524 -3.747920
v 3.095712 4.074242 -3.856946
v 5.373694 4.201257 -2.874993
v 5.103414 4.310155 -3.137339
v 5.288699 3.671840 -2.670094
v 3.930440 3.389642 -3.602718
v 4.348357 3.330946 -3.422988
v 3.971586 3.977717 -3.703285
v 4.706576 3.279217 -3.146541
v 4.940388 3.243360 -2.765939
v 4.727082 3.844285 -3.258687
v 5.173451 3.188796 -2.416953
v 0.511900 4.720047 -3.679099
v 0.938793 4.724048 -3.717698
v 0.520477 5.336558 -3.618195
v 0.092544 4.719132 -3.653116
v 1.370792 4.725677 -3.726207
v 1.802615 4.725992 -3.732173
v 1.383650 5.347646 -3.655582
v 2.237229 4.726348 -3.767882
v 2.677212 4.720767 -3.824770
v 2.259233 5.355753 -3.692627
v 3.122845 4.698993 -3.856083
v 3.568049 4.655860 -3.828097
v 2.901910 9.446821 -1.134088
v 2.653121 9.300506 -1.505902
v 3.019307 9.522085 -0.664083
v 4.004981 4.591217 -3.743405
v 4.417194 4.509882 -3.594667
v 4.779569 4.418685 -3.373722
v 0.525927 5.953585 -3.516690
v 0.956781 5.962612 -3.539347
v 0.528044 6.561950 -3.365161
v 0.100102 5.951303 -3.506397
v 1.393555 5.972504 -3.551029
v 1.834990 5.978596 -3.542276
v 1.399787 6.589728 -3.392000
v 2.283344 5.987899 -3.557396
v 2.309990 6.612258 -3.344096
v 0.526920 7.149920 -3.154104
v 0.956310 7.164062 -3.167019
v 0.522084 7.707396 -2.882209
v 0.105525 7.147058 -3.148639
v 1.400294 7.186880 -3.170429
v 1.860595 7.204998 -3.125972
v 1.391727 7.745734 -2.877961
v 2.336929 7.226211 -3.063879
v 2.820241 7.230848 -3.015390
v 2.362245 7.829062 -2.731720
v 3.299849 7.192577 -2.989840
v 3.362475 7.790960 -2.583997
v 3.433094 8.379628 -2.142297
v 2.916871 8.452871 -2.215446
v 2.240911 9.158267 -1.792369
v 1.772467 9.054821 -1.982062
v 2.350752 8.872313 -2.012548
v 1.320015 9.000323 -2.084798
v 0.895562 8.975451 -2.124420
v 1.348221 8.696884 -2.282378
v 0.497982 8.964795 -2.140095
v 0.114866 8.962482 -2.143600
v 0.504380 8.660342 -2.314839
v 0.513477 8.225246 -2.581157
v 0.111147 8.223431 -2.579930
v 0.929578 8.236731 -2.580478
v 1.373700 8.264501 -2.566105
v 1.857100 8.320683 -2.502164
v 2.380217 8.405514 -2.365812
v -0.352197 1.221550 -3.714959
v -0.345222 1.776930 -3.710953
v -0.763316 1.228307 -3.799160
v -0.360059 0.674350 -3.716303
v -0.180405 -9.274731 -3.108951
v -0.172601 -8.929223 -2.994161
v -0.563525 -9.221155 -3.094954
v -0.196541 -9.893930 -3.273219
v -0.368800 0.132320 -3.716070
v -0.780441 0.136831 -3.787088
v -0.378487 -0.405973 -3.712707
v -0.388978 -0.941628 -3.705928
v -0.800142 -0.937945 -3.761345
v -0.400017 -1.476063 -3.694426
v -0.411327 -2.010538 -3.676800
v -0.821104 -2.006988 -3.716372
v -0.422796 -2.545337 -3.651744
v -0.434775 -3.080269 -3.611849
v -0.841974 -3.076489 -3.636369
v -0.448307 -3.613715 -3.546067
v -0.464815 -4.142666 -3.441924
v -0.868107 -4.139382 -3.460647
v -0.485194 -4.655943 -3.281861
v -0.507994 -5.132179 -3.049911
v -0.906959 -5.121968 -3.059072
v -0.528296 -5.562592 -2.747200
v -0.537257 -5.992163 -2.483803
v -0.925824 -5.969079 -2.514220
v -0.489034 -6.405989 -2.560453
v -0.394794 -6.718903 -2.879957
v -0.779018 -6.719368 -2.915123
v -0.301661 -7.120959 -2.906948
v -0.204638 -7.536520 -2.615427
v -0.561653 -7.480998 -2.531199
v -0.173452 -8.001607 -2.592970
v -0.167536 -8.470715 -2.792907
v -0.547195 -8.412276 -2.798698
v -5.022228 1.213870 -0.384776
v -5.010479 1.195525 -0.748121
v -4.966442 1.665591 -0.418072
v -5.010054 1.244357 -0.003007
v -5.019017 0.747423 -0.349028
v -5.121883 -8.941756 0.076755
v -5.064374 -8.937397 -0.258018
v -5.014643 -8.667449 0.126534
v -5.170527 -8.961219 0.435763
v -4.993265 -9.452452 0.054363
v -4.948055 0.267623 -0.313788
v -4.930305 0.225505 -0.671503
v -4.900787 0.314001 0.060354
v -4.841135 -0.222562 -0.278587
v -4.725023 -0.718721 -0.243716
v -4.711681 -0.763946 -0.592970
v -4.696821 -0.677404 0.122290
v -4.610785 -1.218049 -0.209405
v -4.495547 -1.713194 -0.174750
v -4.472920 -1.752309 -0.515696
v -4.489689 -1.682129 0.185668
v -4.391367 -2.202610 -0.135230
v -4.388124 -2.693312 -0.087116
v -4.425902 -2.720456 -0.417506
v -4.362909 -2.672815 0.262951
v -4.580295 -3.155016 -0.023022
v -4.820424 -3.610513 0.047908
v -4.871466 -3.640177 -0.285950
v -4.757135 -3.596433 0.398852
v -4.974096 -4.101985 0.104089
v -5.011452 -4.612922 0.136652
v -5.044914 -4.645485 -0.194470
v -4.902194 -4.601464 0.477255
v -4.942379 -5.108555 0.159792
v -4.942950 -5.575117 0.212428
v -4.984822 -5.596872 -0.097525
v -4.873380 -5.563972 0.536535
v -5.059326 -5.995918 0.282836
v -4.815383 -6.334002 0.349528
v -4.772041 -6.322489 0.041938
v -4.830481 -6.359447 0.676667
v -4.770961 -6.731188 0.356337
v -4.859909 -7.189750 0.309228
v -4.802846 -7.163610 -0.007850
v -4.894140 -7.239107 0.647494
v -4.945474 -7.697433 0.240017
v -4.971996 -8.217636 0.180640
v -4.908533 -8.194906 -0.137315
v -5.026115 -8.258517 0.521315
v -4.986818 1.187319 -1.150095
v -4.944710 0.688205 -1.109034
v -4.910367 1.180609 -1.565971
v -4.931104 1.693018 -1.170678
v -4.960127 -8.942198 -0.610829
v -4.798428 -9.479295 -0.598539
v -4.789052 -8.947903 -0.953183
v -4.854468 -8.645320 -0.536809
v -4.847029 0.191788 -1.061525
v -4.741679 -0.306289 -1.016903
v -4.689762 0.172742 -1.447937
v -4.633497 -0.804986 -0.973839
v -4.519516 -1.301796 -0.930496
v -4.484093 -0.832469 -1.351393
v -4.411544 -1.796412 -0.888366
v -4.367300 -2.284808 -0.841369
v -4.346606 -1.837762 -1.267547
v -4.498691 -2.754249 -0.783822
v -4.727379 -3.212460 -0.718427
v -4.583520 -2.797116 -1.167446
v -4.867531 -3.698984 -0.650352
v -4.911115 -4.201233 -0.582058
v -4.751961 -3.779865 -1.000859
v -4.913543 -4.703961 -0.526374
v -4.985698 -5.183533 -0.510173
v -4.680080 -4.770322 -0.806353
v -4.969150 -5.624532 -0.453287
v -4.831330 -5.994581 -0.352933
v -4.862227 -5.657523 -0.820653
v -4.673304 -6.310433 -0.286071
v -4.677902 -6.694126 -0.304872
v -4.526778 -6.299425 -0.611401
v -4.714504 -7.150630 -0.353343
v -4.773062 -7.662046 -0.419795
v -4.574989 -7.144771 -0.697326
v -4.809811 -8.184743 -0.478256
v -4.653012 -8.180008 -0.813362
v -4.722498 1.178252 -1.963256
v -4.583771 0.672685 -1.877203
v -4.449665 1.189125 -2.320965
v -4.796619 1.714485 -2.021812
v -4.164779 1.197359 -2.659445
v -4.124940 0.665511 -2.607062
v -3.921097 1.188757 -3.023931
v -4.267759 1.726616 -2.761639
v -3.647685 1.173015 -3.373934
v -3.635301 0.626433 -3.316897
v -3.254065 1.175590 -3.554097
v -3.654712 1.727217 -3.419668
v -4.025974 7.049608 -2.956666
v -4.478528 6.933907 -2.932514
v -3.955884 6.476039 -3.308630
v -3.561079 7.143596 -2.970927
v -4.103192 7.596375 -2.542166
v -2.819515 1.206542 -3.540471
v -2.792674 0.667650 -3.421467
v -2.399330 1.235666 -3.509969
v -2.842638 1.756850 -3.649209
v -1.991878 1.245081 -3.572708
v -1.981619 0.699962 -3.514723
v -1.592921 1.240120 -3.712914
v -2.002187 1.798135 -3.634717
v -1.182674 1.234048 -3.812529
v -1.190469 0.684885 -3.800099
v -1.176263 1.791415 -3.822459
v -4.580460 -8.946315 -1.293728
v -4.417638 -9.510550 -1.260562
v -4.325425 -8.940186 -1.619272
v -4.487475 -8.635008 -1.199033
v -4.033914 -8.934939 -1.929346
v -3.928791 -9.533250 -1.913755
v -3.713654 -8.931043 -2.227069
v -3.956765 -8.614790 -1.820707
v -3.356567 -8.930298 -2.492653
v -3.321814 -9.550857 -2.526841
v -2.983968 -8.937757 -2.707196
v -3.305223 -8.603075 -2.380693
v -2.993667 5.998401 -3.624778
v -2.957005 5.362617 -3.792588
v -2.536684 6.014089 -3.592335
v -3.037753 6.613810 -3.341497
v -3.449998 5.951255 -3.619706
v -2.615551 -8.956959 -2.855484
v -2.635144 -9.586286 -2.956562
v -2.243178 -8.989271 -2.954313
v -2.583950 -8.618268 -2.750143
v -1.848177 -9.034981 -3.021000
v -1.891614 -9.661640 -3.176470
v -1.426819 -9.093520 -3.057343
v -1.820123 -8.688503 -2.916954
v -0.988019 -9.158677 -3.077975
v -1.020249 -9.784401 -3.245442
v -0.971391 -8.809788 -2.970359
v -4.477593 0.165243 -1.815148
v -4.396705 -0.346567 -1.769374
v -4.280488 0.154592 -2.185885
v -4.129141 0.131855 -2.582993
v -4.144641 -0.399880 -2.561135
v -3.938569 0.104349 -2.968439
v -3.610919 0.088746 -3.236211
v -3.575531 -0.439711 -3.129743
v -3.188769 0.104829 -3.312162
v -3.898175 5.875251 -3.575336
v -3.850461 5.252482 -3.726933
v -4.329001 5.776776 -3.499110
v -2.762655 0.138121 -3.296411
v -2.729912 -0.384870 -3.172146
v -2.355419 0.159834 -3.326941
v -1.972065 0.160864 -3.461289
v -1.963400 -0.373987 -3.411043
v -1.598604 0.150492 -3.654486
v -1.198988 0.141988 -3.784538
v -1.207491 -0.396617 -3.764428
v -4.335236 -0.857888 -1.729096
v -4.307975 -1.368466 -1.691910
v -4.255156 -0.889689 -2.126736
v -4.160686 -0.927827 -2.529526
v -4.171566 -1.450589 -2.480975
v -3.910167 -0.958531 -2.843855
v -3.528067 -0.958405 -2.995716
v -3.475100 -1.469669 -2.848000
v -3.107692 -0.930735 -3.026779
v -4.731022 5.658280 -3.390192
v -4.660961 5.060037 -3.462080
v -4.812989 6.239306 -3.192215
v -5.093414 5.517859 -3.256424
v -2.695461 -0.904619 -3.055755
v -2.659996 -1.423264 -2.948211
v -2.308875 -0.897278 -3.165203
v -1.954567 -0.905948 -3.361182
v -1.946276 -1.436082 -3.311812
v -1.601833 -0.920621 -3.582296
v -1.215695 -0.932269 -3.740227
v -1.223794 -1.466332 -3.711884
v -4.341491 -1.876215 -1.655322
v -4.461373 -2.373489 -1.613095
v -4.343981 -1.918952 -2.054233
v -4.164564 -1.966958 -2.398510
v -4.125077 -2.474880 -2.270168
v -3.817239 -1.987391 -2.600620
v -3.418380 -1.974752 -2.690992
v -3.359052 -2.476786 -2.533640
v -3.014352 -1.952058 -2.747566
v -5.420077 5.361313 -3.118443
v -5.282327 4.807677 -3.064154
v -5.555131 5.913725 -3.002614
v -5.664828 5.221381 -2.904056
v -2.623979 -1.941916 -2.847764
v -2.587692 -2.461360 -2.752769
v -2.264657 -1.948419 -3.023167
v -1.937912 -1.965002 -3.260409
v -1.928661 -2.493363 -3.205224
v -1.606317 -1.984304 -3.505290
v -1.232233 -1.999657 -3.680647
v -1.240709 -2.533045 -3.643331
v -4.561608 -2.865625 -1.546399
v -4.576326 -3.363948 -1.441693
v -4.374474 -2.934748 -1.873872
v -4.058108 -2.973282 -2.109775
v -3.978063 -3.464683 -1.936060
v -3.684201 -2.982585 -2.266272
v -3.298658 -2.978379 -2.382628
v -3.239781 -3.480731 -2.237593
v -2.917163 -2.974641 -2.501224
v -5.994759 7.367100 -1.989158
v -5.848296 6.925520 -2.412977
v -5.584232 7.583306 -2.031077
v -6.127443 7.730641 -1.533690
v -6.321927 7.149516 -1.934598
v -2.553629 -2.981297 -2.663603
v -2.537174 -3.501075 -2.594354
v -2.223047 -2.998210 -2.885278
v -1.923067 -3.020468 -3.152347
v -1.944740 -3.544222 -3.129906
v -1.618458 -3.045491 -3.424588
v -1.249490 -3.066450 -3.598756
v -1.259942 -3.598831 -3.540343
v -4.530734 -3.858372 -1.308575
v -4.454603 -4.343287 -1.161177
v -4.233905 -3.916574 -1.560499
v -3.895608 -3.950941 -1.762092
v -3.839090 -4.435643 -1.617433
v -3.543218 -3.971297 -1.938740
v -3.196739 -3.987813 -2.119791
v -3.227106 -4.491590 -2.091234
v -2.871901 -4.004600 -2.333620
v -5.313237 8.429266 -1.136929
v -5.356251 8.586997 -0.633276
v -5.778741 8.186146 -1.104174
v -5.230446 8.162136 -1.587970
v -4.825233 8.649131 -1.164824
v -2.573191 -4.020317 -2.587202
v -2.688540 -4.522418 -2.663768
v -2.294764 -4.038249 -2.871703
v -2.009204 -4.067082 -3.156790
v -2.080231 -4.590875 -3.169767
v -1.670195 -4.104569 -3.370556
v -1.274540 -4.130033 -3.454345
v -1.291352 -4.647010 -3.308977
v -4.424390 -4.830971 -1.064664
v -4.550835 -5.283023 -1.115877
v -4.155331 -4.882862 -1.324540
v -3.883648 -4.923222 -1.593229
v -4.041880 -5.363481 -1.699847
v -3.619676 -4.951708 -1.877319
v -3.367586 -4.970216 -2.180203
v -3.536299 -5.429517 -2.307441
v -3.113121 -4.984220 -2.485915
v -5.131290 7.779139 -2.059215
v -5.025911 7.315512 -2.512410
v -4.660362 7.956018 -2.079474
v -2.827926 -5.007596 -2.757951
v -2.882086 -5.489192 -2.734146
v -2.493769 -5.047779 -2.959175
v -2.113260 -5.088600 -3.063070
v -2.105911 -5.522767 -2.802356
v -1.710595 -5.108967 -3.083946
v -1.307145 -5.115868 -3.073195
v -1.318608 -5.527913 -2.761632
v -4.647077 -5.682816 -1.150115
v -4.477538 -6.000180 -1.011299
v -4.399952 -5.712269 -1.459805
v -4.141903 -5.755814 -1.758366
v -3.981533 -6.056748 -1.600708
v -3.869076 -5.809157 -2.042977
v -3.572365 -5.866972 -2.305102
v -3.362789 -6.150372 -2.056129
v -3.243373 -5.931974 -2.529090
v -4.329258 8.833139 -1.181002
v -4.265511 8.555588 -1.636962
v -3.844673 9.011912 -1.191505
v -2.847461 -5.954686 -2.614681
v -2.775107 -6.352203 -2.544353
v -2.460339 -5.960921 -2.631494
v -2.083614 -5.956454 -2.621691
v -2.025797 -6.387339 -2.734390
v -1.701285 -5.946487 -2.586509
v -1.314823 -5.950990 -2.546516
v -1.255752 -6.371226 -2.702310
v -4.333363 -6.294443 -0.922806
v -4.356469 -6.678918 -0.970600
v -4.089279 -6.296221 -1.205508
v -3.818120 -6.313070 -1.466761
v -3.826774 -6.682430 -1.523033
v -3.513610 -6.333489 -1.690431
v -3.190325 -6.355375 -1.875540
v -3.167405 -6.707870 -1.926347
v -2.878636 -6.397699 -2.058398
v -4.183777 8.115338 -2.094122
v -3.702587 8.268740 -2.113652
v -2.540084 -6.430007 -2.198123
v -2.448791 -6.751242 -2.179233
v -2.198336 -6.493665 -2.330725
v -1.856683 -6.599003 -2.501626
v -1.705759 -6.843400 -2.337565
v -1.521827 -6.720784 -2.750442
v -1.158647 -6.735000 -2.883318
v -0.994037 -7.012550 -2.602526
v -4.381856 -7.139005 -1.024173
v -4.419128 -7.650114 -1.084872
v -4.136826 -7.134100 -1.323225
v -3.851957 -7.131291 -1.593860
v -3.886972 -7.635062 -1.668709
v -3.533545 -7.131526 -1.831742
v -3.187959 -7.136180 -2.031374
v -3.229450 -7.628473 -2.149017
v -2.826051 -7.147598 -2.191885
v -5.701530 6.440015 -2.763069
v -6.019423 6.252545 -2.684633
v -5.326423 6.629673 -2.837671
v -2.452825 -7.169555 -2.300832
v -2.498165 -7.651221 -2.453449
v -2.072920 -7.202045 -2.373008
v -1.685959 -7.247128 -2.418514
v -1.731368 -7.728606 -2.587126
v -1.299092 -7.314007 -2.444914
v -0.923809 -7.401074 -2.474679
v -0.936917 -7.870033 -2.601999
v -4.452445 -8.169878 -1.140557
v -4.202506 -8.158287 -1.448194
v -3.922045 -8.148458 -1.744112
v -3.613182 -8.140079 -2.024625
v -3.270284 -8.135352 -2.269925
v -2.908211 -8.138209 -2.465261
v -4.914944 6.795507 -2.895058
v -2.544687 -8.150856 -2.608859
v -2.171559 -8.177590 -2.705147
v -1.779253 -8.220926 -2.762844
v -1.370466 -8.278654 -2.790830
v -0.953343 -8.345501 -2.800144
v -6.782812 7.551342 -1.015884
v -6.829985 7.660628 -0.529135
v -6.686059 7.332266 -1.453743
v -6.562360 7.734719 -1.049196
v -6.540782 6.977109 -1.886143
v -6.388423 6.550801 -2.282829
v -6.249846 6.099163 -2.610717
v -6.057994 5.607441 -2.742151
v -5.853456 5.125468 -2.734093
v -5.657288 4.685502 -2.614154
v -5.491458 4.293284 -2.407290
v -5.384190 3.916988 -2.150370
v -5.406286 4.217257 -2.653701
v -5.226062 3.580463 -1.853797
v -5.021624 3.280270 -1.526824
v -5.128439 3.384015 -2.060482
v -4.836187 3.062124 -1.175017
v -4.785670 2.928864 -0.820262
v -4.784452 2.667811 -1.190943
v -4.799277 2.851662 -0.508168
v -4.853820 2.819021 -0.184271
v -4.806592 2.488037 -0.469422
v -6.213985 7.955191 -1.077562
v -6.258185 8.079459 -0.582251
v -4.858831 2.087814 -0.441668
v -4.934586 2.076273 -0.084969
v -4.820712 2.129546 -0.788574
v -4.827339 2.191569 -1.183703
v -4.906213 2.249192 -1.623995
v -0.339085 2.343358 -3.704969
v -0.334071 2.921796 -3.699163
v -0.750792 2.352458 -3.798414
v -1.171914 2.358892 -3.830984
v -1.170384 2.937948 -3.829662
v -1.592245 2.362154 -3.773168
v -2.011387 2.361469 -3.695792
v -2.020059 2.937284 -3.749007
v -2.432356 2.348776 -3.684871
v -2.861231 2.320909 -3.740196
v -2.877242 2.899593 -3.809263
v -3.298370 2.294250 -3.716989
v -3.378501 9.184802 -1.191563
v -3.429225 9.278131 -0.676813
v -3.287309 8.904988 -1.670236
v -2.962601 9.340733 -1.171401
v -3.674335 2.288173 -3.475560
v -3.709612 2.854439 -3.553819
v -4.014966 2.282318 -3.173613
v -4.369021 2.267827 -2.872084
v -4.434406 2.814039 -2.980552
v -4.658560 2.266876 -2.498586
v -4.876573 2.263421 -2.085572
v -4.978160 2.800985 -2.211586
v -0.330188 3.512431 -3.696861
v -0.327368 4.114214 -3.696482
v -0.747382 3.521478 -3.776042
v -1.172495 3.528604 -3.811641
v -1.177302 4.130087 -3.776676
v -1.599529 3.530598 -3.794292
v -2.028684 3.527304 -3.775795
v -2.038399 4.130702 -3.772223
v -2.458080 3.515939 -3.799704
v -2.892515 3.492887 -3.851245
v -2.909045 4.100515 -3.864663
v -3.333753 3.461582 -3.820540
v -5.148622 4.284455 -2.877796
v -5.058674 3.787272 -2.654479
v -4.903893 4.372690 -3.156074
v -3.747532 3.428139 -3.647213
v -3.782719 4.016449 -3.731984
v -4.138330 3.387112 -3.423029
v -4.498199 3.343228 -3.143325
v -4.562417 3.881695 -3.325456
v -4.841428 3.294725 -2.836967
v -5.012980 3.306883 -2.418609
v -0.326468 4.725134 -3.676296
v -0.326561 5.340768 -3.614692
v -0.752216 4.734784 -3.715685
v -1.183073 4.742327 -3.727280
v -1.188361 5.362364 -3.654315
v -1.615050 4.746267 -3.724416
v -2.050097 4.747867 -3.747133
v -2.064523 5.376043 -3.682972
v -2.487547 4.743618 -3.806551
v -2.929462 4.724730 -3.856373
v -3.374610 4.685741 -3.841975
v -2.663939 9.470100 -1.122772
v -2.777047 9.531056 -0.654738
v -2.416805 9.324270 -1.498850
v -3.812320 4.627234 -3.763612
v -4.229211 4.551105 -3.628464
v -4.609650 4.460790 -3.436940
v -0.325528 5.957314 -3.513695
v -0.322215 6.565403 -3.362824
v -0.755734 5.970545 -3.534622
v -1.192109 5.985938 -3.549428
v -1.192871 6.601758 -3.389030
v -1.634168 5.996039 -3.540262
v -2.082864 6.006902 -3.550581
v -2.104140 6.630661 -3.338863
v -0.315685 7.152715 -3.151285
v -0.305271 7.709976 -2.880096
v -0.744449 7.169743 -3.161330
v -1.187943 7.197247 -3.165830
v -1.174070 7.755928 -2.875062
v -1.648719 7.220775 -3.124395
v -2.125292 7.245626 -3.061732
v -2.144381 7.849722 -2.731144
v -2.608207 7.252140 -3.010531
v -3.087645 7.215132 -2.983330
v -3.144345 7.816593 -2.582098
v -3.208961 8.407878 -2.143014
v -2.692105 8.478749 -2.214616
v -2.008501 9.180363 -1.793080
v -2.121334 8.893297 -2.010711
v -1.542214 9.072505 -1.987944
v -1.089684 9.010496 -2.087067
v -1.120708 8.705721 -2.280743
v -0.665506 8.980453 -2.124548
v -0.268159 8.966578 -2.139202
v -0.277434 8.662436 -2.313945
v -0.291153 8.227423 -2.579424
v -0.706995 8.241248 -2.576675
v -1.150604 8.272779 -2.561605
v -1.633472 8.334706 -2.498861
v -2.155937 8.426162 -2.363962
v -0.322296 1.870535 4.408696
v -0.319317 1.364326 4.415851
v -0.708641 1.841383 4.376279
v -0.325848 2.358288 4.406645
v 0.063042 1.884883 4.434072
v -0.382375 -9.442652 4.096059
v -0.366833 -9.964108 3.866532
v -0.739344 -9.422812 4.059323
v -0.390459 -9.177339 4.228310
v -0.031313 -9.465478 4.125818
v -0.317094 0.835469 4.427007
v -0.314719 0.292554 4.439377
v -0.692143 0.802443 4.351280
v 0.059208 0.852202 4.490563
v -0.311585 -0.254405 4.451924
v -0.307902 -0.802934 4.464380
v -0.673897 -0.276383 4.339885
v 0.054411 -0.242902 4.547407
v -0.303838 -1.352513 4.475684
v -0.298997 -1.902802 4.484090
v -0.654455 -1.367121 4.341483
v 0.052459 -1.344490 4.589068
v -0.292536 -2.453392 4.486572
v -0.284687 -3.003615 4.481997
v -0.631462 -2.463685 4.334450
v 0.053507 -2.447196 4.616803
v -0.280562 -3.551616 4.479274
v -0.299263 -4.093187 4.514819
v -0.605156 -3.560305 4.307778
v 0.050240 -3.547199 4.635462
v -0.342498 -4.629867 4.594737
v -0.377457 -5.165651 4.592926
v -0.673012 -4.630415 4.439097
v 0.007501 -4.635672 4.685140
v -0.396149 -5.677647 4.421632
v -0.405149 -6.186744 4.286057
v -0.761504 -5.689452 4.468820
v -0.043510 -5.654319 4.344794
v -0.400981 -6.710288 4.314756
v -0.389220 -7.237477 4.382961
v -0.763201 -6.724320 4.308166
v -0.040048 -6.695773 4.312093
v -0.376200 -7.734082 4.209064
v -0.373057 -8.232450 4.094294
v -0.731065 -7.734968 4.172866
v -0.021649 -7.732351 4.228173
v -0.378981 -8.731638 4.103702
v -0.727915 -8.713358 4.054674
v -0.030048 -8.743382 4.123409
v -4.951935 1.269136 0.359092
v -4.885172 0.809778 0.387941
v -4.979125 1.712823 0.316949
v -4.867281 1.291113 0.703202
v -5.170304 -8.996322 0.794643
v -5.041558 -9.460596 0.749191
v -5.065140 -8.753167 0.817415
v -5.131210 -9.028050 1.130559
v -4.791183 0.331395 0.414624
v -4.701929 -0.163240 0.445228
v -4.676631 0.340290 0.747550
v -4.621053 -0.668542 0.478412
v -4.529365 -1.176423 0.509554
v -4.535172 -0.666665 0.811623
v -4.424121 -1.678986 0.537444
v -4.331261 -2.175966 0.566673
v -4.331363 -1.679058 0.858890
v -4.320390 -2.671852 0.608244
v -4.473959 -3.144068 0.670562
v -4.265333 -2.670594 0.927982
v -4.712349 -3.602396 0.744383
v -4.813578 -4.105330 0.790253
v -4.662822 -3.607490 1.066675
v -4.753643 -4.620791 0.792559
v -4.685305 -5.120490 0.797311
v -4.609378 -4.637453 1.082117
v -4.780685 -5.586177 0.861439
v -5.000849 -6.004301 0.968190
v -4.694512 -5.607715 1.167562
v -4.873961 -6.430065 1.007770
v -4.782681 -6.861578 1.010769
v -4.914006 -6.493629 1.328575
v -4.900648 -7.323123 0.977038
v -4.965949 -7.825150 0.914560
v -4.883843 -7.400455 1.283455
v -5.043963 -8.324452 0.860087
v -5.010086 -8.380118 1.177409
v -4.750407 1.319695 1.086729
v -4.830707 1.812634 1.047804
v -4.593342 1.354603 1.480847
v -4.652507 0.838983 1.100416
v -5.031984 -9.045880 1.484158
v -4.933371 -8.820903 1.479782
v -4.877025 -9.049258 1.830589
v -4.926803 -9.491890 1.432273
v -4.544815 0.353368 1.111765
v -4.400876 0.371222 1.491996
v -4.473870 -0.146794 1.137819
v -4.424853 -0.659441 1.169941
v -4.288932 -0.646103 1.540613
v -4.330029 -1.170011 1.186869
v -4.209374 -1.672347 1.197619
v -4.065032 -1.657984 1.548263
v -4.143638 -2.171509 1.222045
v -4.194458 -2.660165 1.269280
v -4.128570 -2.639138 1.631325
v -4.403674 -3.121825 1.342631
v -4.583672 -3.606211 1.407733
v -4.467858 -3.604113 1.757871
v -4.556271 -4.127146 1.412193
v -4.458705 -4.643198 1.390223
v -4.312537 -4.642743 1.718294
v -4.477549 -5.147502 1.420231
v -4.591436 -5.624216 1.494300
v -4.460711 -5.638110 1.829756
v -4.814495 -6.062889 1.615641
v -4.886749 -6.539804 1.673965
v -4.726886 -6.576188 1.999725
v -4.780168 -7.004840 1.651012
v -4.830556 -7.465686 1.612155
v -4.707878 -7.509458 1.931068
v -4.869713 -7.943897 1.558477
v -4.914352 -8.417372 1.512215
v -4.770627 -8.433661 1.844152
v -4.395952 1.390837 1.871281
v -4.509870 1.903022 1.875111
v -4.170696 1.431668 2.260827
v -4.311116 0.892816 1.871310
v -3.923464 1.481073 2.651050
v -4.020337 1.989785 2.690959
v -3.666169 1.532226 3.040392
v -3.877539 0.969005 2.654536
v -3.393029 1.580002 3.416197
v -3.450941 2.097722 3.453444
v -3.080440 1.626363 3.749958
v -3.351375 1.059152 3.406847
v -3.781472 7.223704 1.923866
v -3.890980 7.744910 1.425396
v -3.310025 7.360472 1.992469
v -3.693922 6.657793 2.357701
v -4.232057 7.076609 1.849231
v -2.723254 1.671288 4.021656
v -2.752627 2.198107 4.031905
v -2.328721 1.712638 4.209582
v -2.701724 1.146154 4.026964
v -1.913697 1.748951 4.300769
v -1.933097 2.276130 4.304637
v -1.500057 1.781446 4.329264
v -1.896298 1.222932 4.294407
v -1.099502 1.811533 4.347670
v -1.112803 2.324861 4.370783
v -1.086716 1.293815 4.319504
v -4.723002 -9.055639 2.188047
v -4.645492 -8.832416 2.164359
v -4.532182 -9.072140 2.547380
v -4.696786 -9.524179 2.140973
v -4.265601 -9.097969 2.875892
v -4.152602 -8.856660 2.795008
v -3.910113 -9.132390 3.131063
v -4.251685 -9.584308 2.776361
v -3.518528 -9.180490 3.339776
v -3.456214 -8.922199 3.285733
v -3.093044 -9.226744 3.470846
v -3.543107 -9.690685 3.220269
v -1.001671 7.907170 2.388469
v -0.632238 7.825189 2.539314
v -1.036828 7.596406 2.624594
v -1.373967 8.036114 2.155724
v -2.679401 -9.273502 3.603468
v -2.663963 -9.002395 3.639226
v -2.270825 -9.314264 3.716457
v -2.686580 -9.801527 3.430005
v -1.872495 -9.348207 3.812329
v -1.879144 -9.073080 3.917016
v -1.490323 -9.383509 3.922836
v -1.866503 -9.883131 3.593005
v -1.110857 -9.407406 4.007872
v -1.122266 -9.130246 4.122506
v -1.090056 -9.933270 3.744522
v -4.235111 0.393437 1.879827
v -4.050744 0.420591 2.274674
v -4.184732 -0.114736 1.904131
v -3.835710 0.455262 2.668009
v -3.577829 0.496805 3.041002
v -3.763799 -0.056764 2.668528
v -3.288781 0.541684 3.387502
v -2.998508 0.584120 3.725181
v -3.217345 0.028499 3.365999
v -0.264336 7.772822 2.621133
v 0.102357 7.751434 2.644144
v -0.274357 7.473846 2.821611
v -2.683142 0.621870 4.038058
v -2.295302 0.658118 4.225282
v -2.671246 0.098299 4.049716
v -1.876804 0.695436 4.271254
v -1.466658 0.732773 4.267036
v -1.854468 0.166769 4.226504
v -1.073094 0.768100 4.289625
v -1.058509 0.235679 4.262845
v -4.118486 -0.627332 1.919764
v -3.908924 -0.600695 2.295087
v -4.003568 -1.133811 1.913177
v -3.660159 -0.564792 2.653120
v -3.406983 -0.524241 3.006392
v -3.587239 -1.071702 2.651557
v -3.199325 -0.485120 3.385703
v -2.987719 -0.451897 3.766738
v -3.257348 -0.997750 3.447246
v -1.059822 7.182748 2.892009
v -0.666524 7.113487 2.979690
v -1.067777 6.688892 3.141557
v -1.466826 7.292116 2.737540
v -2.664524 -0.426954 4.049893
v -2.248963 -0.398555 4.156336
v -2.645330 -0.955064 4.011180
v -1.829626 -0.362902 4.165894
v -1.427396 -0.329339 4.181398
v -1.802564 -0.894001 4.099319
v -1.043015 -0.301082 4.240823
v -1.027089 -0.841208 4.224478
v -3.897403 -1.637228 1.913767
v -3.737524 -1.609830 2.294656
v -3.912282 -2.134740 1.952671
v -3.612584 -1.573883 2.691744
v -3.505523 -1.534615 3.105736
v -3.762919 -2.064188 2.775333
v -3.331766 -1.511179 3.502630
v -3.014817 -1.501304 3.786783
v -3.354929 -2.034666 3.505814
v -0.282048 7.070537 3.021739
v 0.097628 7.053781 3.032943
v -0.288224 6.595720 3.217036
v -2.608417 -1.483059 3.930327
v -2.183531 -1.455392 3.990043
v -2.562811 -2.009873 3.832370
v -1.773473 -1.427262 4.035847
v -1.382062 -1.403543 4.106303
v -1.743361 -1.963733 3.981848
v -1.010498 -1.383991 4.211268
v -0.993286 -1.928876 4.198480
v -4.081366 -2.609102 2.026065
v -4.026536 -2.579519 2.441070
v -4.277149 -3.088523 2.100502
v -3.897695 -2.565527 2.841958
v -3.657656 -2.564113 3.188577
v -3.919979 -3.090720 2.851109
v -3.318588 -2.563467 3.450562
v -2.926134 -2.555151 3.629201
v -3.271458 -3.092698 3.394232
v -5.921657 7.517767 0.941096
v -6.289475 7.288340 0.932912
v -6.115445 7.879076 0.475091
v -5.472291 7.736452 0.933908
v -5.672047 7.034425 1.294222
v -2.518806 -2.539364 3.751638
v -2.110042 -2.520924 3.844638
v -2.480475 -3.074023 3.698314
v -1.712676 -2.503417 3.936070
v -1.334087 -2.488385 4.048210
v -1.683370 -3.046013 3.898024
v -0.975220 -2.475315 4.183021
v -0.956095 -3.022777 4.163548
v -4.306752 -3.607644 2.118752
v -4.108801 -3.614260 2.481189
v -4.192480 -4.128560 2.075988
v -3.873959 -3.621847 2.828776
v -3.587427 -3.626837 3.135704
v -3.785776 -4.149005 2.782919
v -3.241980 -3.626816 3.378549
v -2.852699 -3.621953 3.547801
v -3.221233 -4.165322 3.381022
v -5.278986 8.522032 -0.080376
v -4.767063 8.683672 -0.119000
v -5.163578 8.329473 0.442520
v -5.763897 8.289794 -0.057739
v -2.447260 -3.612995 3.660796
v -2.044646 -3.601767 3.755376
v -2.417289 -4.154138 3.622274
v -1.657339 -3.590576 3.864492
v -1.289009 -3.580081 3.996060
v -1.638864 -4.133917 3.837722
v -0.938777 -3.570029 4.143919
v -0.941774 -4.112012 4.156034
v -4.140043 -4.645941 2.062755
v -3.926439 -4.656887 2.401661
v -4.194711 -5.156626 2.107543
v -3.706394 -4.672846 2.737219
v -3.491963 -4.688150 3.081578
v -3.736122 -5.189614 2.764334
v -3.197851 -4.698267 3.367706
v -2.801516 -4.699320 3.496849
v -3.178306 -5.217803 3.325799
v -4.998239 7.930033 0.927048
v -4.511264 8.087007 0.914007
v -4.823106 7.436900 1.368733
v -2.393139 -4.694193 3.576819
v -2.007817 -4.684556 3.696444
v -2.404530 -5.222476 3.576520
v -1.648556 -4.670263 3.859717
v -1.312929 -4.653845 4.050743
v -1.721892 -5.182929 3.986161
v -0.991961 -4.639529 4.250519
v -1.079355 -5.156519 4.404607
v -4.290637 -5.653215 2.174023
v -4.084141 -5.670310 2.517508
v -4.452245 -6.123652 2.280349
v -3.853502 -5.686246 2.852130
v -3.540415 -5.710683 3.104402
v -3.962414 -6.184406 2.930163
v -3.185678 -5.728153 3.294115
v -2.828737 -5.732181 3.475771
v -3.290313 -6.215194 3.413663
v -4.259124 8.804954 -0.160139
v -3.782920 8.948981 -0.178863
v -4.146054 8.562867 0.338783
v -2.493771 -5.718426 3.704283
v -2.165633 -5.695814 3.948650
v -2.614828 -6.205068 3.890378
v -1.834652 -5.678481 4.174856
v -1.488869 -5.677585 4.346577
v -1.887878 -6.203746 4.247488
v -1.129216 -5.686204 4.447008
v -1.131718 -6.210898 4.331272
v -4.495647 -6.612841 2.305222
v -4.245647 -6.651492 2.614476
v -4.453687 -7.085581 2.246240
v -3.964282 -6.687570 2.909584
v -3.647733 -6.711821 3.177619
v -3.867482 -7.144349 2.767015
v -3.314242 -6.721931 3.428531
v -2.975575 -6.725931 3.671957
v -3.261823 -7.191279 3.324832
v -4.017682 8.203835 0.885063
v -3.524051 8.319097 0.861448
v -2.630364 -6.730985 3.904613
v -2.270809 -6.738070 4.103817
v -2.609970 -7.244097 3.837115
v -1.888322 -6.743370 4.226526
v -1.502184 -6.743312 4.278100
v -1.881886 -7.276012 4.191348
v -1.128536 -6.736310 4.296854
v -1.121602 -7.261043 4.322885
v -4.479203 -7.537137 2.208155
v -4.196642 -7.559146 2.464628
v -4.617015 -7.978565 2.244489
v -3.925081 -7.578025 2.755342
v -3.644171 -7.603451 3.059548
v -4.062021 -8.008868 2.822452
v -3.340577 -7.642766 3.352609
v -2.999423 -7.692442 3.592735
v -3.342327 -8.089525 3.232128
v -5.400419 6.508523 1.523777
v -5.041180 6.713858 1.637918
v -5.147037 5.976358 1.700227
v -5.713960 6.310620 1.443223
v -2.631718 -7.736287 3.783666
v -2.241486 -7.758876 3.919621
v -2.568231 -8.163825 3.541106
v -1.846283 -7.759771 4.012037
v -1.460814 -7.749094 4.076416
v -1.788768 -8.191682 3.755438
v -1.090226 -7.739010 4.126657
v -1.069358 -8.210816 3.965070
v -4.591849 -8.439012 2.174704
v -4.357793 -8.445917 2.483985
v -4.075541 -8.463310 2.763504
v -3.732663 -8.493977 2.985255
v -3.353282 -8.534383 3.160253
v -2.965096 -8.573797 3.323380
v -4.653384 6.907454 1.754327
v -4.495482 6.347851 2.068192
v -2.574413 -8.605195 3.477502
v -2.186226 -8.629869 3.620669
v -1.808090 -8.652070 3.754011
v -1.440603 -8.673543 3.876293
v -1.080912 -8.693766 3.978840
v -6.818454 7.619128 -0.016203
v -6.586729 7.812518 -0.024153
v -6.723513 7.439513 0.468484
v -6.520582 7.088123 0.906612
v -6.245575 6.629605 1.223868
v -5.942958 6.138395 1.395794
v -5.653142 5.651867 1.491197
v -5.427986 5.190176 1.616221
v -5.229765 5.316274 1.745279
v -5.355790 4.752151 1.830157
v -5.337824 4.313293 1.965114
v -5.146629 4.409360 2.113612
v -5.154158 3.973627 1.793481
v -5.065508 3.657004 1.493073
v -4.985169 3.547224 1.730199
v -4.987487 3.386971 1.116032
v -4.955731 3.181571 0.744627
v -4.908749 2.813518 0.852975
v -4.949604 3.024549 0.410967
v -4.935222 2.904810 0.118500
v -4.945705 2.541455 0.188618
v -6.221764 8.050506 -0.037391
v -4.975276 2.138493 0.258441
v -4.948786 2.223727 0.584617
v -4.885351 2.326884 0.964923
v -4.778751 2.418546 1.395374
v -0.329076 2.838451 4.409428
v -0.725455 2.841976 4.404599
v -0.330045 3.335054 4.401107
v 0.064860 2.835975 4.413397
v -1.127408 2.840474 4.396640
v -1.538429 2.830783 4.376649
v -1.137510 3.372153 4.413849
v -1.959979 2.810491 4.330149
v -2.385679 2.778027 4.238004
v -1.984458 3.362965 4.353795
v -2.805754 2.732115 4.083107
v -3.208195 2.674602 3.862153
v -2.857535 3.288555 4.129918
v -3.347072 9.108524 -0.175025
v -2.979097 9.259120 -0.164799
v -3.209351 8.824078 0.303399
v -3.573152 2.611838 3.563838
v -3.898641 2.550909 3.202254
v -3.677120 3.156280 3.656852
v -4.190013 2.497680 2.794406
v -4.436594 2.462275 2.346807
v -4.346241 3.028728 2.914013
v -4.627397 2.448157 1.869608
v -4.749775 2.998660 1.931206
v -0.327253 3.866275 4.334476
v -0.727723 3.898368 4.339280
v -0.321445 4.419377 4.174479
v 0.070190 3.850374 4.333589
v -1.135862 3.925593 4.346078
v -1.555456 3.939678 4.333927
v -1.125153 4.484410 4.175714
v -1.986122 3.936559 4.286075
v -2.424762 3.915051 4.204331
v -1.969702 4.516716 4.121904
v -2.863979 3.871850 4.073752
v -3.293619 3.810653 3.890806
v -2.839299 4.462987 3.913566
v -3.040482 8.461593 0.857149
v -2.625123 8.624775 0.851307
v -2.891765 8.021368 1.468743
v -3.702429 3.737388 3.651679
v -4.079568 3.660844 3.354791
v -3.677524 4.327999 3.543638
v -4.409757 3.591337 2.996238
v -4.678028 3.538216 2.582169
v -4.399847 4.163585 2.997964
v -4.868054 3.513305 2.133615
v -4.895565 4.020056 2.304002
v -0.313243 4.983020 3.943161
v -0.708562 5.009738 3.937700
v -0.304052 5.542470 3.685417
v 0.079864 4.971336 3.946041
v -1.109445 5.040610 3.932244
v -1.520598 5.070738 3.915998
v -1.092609 5.597252 3.661866
v -1.943549 5.090059 3.865859
v -2.374017 5.087637 3.782820
v -1.920270 5.670523 3.572158
v -2.805203 5.052159 3.664740
v -3.230512 4.990363 3.516093
v -2.783139 5.652047 3.365603
v -1.893209 7.437318 2.498749
v -2.344768 7.533343 2.233268
v -1.845674 7.919030 2.083715
v -1.900757 6.864624 2.910558
v -3.648552 4.914609 3.347901
v -4.053596 4.830208 3.162053
v -3.623811 5.490357 3.059457
v -4.411921 4.730982 2.927333
v -4.701580 4.621443 2.643624
v -4.387806 5.269958 2.689791
v -0.295499 6.082295 3.438261
v -0.683447 6.113301 3.422156
v 0.089614 6.069046 3.444278
v -1.078140 6.152645 3.396694
v -1.484777 6.204581 3.348274
v -1.906237 6.265364 3.261343
v -2.340322 6.298194 3.148231
v -2.780440 6.266508 3.020036
v -3.214429 6.181346 2.876462
v -2.798173 6.891858 2.608212
v -1.745982 8.221002 1.794630
v -2.092585 8.471824 1.323505
v -3.635583 6.069976 2.724571
v -4.031158 5.938675 2.554796
v -4.388474 5.790875 2.360389
v -4.708059 5.632730 2.151120
v -4.987966 5.469221 1.935508
v -4.979682 5.000433 2.236809
v -4.942025 4.512858 2.357510
v -2.717923 9.376281 -0.159255
v -2.571546 9.104129 0.298530
v -2.364458 8.784225 0.800895
v -2.824464 7.484940 2.075891
v 0.449690 1.872652 4.446282
v 0.454130 2.359526 4.423808
v 0.838961 1.844883 4.441895
v 0.445414 1.367474 4.481561
v 0.322210 -9.473348 4.113428
v 0.326135 -9.198979 4.200311
v 0.685908 -9.476978 4.091323
v 0.321065 -9.975472 3.879134
v 0.440904 0.839568 4.522468
v 0.826600 0.808466 4.515257
v 0.435936 0.297370 4.562798
v 0.430503 -0.249185 4.599690
v 0.812824 -0.268559 4.597746
v 0.425347 -0.797571 4.631385
v 0.421128 -1.347077 4.658927
v 0.798775 -1.358151 4.671434
v 0.417708 -1.897313 4.681878
v 0.414140 -2.447802 4.703278
v 0.786083 -2.453736 4.737110
v 0.409477 -2.998620 4.724304
v 0.402264 -3.549860 4.743062
v 0.772800 -3.557005 4.787910
v 0.389397 -4.099154 4.748949
v 0.369397 -4.637897 4.691604
v 0.732262 -4.632648 4.634457
v 0.331996 -5.136956 4.478489
v 0.300158 -5.627884 4.273366
v 0.649748 -5.604486 4.218901
v 0.304249 -6.150146 4.247590
v 0.320848 -6.681291 4.295689
v 0.683260 -6.666289 4.261619
v 0.338717 -7.213283 4.358710
v 0.334658 -7.726242 4.221852
v 0.693607 -7.716231 4.190026
v 0.325959 -8.235843 4.114250
v 0.319683 -8.743848 4.104805
v 0.670809 -8.733763 4.053790
v 5.089328 1.134388 0.402017
v 5.004166 1.166226 0.745125
v 5.111567 1.555927 0.336458
v 5.087723 0.677226 0.457904
v 5.174172 -9.119880 0.965660
v 5.118252 -9.145402 1.280642
v 5.147800 -8.784571 0.955479
v 5.169109 -9.731930 0.982912
v 4.965304 0.211617 0.484365
v 4.859846 0.230120 0.815558
v 4.811529 -0.254438 0.506802
v 4.742282 -0.748150 0.554655
v 4.651950 -0.737434 0.877789
v 4.627204 -1.244798 0.595294
v 4.471806 -1.728081 0.625945
v 4.405023 -1.727364 0.939093
v 4.435419 -2.195233 0.670732
v 4.620138 -2.623640 0.737705
v 4.600477 -2.615590 1.055951
v 4.844378 -3.059113 0.793295
v 4.789860 -3.541894 0.797367
v 4.627254 -3.521105 1.082516
v 4.631625 -4.016114 0.787297
v 4.630020 -4.504029 0.821065
v 4.608984 -4.494577 1.129588
v 4.719723 -4.956985 0.878766
v 4.962937 -5.338630 0.945324
v 4.940872 -5.350933 1.265291
v 5.014792 -5.787484 0.969670
v 4.928223 -6.261479 0.956975
v 4.878383 -6.304473 1.254352
v 4.932144 -6.752854 0.946089
v 4.997006 -7.259750 0.941360
v 4.948443 -7.303474 1.241560
v 5.091351 -7.777815 0.942445
v 5.123391 -8.303081 0.945986
v 5.063277 -8.349115 1.253214
v 4.890358 1.209167 1.129055
v 4.868704 0.727849 1.176776
v 4.743737 1.258958 1.524749
v 4.952199 1.695026 1.071475
v 5.019540 -9.168314 1.620589
v 5.035751 -9.741614 1.651698
v 4.890364 -9.178736 1.965264
v 4.994425 -8.858328 1.602230
v 4.722700 0.257886 1.179294
v 4.583104 -0.217406 1.187682
v 4.561643 0.292042 1.552188
v 4.537831 -0.720167 1.232709
v 4.444799 -1.225487 1.264091
v 4.403187 -0.697000 1.602367
v 4.308315 -1.715909 1.280154
v 4.314807 -2.177954 1.320842
v 4.183053 -1.691494 1.635285
v 4.561273 -2.588719 1.409969
v 4.675538 -3.047129 1.450435
v 4.486629 -2.567175 1.778610
v 4.491355 -3.504304 1.387467
v 4.489525 -3.982759 1.412511
v 4.343490 -3.490269 1.706011
v 4.541310 -4.481912 1.466358
v 4.612022 -4.956570 1.523645
v 4.411283 -4.464822 1.805207
v 4.873382 -5.363883 1.614722
v 4.897464 -5.847090 1.621500
v 4.729418 -5.379395 1.962470
v 4.803649 -6.343743 1.583426
v 4.766135 -6.840541 1.556967
v 4.689128 -6.375585 1.926430
v 4.871521 -7.339018 1.573565
v 4.950908 -7.857126 1.580413
v 4.750090 -7.364879 1.918728
v 4.971176 -8.384033 1.584510
v 4.832142 -8.401166 1.918989
v 4.571353 1.307751 1.926263
v 4.523501 0.809734 1.949778
v 4.372732 1.356625 2.333125
v 4.624486 1.821221 1.893147
v 4.124998 1.411906 2.726068
v 4.015831 0.915857 2.686299
v 3.815276 1.479357 3.075566
v 4.172025 1.929851 2.731405
v 3.477234 1.551566 3.385669
v 3.402106 1.043519 3.353565
v 3.151016 1.614954 3.691547
v 3.591319 2.058499 3.471798
v 3.985343 7.197252 1.922858
v 4.434021 7.044680 1.848400
v 3.885517 6.629536 2.353173
v 3.515027 7.339004 1.990333
v 4.107983 7.722589 1.430465
v 2.824836 1.667275 3.992872
v 2.819940 1.146789 4.025807
v 2.452850 1.712527 4.215538
v 2.859368 2.189358 4.003612
v 2.044101 1.751305 4.328277
v 2.028995 1.226879 4.335232
v 1.632783 1.784898 4.382453
v 2.061033 2.276497 4.318701
v 1.232205 1.815312 4.419245
v 1.223437 1.298532 4.441781
v 1.243019 2.327375 4.404805
v 4.710982 -9.174657 2.301474
v 4.760484 -9.739703 2.341957
v 4.478254 -9.168775 2.619710
v 4.678872 -8.870067 2.277504
v 4.182286 -9.176801 2.900601
v 4.257520 -9.748280 2.929041
v 3.826735 -9.203598 3.125430
v 4.142517 -8.868566 2.881013
v 3.435998 -9.245443 3.308029
v 3.503581 -9.820236 3.295583
v 3.024316 -9.293774 3.452101
v 3.395131 -8.937452 3.289588
v 1.208496 7.895336 2.380081
v 1.583553 8.023359 2.146533
v 1.239332 7.589388 2.617871
v 0.837830 7.816940 2.533921
v 2.612235 -9.339187 3.578290
v 2.646728 -9.900786 3.480108
v 2.217349 -9.384216 3.726844
v 2.586474 -9.037321 3.587006
v 1.830842 -9.423257 3.862647
v 1.835609 -9.946983 3.632718
v 1.442910 -9.448277 3.954881
v 1.805648 -9.118871 3.862038
v 1.061324 -9.468627 4.037899
v 1.059128 -9.966228 3.775234
v 1.050645 -9.173012 4.060740
v 4.378934 0.328674 1.929814
v 4.284187 -0.162846 1.943202
v 4.170774 0.369252 2.308597
v 3.923616 0.418573 2.676403
v 3.859297 -0.083557 2.695602
v 3.643016 0.475298 3.024428
v 3.391752 0.530613 3.391162
v 3.417202 0.015578 3.461362
v 3.144679 0.581975 3.762727
v 0.469324 7.770965 2.621225
v 0.475439 7.472220 2.820148
v 2.820913 0.625602 4.063708
v 2.810088 0.100521 4.084241
v 2.424728 0.663552 4.243008
v 2.010559 0.700832 4.331097
v 1.988575 0.172965 4.321373
v 1.606791 0.737545 4.400993
v 1.214456 0.773485 4.470006
v 1.205014 0.241696 4.502116
v 4.240344 -0.669020 1.983086
v 4.138051 -1.172136 1.996573
v 4.045921 -0.634122 2.363906
v 3.840482 -0.592713 2.744237
v 3.785076 -1.101410 2.765898
v 3.650175 -0.547285 3.136756
v 3.452332 -0.502857 3.534882
v 3.472377 -1.025366 3.591635
v 3.162880 -0.464007 3.865561
v 1.256071 7.178600 2.886327
v 1.664467 7.285290 2.729784
v 1.256681 6.686023 3.136400
v 0.862276 7.111524 2.975691
v 2.781240 -0.427965 4.077025
v 2.738172 -0.957091 4.045841
v 2.366319 -0.391911 4.202353
v 1.963942 -0.356961 4.313058
v 1.940760 -0.889073 4.316298
v 1.577020 -0.324320 4.432495
v 1.195489 -0.294311 4.537784
v 1.186693 -0.833344 4.577251
v 4.047225 -1.659545 2.010140
v 4.172890 -2.120768 2.080086
v 3.924080 -1.627393 2.403899
v 3.821876 -1.599108 2.817618
v 3.966507 -2.097244 2.900878
v 3.707449 -1.574254 3.245112
v 3.470169 -1.552719 3.615380
v 3.412132 -2.079857 3.577487
v 3.091462 -1.521460 3.845913
v 0.477511 7.070070 3.019797
v 0.476239 6.595582 3.215357
v 2.688436 -1.485130 4.008629
v 2.652390 -2.015169 4.007082
v 2.298641 -1.452210 4.169903
v 1.923545 -1.422980 4.341274
v 1.915648 -1.958558 4.394096
v 1.553987 -1.396744 4.502070
v 1.178800 -1.374768 4.618871
v 1.171374 -1.918146 4.661840
v 4.366001 -2.569190 2.152270
v 4.206038 -3.019553 2.055130
v 4.182065 -2.586987 2.521036
v 3.923789 -2.599156 2.865657
v 3.660536 -3.012559 2.672584
v 3.616802 -2.595463 3.182260
v 3.290060 -2.585600 3.477171
v 3.082393 -3.037090 3.289111
v 2.953887 -2.569480 3.751009
v 6.138028 7.458980 0.950920
v 5.874301 6.976537 1.297273
v 5.694004 7.689456 0.944791
v 6.341832 7.819757 0.485813
v 6.494452 7.214015 0.933715
v 2.610834 -2.546722 4.004426
v 2.486015 -3.049754 3.887335
v 2.263144 -2.521629 4.238752
v 1.907459 -2.497513 4.445303
v 1.866186 -3.033655 4.425591
v 1.541896 -2.477620 4.608937
v 1.165018 -2.463380 4.707326
v 1.160559 -3.011779 4.751307
v 4.133967 -3.474666 2.024216
v 4.180092 -3.953429 2.082556
v 3.866073 -3.468404 2.324948
v 3.563936 -3.477478 2.603796
v 3.623852 -3.967492 2.661835
v 3.256819 -3.492540 2.884350
v 2.956718 -3.508703 3.177408
v 3.053617 -3.989919 3.269036
v 2.665118 -3.524354 3.477681
v 5.516792 8.486286 -0.064409
v 5.996981 8.241279 -0.042559
v 5.397607 8.289495 0.452135
v 5.011404 8.672396 -0.099494
v 2.375983 -3.537097 3.775021
v 2.452556 -4.032309 3.844960
v 2.092537 -3.547885 4.070045
v 1.812251 -3.558055 4.359918
v 1.842790 -4.086810 4.377501
v 1.510926 -3.565587 4.617672
v 1.152902 -3.564251 4.761322
v 1.137565 -4.110835 4.710234
v 4.230275 -4.446505 2.140163
v 4.363959 -4.919532 2.227954
v 4.006082 -4.440149 2.459297
v 3.773657 -4.438848 2.787922
v 3.942618 -4.908680 2.914104
v 3.521493 -4.441401 3.126112
v 3.227912 -4.460491 3.431506
v 3.273059 -4.969953 3.412874
v 2.902629 -4.494440 3.695396
v 5.222193 7.890280 0.933688
v 5.034642 7.398664 1.372465
v 4.739156 8.060261 0.923055
v 2.560646 -4.534251 3.926884
v 2.512848 -5.021191 3.752197
v 2.204910 -4.571149 4.123815
v 1.840879 -4.598344 4.294078
v 1.757143 -5.049965 4.037238
v 1.468345 -4.613119 4.432149
v 1.096809 -4.622778 4.542480
v 1.027490 -5.081390 4.268920
v 4.507330 -5.391294 2.291084
v 4.535599 -5.890183 2.288930
v 4.229867 -5.399954 2.585922
v 3.914301 -5.416514 2.841897
v 3.932592 -5.923964 2.838070
v 3.576957 -5.441659 3.065952
v 3.216625 -5.470067 3.256294
v 3.239246 -5.979427 3.269734
v 2.843811 -5.496954 3.432195
v 4.499937 8.791145 -0.143964
v 4.385632 8.552252 0.355153
v 4.019190 8.923411 -0.169586
v 2.476076 -5.518685 3.618031
v 2.491108 -6.039023 3.618360
v 2.110525 -5.535396 3.797343
v 1.744094 -5.549989 3.954053
v 1.763151 -6.080174 3.964681
v 1.376859 -5.565653 4.078545
v 1.010140 -5.583888 4.162073
v 1.028006 -6.114872 4.177100
v 4.509854 -6.399584 2.270454
v 4.463070 -6.898142 2.231817
v 4.272058 -6.418181 2.597331
v 3.995824 -6.438319 2.901700
v 3.995931 -6.952174 2.890709
v 3.672510 -6.464685 3.163058
v 3.301934 -6.497856 3.360245
v 3.346797 -7.020000 3.406503
v 2.915831 -6.532676 3.524455
v 4.247981 8.188110 0.897551
v 3.754552 8.306215 0.870897
v 2.532487 -6.564622 3.683550
v 2.581625 -7.089962 3.757987
v 2.155025 -6.591905 3.839437
v 1.783290 -6.614202 3.985250
v 1.816066 -7.145273 4.040924
v 1.415182 -6.633148 4.110821
v 1.047776 -6.650452 4.200196
v 1.070788 -7.184587 4.247664
v 4.564664 -7.387853 2.262254
v 4.581536 -7.894477 2.228793
v 4.305968 -7.414821 2.572542
v 3.993643 -7.445401 2.835300
v 3.995328 -7.928915 2.777661
v 3.651910 -7.477699 3.059186
v 3.300025 -7.517332 3.272265
v 3.269518 -8.003684 3.157849
v 2.932527 -7.561328 3.470217
v 5.586844 6.452032 1.514848
v 5.896105 6.246429 1.437190
v 5.319551 5.921196 1.684126
v 5.232344 6.665412 1.629454
v 2.553186 -7.601775 3.645751
v 2.502910 -8.092902 3.482096
v 2.171442 -7.635790 3.800619
v 1.793090 -7.662514 3.932278
v 1.752582 -8.162011 3.780473
v 1.420834 -7.683991 4.041718
v 1.055025 -7.701900 4.128675
v 1.032014 -8.209348 4.003338
v 4.626645 -8.404215 2.242087
v 4.370998 -8.403986 2.548066
v 4.063026 -8.415268 2.816683
v 3.697815 -8.446730 3.017114
v 3.305658 -8.494167 3.170722
v 2.911155 -8.543962 3.322815
v 4.851165 6.868047 1.751117
v 4.677286 6.305490 2.055470
v 2.518754 -8.589869 3.475784
v 2.132312 -8.630478 3.622895
v 1.755159 -8.664637 3.758916
v 1.386946 -8.692859 3.878691
v 1.026008 -8.716212 3.977744
v 7.025628 7.536165 -0.011403
v 5.184307 2.354296 0.726623
v 6.925035 7.357348 0.469808
v 6.817678 7.744959 -0.015002
v 6.714363 7.010293 0.906003
v 5.244223 2.025118 0.663697
v 6.430178 6.558051 1.222574
v 6.115525 6.071639 1.389380
v 5.166494 2.658085 0.774181
v 5.812900 5.585356 1.475298
v 5.566276 5.117090 1.582453
v 5.623894 0.894944 0.595074
v 5.447923 4.677875 1.784021
v 5.372653 5.245693 1.709937
v 5.433521 4.257458 2.001555
v 5.256724 3.899902 1.881875
v 5.353965 4.324967 2.165283
v 5.709603 0.606727 0.605776
v 5.180125 3.558371 1.559962
v 5.112367 3.262644 1.131209
v 5.106255 3.459017 1.747840
v 5.497073 1.314058 0.582372
v 5.103702 3.034642 0.735609
v 5.195131 3.412572 0.679096
v 5.126878 2.853310 0.400718
v 5.061144 2.679868 0.850030
v 5.112656 2.707116 0.114654
v 5.200462 3.227304 0.720531
v 5.120226 2.349491 0.176015
v 6.454957 7.995265 -0.023611
v 5.122439 1.956194 0.255863
v 5.093520 2.072464 0.591983
v 5.027671 2.200200 0.976238
v 4.912442 2.311568 1.405542
v 0.458962 2.839140 4.415517
v 0.463641 3.335517 4.402442
v 0.855645 2.843187 4.414582
v 1.257589 2.841770 4.407192
v 1.271206 3.372451 4.414361
v 1.667988 2.831375 4.385115
v 2.088469 2.808834 4.334430
v 2.118595 3.359620 4.358509
v 2.511828 2.771646 4.235496
v 2.927969 2.718254 4.074229
v 2.990523 3.272344 4.129881
v 3.332930 2.650815 3.858235
v 3.583193 9.083711 -0.171628
v 3.445749 8.806653 0.306525
v 3.216860 9.239863 -0.165144
v 3.707690 2.578136 3.572705
v 3.810028 3.123391 3.659982
v 4.027184 2.510523 3.210913
v 4.300406 2.447606 2.797613
v 4.466429 2.975645 2.912376
v 4.541561 2.395328 2.349041
v 4.747296 2.360633 1.876674
v 4.868601 2.914057 1.926930
v 0.467841 3.866488 4.333776
v 0.471298 4.419532 4.174063
v 0.868710 3.898635 4.338840
v 1.277135 3.925503 4.347137
v 1.276202 4.483869 4.176289
v 1.697143 3.938270 4.337103
v 2.128117 3.931806 4.287487
v 2.121669 4.511264 4.122012
v 2.567102 3.905496 4.205471
v 3.006431 3.855402 4.075547
v 2.992015 4.447113 3.915576
v 3.435742 3.785977 3.893414
v 3.270307 8.448164 0.859312
v 3.109689 8.006873 1.466879
v 2.854762 8.611644 0.847088
v 3.844009 3.704196 3.655411
v 3.829027 4.295220 3.544831
v 4.219095 3.617887 3.358041
v 4.545988 3.535971 2.997727
v 4.555557 4.109591 3.005306
v 4.810548 3.469415 2.580747
v 4.991532 3.434059 2.128996
v 5.066686 3.939571 2.323715
v 0.473201 4.983178 3.943037
v 0.474079 5.542561 3.685071
v 0.869059 5.009902 3.937922
v 1.270621 5.040109 3.932746
v 1.263722 5.596527 3.661479
v 1.682406 5.067991 3.915321
v 2.105856 5.084295 3.865067
v 2.092860 5.664496 3.570280
v 2.536741 5.077682 3.782582
v 2.968067 5.036286 3.664876
v 2.956183 5.635534 3.363152
v 3.391850 4.966279 3.513592
v 2.093062 7.427465 2.487777
v 2.092634 6.856801 2.903647
v 2.053500 7.905205 2.071459
v 2.547551 7.520868 2.221968
v 3.805278 4.879968 3.337840
v 3.788933 5.455773 3.045850
v 4.207794 4.785295 3.147286
v 4.588498 4.680269 2.934546
v 4.531453 5.209033 2.652571
v 4.931905 4.561642 2.692883
v 0.474930 6.082244 3.437330
v 0.863358 6.112926 3.420573
v 1.258673 6.151164 3.394392
v 1.666114 6.200664 3.344469
v 2.088780 6.258431 3.257177
v 2.523737 6.286729 3.143754
v 2.963294 6.248426 3.014238
v 2.991085 6.872231 2.599694
v 3.395924 6.157097 2.870268
v 1.959447 8.204389 1.781521
v 2.312057 8.452404 1.308399
v 3.814352 6.039536 2.716604
v 4.204950 5.901022 2.543214
v 4.554044 5.744064 2.342395
v 4.864766 5.576562 2.125930
v 5.136859 5.405460 1.904426
v 5.105940 4.917027 2.181113
v 5.195664 4.433515 2.416903
v 2.957857 9.362917 -0.161592
v 2.809220 9.093066 0.294723
v 2.593313 8.767900 0.790483
v 3.029336 7.467672 2.069600
v 5.003375 3.138268 -0.263612
v 5.047662 3.419607 -1.161904
v 5.334455 0.607991 -0.569416
v 5.025769 3.311008 -1.267099
v 5.677537 3.649901 1.337280
v 6.178601 4.575977 1.249822
v 6.643567 5.363041 1.229607
v 6.810842 5.359414 -2.305009
v 5.611868 3.840357 -2.264014
v 6.306825 4.598228 -2.536028
v 7.611553 1.257707 -2.006682
v 7.808952 1.309232 0.831873
v 7.289653 2.818400 -2.138623
v 7.332256 2.808702 1.012130
v 7.398715 4.595597 0.955253
v 7.428957 4.559548 -1.829202
v 5.046072 2.073757 -0.469694
v 7.249287 3.617926 1.070314
v 7.250466 3.628798 -2.092119
v 7.518028 5.431258 0.687998
v 7.535932 5.394284 -1.547924
v 6.269758 2.527178 -2.397196
v 6.690884 0.991027 -2.353588
v 6.338589 2.457890 1.114043
v 6.881227 0.991745 0.907439
v 7.557791 2.027359 0.898274
v 6.474578 1.720685 -2.409154
v 8.640320 2.392853 -0.412850
v 7.436288 2.003133 -2.085302
v 5.183202 1.330306 -0.540345
v 7.568276 6.044723 0.399921
v 7.604302 6.033090 -1.254615
v 7.188299 6.247045 -1.768165
v 7.120401 6.269631 0.889428
v 7.345238 6.856663 0.253094
v 7.395193 7.012606 -0.424872
v 7.363635 6.839984 -1.101622
v 7.517520 6.608860 0.051075
v 7.531596 6.613060 -0.882551
v 7.540122 6.690664 -0.419538
v 8.005527 4.708226 -0.425476
v 8.185517 3.908931 -0.417240
v 8.386384 3.172941 -0.405692
v 8.877393 1.660859 -0.417413
v 7.869278 5.458435 -0.432700
v 7.722516 6.149045 -0.426127
v 5.265196 1.757728 -1.718318
v 6.619930 1.688035 1.052898
v 8.064445 3.876975 0.522799
v 8.235126 3.118587 0.563724
v 8.476159 2.334334 0.548724
v 8.715857 1.605817 0.521450
v 8.015090 3.040634 -1.394949
v 7.901200 3.804449 -1.363333
v 8.179609 2.234563 -1.357700
v 8.360023 1.488141 -1.307421
v 6.821568 4.551948 -2.207818
v 5.363359 1.382884 -1.762990
v 6.117097 3.320394 1.055753
v 7.923538 4.716007 0.375116
v 7.853467 4.649792 -1.200982
v 6.757302 4.542091 1.188249
v 6.127831 3.434810 -2.356647
v 7.185335 5.371672 -1.940549
v 7.441521 6.195940 -1.452924
v 7.790618 5.469588 0.170111
v 7.674686 6.143096 0.005338
v 7.400574 6.214944 0.595963
v 7.124828 5.399889 1.023110
v 7.790541 5.435817 -1.028013
v 7.696028 6.134267 -0.856205
v 5.420376 0.621902 -1.398947
v 5.212478 1.333439 -1.352723
v 5.873458 0.756633 -2.120281
v 6.060880 0.706235 0.844505
v 5.825117 1.410400 0.847542
v 5.467230 0.561279 0.249225
v 4.924534 3.226356 -0.920053
v 5.311213 2.923229 -1.921917
v 5.199620 3.423327 -1.598028
v 5.151557 2.017162 0.291992
v 5.234767 3.255579 1.112848
v 5.163029 2.646245 0.374919
v 5.160821 3.192323 0.344364
v 4.974354 2.709713 -1.132134
v 5.454608 2.241759 -2.019676
v 5.647434 1.471830 -2.102943
v 5.051373 2.074631 -1.245505
v 5.274513 1.275251 0.234302
v 5.560561 2.139264 0.830404
v 5.337822 2.730357 1.035227
v 4.980382 2.379230 -0.802993
v 5.001142 2.408323 -1.197330
v 5.119101 2.359930 -0.039931
v 5.482841 0.955647 -1.795425
v 5.114909 2.645658 0.006071
v 5.153039 2.346315 0.341175
v 5.118682 2.039238 -0.089533
v 5.294319 0.860258 -0.139178
v 5.585095 0.671370 -1.799580
v 5.211684 1.294706 -0.137689
v 5.391201 0.851698 0.238598
v 5.363845 0.567063 -0.135195
v 5.121291 3.283242 0.038293
v 5.144301 3.347670 0.328848
v 5.103880 3.160248 0.030966
v 5.068315 3.074747 -1.414290
v 5.321971 3.517210 1.430586
v 5.547230 3.742000 1.549318
v 5.416692 3.336708 1.374025
v 5.234363 3.464814 1.066957
v 5.734035 4.149844 1.453842
v 5.921667 4.582226 1.361733
v 5.917610 4.114181 1.249634
v 6.138483 4.971249 1.334352
v 6.383742 5.371933 1.312423
v 6.414776 4.969744 1.261129
v 5.380165 3.735058 -1.743652
v 5.194172 3.570613 -1.440740
v 5.387056 3.590369 -1.935668
v 5.590015 3.944575 -2.060514
v 5.837227 4.245203 -2.361975
v 5.940856 4.195635 -2.504113
v 6.124555 4.606383 -2.575946
v 6.419291 4.972039 -2.630254
v 6.578456 4.973200 -2.450755
v 6.662147 5.376684 -2.506528
v 6.186490 4.110001 -2.436710
v 6.540390 4.577762 -2.362175
v 5.789033 3.667580 -2.368068
v 6.517804 4.041478 -2.322144
v 6.152057 4.041558 1.139852
v 6.462111 4.555930 1.199701
v 6.459299 3.979937 1.147155
v 5.832078 3.526119 1.132579
v 6.875140 4.013775 1.172963
v 7.077329 4.553611 1.122435
v 7.310500 4.103148 1.038914
v 6.717279 3.470793 1.167682
v 5.170186 1.319188 -0.958721
v 5.129303 1.704775 -1.302922
v 7.692177 5.021450 -1.430654
v 7.686634 4.604547 -1.551156
v 7.823888 5.053181 -1.115551
v 7.686966 5.416012 -1.306255
v 7.491248 4.988464 -1.690526
v 6.352109 1.120573 0.964026
v 5.960718 0.989872 0.851393
v 6.198560 1.537473 1.017503
v 6.772802 1.272685 0.958520
v 6.461012 0.840564 0.926651
v 7.079377 1.422392 -2.279613
v 7.535424 1.557279 -2.039858
v 6.965185 1.864062 -2.315196
v 6.598601 1.283324 -2.389137
v 7.162610 1.125710 -2.243865
v 6.149557 1.154108 -2.335769
v 6.024206 1.587733 -2.330987
v 5.769305 1.042067 -2.128444
v 6.249932 0.865669 -2.315571
v 7.224876 1.435072 0.908798
v 7.076243 1.856934 0.983988
v 7.704241 1.598359 0.859056
v 7.331531 1.149793 0.867559
v 6.930566 4.044844 -2.196090
v 7.127267 4.541397 -2.042061
v 6.752265 3.535955 -2.297883
v 7.332131 4.091377 -1.979365
v 7.261058 4.973567 -1.899825
v 7.362586 5.381090 -1.752630
v 7.027437 4.972383 -2.084312
v 7.661691 4.160179 -1.679502
v 7.645402 3.724364 -1.779478
v 7.875094 4.222931 -1.292138
v 7.101111 5.824343 0.977435
v 6.898406 5.376831 1.137214
v 6.892515 5.818529 1.108721
v 7.278823 6.249037 0.736361
v 7.273196 5.830163 0.839923
v 5.457937 3.379753 -2.127793
v 5.244155 3.198459 -1.783390
v 5.604964 3.109508 -2.220792
v 5.796133 2.646099 0.956554
v 5.438993 2.457124 0.912960
v 5.663764 2.943362 1.038028
v 6.210408 2.845886 1.066155
v 5.931665 2.295681 0.966242
v 8.563980 2.793089 0.109777
v 8.693076 2.408830 0.102482
v 8.352609 2.720009 0.559317
v 8.438795 3.188696 0.110706
v 8.509930 2.777025 -0.407537
v 7.665825 3.329299 -1.822336
v 7.718588 2.942105 -1.824188
v 7.946935 3.420866 -1.392924
v 7.241894 3.215158 -2.138482
v 7.657598 5.811506 0.310280
v 7.625126 6.111097 0.224268
v 7.734485 5.820689 0.070398
v 7.678239 5.454022 0.450064
v 7.551343 5.801037 0.521615
v 6.660719 5.829247 1.224069
v 6.927356 6.295518 1.029917
v 7.164270 6.662447 -1.591254
v 7.026188 6.277738 -1.941756
v 7.303737 6.600943 -1.442906
v 7.256575 6.942919 -1.210279
v 7.415328 6.542320 -1.288863
v 7.328274 6.225043 -1.600369
v 7.504374 6.463048 -1.160537
v 7.453268 6.740690 -0.980690
v 7.681480 5.791012 -1.169321
v 7.654088 6.102385 -1.074564
v 7.579959 5.779469 -1.380945
v 7.754551 5.802579 -0.931548
v 7.620124 6.443776 -0.219083
v 7.598160 6.411021 -0.000428
v 7.533325 6.672848 -0.195211
v 7.629198 6.449725 -0.421717
v 7.708409 6.151304 -0.212294
v 7.126643 6.695466 0.724522
v 7.244440 6.972670 0.351155
v 7.269327 6.625509 0.588995
v 6.863995 5.832211 -2.262096
v 7.027820 5.808189 -2.074847
v 7.187783 5.802459 -1.894113
v 6.999854 5.359141 -2.119277
v 7.328678 5.804315 -1.724319
v 7.422724 5.817492 0.690587
v 7.330566 5.415207 0.875571
v 7.500748 6.142538 0.473692
v 6.951820 2.232378 1.069144
v 6.482564 2.061290 1.116606
v 6.826397 2.629956 1.139186
v 7.438924 2.408957 0.951039
v 7.300999 7.117091 -0.041496
v 7.320076 7.172618 -0.438456
v 7.379539 6.977511 -0.088437
v 7.310593 7.102449 -0.826000
v 7.390679 6.969970 -0.760599
v 5.270547 0.891772 -0.991599
v 5.265224 0.900901 -0.563114
v 5.355300 0.604836 -1.005221
v 5.327099 0.907464 -1.385933
v 6.066068 1.911026 1.015167
v 5.700247 1.776121 0.824395
v 8.838252 1.974123 0.092562
v 8.930994 1.678463 0.085805
v 8.620235 1.900043 0.535150
v 8.787935 1.958308 -0.418045
v 7.456122 6.836641 -0.145870
v 7.464448 6.863678 -0.420377
v 7.436521 6.743133 0.143244
v 7.463318 6.836729 -0.693022
v 7.539059 6.677042 -0.640033
v 7.998528 4.268165 -0.862943
v 8.092114 4.305134 -0.421836
v 7.945582 4.681554 -0.818916
v 8.058223 3.862750 -0.896219
v 7.896727 5.074251 -0.777487
v 7.848886 5.448301 -0.733631
v 7.932397 5.091650 -0.430132
v 7.784694 2.528429 -1.801738
v 7.848826 2.127698 -1.761453
v 8.097391 2.631979 -1.382187
v 7.360386 2.402541 -2.118380
v 8.328679 3.556824 0.099110
v 8.140598 3.494033 0.554697
v 8.230255 3.927452 0.072905
v 8.280338 3.540966 -0.410230
v 7.793209 5.808383 -0.682829
v 7.717723 6.144630 -0.639620
v 7.803500 5.813907 -0.430458
v 7.627011 6.442674 -0.621831
v 7.613521 6.409459 -0.837340
v 6.872899 2.260045 -2.340211
v 2.298742 9.762070 -0.983873
v 2.141678 9.717703 -1.228249
v 1.892933 9.673338 -1.443156
v 2.358062 9.626266 -0.138760
v 1.577130 9.643314 -1.620736
v 2.237627 9.399017 0.250332
v 1.218747 9.618435 -1.732490
v 2.049586 9.114422 0.656476
v 0.844562 9.604464 -1.800995
v 1.814475 8.845535 1.036802
v 0.477128 9.597229 -1.837516
v 1.539601 8.623503 1.373726
v 0.116586 9.595128 -1.847091
v 1.248824 8.464660 1.649454
v -0.243475 9.600976 -1.842162
v 0.961258 8.372240 1.853174
v -0.609721 9.612822 -1.810068
v 0.669051 8.315168 1.995350
v -0.982585 9.632357 -1.744110
v 0.377530 8.278275 2.088261
v -1.339883 9.663914 -1.635486
v 0.105663 8.265441 2.124190
v -1.652663 9.696455 -1.452483
v -0.165620 8.281094 2.087774
v -1.896903 9.735577 -1.222392
v -0.456939 8.322894 1.994627
v -2.054303 9.778356 -0.970157
v -0.749861 8.389826 1.858139
v -1.038485 8.498758 1.668217
v -2.124975 9.652716 -0.119402
v -1.331222 8.674717 1.411231
v -2.011890 9.432519 0.279066
v -1.608911 8.910159 1.091613
v -1.837444 9.169082 0.704472
v 2.290731 9.738398 -0.976187
v 2.134357 9.696379 -1.215359
v 1.886105 9.654575 -1.426749
v 2.350317 9.603902 -0.149719
v 1.571654 9.626699 -1.601741
v 2.230976 9.378945 0.235539
v 1.215218 9.603534 -1.711689
v 2.043996 9.095032 0.640416
v 0.842421 9.590700 -1.779212
v 1.810048 8.825511 1.020997
v 0.476189 9.584184 -1.815215
v 1.536227 8.602513 1.358681
v 0.116438 9.582389 -1.824584
v 1.245925 8.443028 1.635087
v -0.242855 9.588114 -1.819759
v 0.958586 8.350706 1.838815
v -0.607893 9.599343 -1.788099
v 0.666874 8.294111 1.980375
v -0.979379 9.617740 -1.723073
v 0.376208 8.257668 2.072628
v -1.334527 9.647448 -1.616359
v 0.105568 8.245059 2.108308
v -1.645484 9.677606 -1.436371
v -0.164586 8.260468 2.072139
v -1.889337 9.714073 -1.209934
v -0.455251 8.301821 1.979494
v -2.046530 9.754537 -0.962483
v -0.747765 8.368529 1.843207
v -1.035769 8.477818 1.652782
v -2.116472 9.630548 -0.130276
v -1.327188 8.654865 1.394930
v -2.003594 9.412740 0.264755
v -1.602807 8.891232 1.075220
v -1.829669 9.150270 0.688829
v 2.598071 9.547775 -1.087208
v 2.382671 9.461352 -1.375818
v 2.058934 9.376472 -1.614006
v 2.692259 9.442754 -0.157799
v 1.681052 9.318360 -1.790388
v 2.567617 9.208263 0.253189
v 1.277573 9.276966 -1.891105
v 2.371890 8.914092 0.689991
v 0.875618 9.253749 -1.947028
v 2.122586 8.635565 1.115442
v 0.490430 9.241606 -1.974217
v 1.822216 8.403995 1.504867
v 0.115609 9.237670 -1.979533
v 1.491167 8.232418 1.830341
v -0.259009 9.244490 -1.976288
v 1.151175 8.124312 2.071790
v -0.643778 9.260667 -1.951831
v 0.805617 8.052526 2.235233
v -1.045124 9.289477 -1.898087
v 0.455726 8.003576 2.340028
v -1.448466 9.338441 -1.801170
v 0.103945 7.984700 2.382157
v -1.823968 9.400771 -1.620182
v -0.247776 8.007395 2.339413
v -2.141393 9.481898 -1.368464
v -0.597134 8.060934 2.233316
v -2.355296 9.566690 -1.074488
v -0.941619 8.139441 2.072549
v -1.279826 8.258139 1.839323
v -2.454288 9.461478 -0.146606
v -1.608722 8.440252 1.526165
v -2.332746 9.227191 0.267600
v -1.907509 8.681005 1.150155
v -2.148258 8.949515 0.718838
v -5.505536 4.636667 1.676790
v -5.149704 3.811298 1.392121
v 0.103849 7.977341 2.435126
v -5.229527 3.997814 1.683349
v -0.251802 8.003389 2.395718
v -6.138937 5.958608 1.355458
v -6.428237 6.444003 1.187768
v -2.414392 9.588777 -1.074526
v -2.532457 9.610107 -0.644450
v -5.628366 5.060723 1.528625
v -4.861419 3.268666 -0.262017
v -5.164913 3.810435 1.383305
v -7.001758 7.494300 -0.489603
v -5.128333 3.697793 1.015883
v 1.846434 8.409125 1.560993
v 2.154140 8.635006 1.159672
v -5.268424 3.979617 1.653467
v -5.468133 4.242589 1.745351
v -6.691134 6.903932 0.880339
v -0.953629 8.143847 2.134999
v -5.561203 4.623029 1.620657
v -5.701689 5.040544 1.495765
v -0.604924 8.061504 2.293370
v -5.431863 4.148029 -2.009780
v -5.270144 3.899048 -1.738353
v -5.883960 4.675450 -2.463511
v -5.643609 4.381475 -2.242917
v -6.343222 5.491316 -2.647194
v -6.112220 5.057273 -2.606946
v -5.098457 3.676128 1.018803
v -5.020586 3.530917 0.679280
v 5.338094 3.916673 1.707460
v -4.952991 3.517043 -1.184698
v 5.665566 4.572635 1.570631
v -5.130431 3.700210 -1.441656
v 5.536671 4.196063 1.754827
v 5.529252 4.024131 -1.931155
v 5.201068 3.495876 -1.360536
v 5.719965 4.260540 -2.187097
v 5.971184 4.555570 -2.421344
v 5.054223 2.981517 -0.554905
v 5.041753 3.045526 -0.819499
v 6.241312 4.950888 -2.578161
v -5.050770 3.584758 0.667679
v -4.987965 3.466769 0.348799
v 5.838441 4.971981 1.453479
v 6.089741 5.399187 1.397538
v 5.378353 3.760974 -1.651274
v 6.421039 5.405353 -2.680851
v 6.179614 4.957292 -2.578187
v 2.744697 9.466005 -0.164033
v 5.920180 4.551522 -2.411844
v -4.863030 3.189955 -0.245547
v 5.674497 4.255466 -2.182044
v -4.831236 3.214047 -0.562540
v 5.498021 4.009983 -1.932165
v -4.826232 3.289459 -0.852985
v -4.939884 3.440777 -1.177461
v -6.913819 7.141321 -1.350114
v -6.781102 6.805498 -1.774823
v 1.509195 8.241251 1.892543
v -5.930037 5.469076 1.417690
v -6.211199 5.926685 1.334822
v 1.163603 8.126869 2.130870
v 2.410091 8.912059 0.721572
v 2.611703 9.211620 0.275258
v 5.171128 3.061786 -0.247047
v 6.610111 6.372291 1.189165
v 0.116018 9.323523 -1.978010
v -6.509704 5.947291 -2.485770
v 1.116953 8.201977 2.046965
v 0.488981 9.327294 -1.971265
v -6.634750 6.387180 -2.159345
v 6.880108 6.827905 0.884234
v 1.447186 8.310208 1.815603
v 7.076244 7.176869 0.460829
v 0.872061 9.339374 -1.941775
v 1.770112 8.476008 1.499374
v 1.269850 9.361682 -1.881651
v 7.167369 7.351395 0.000636
v 2.065568 8.700517 1.118231
v 1.665933 9.400940 -1.775584
v 5.602640 4.586604 1.628803
v 2.312530 8.973835 0.699734
v 2.033605 9.457121 -1.597273
v 2.508312 9.267654 0.267855
v 5.761529 4.993478 1.486888
v 2.343854 9.539930 -1.362595
v 6.012141 5.430237 1.418054
v -6.751031 6.860445 0.855598
v 2.635832 9.508738 -0.140235
v 2.549564 9.623805 -1.078016
v -6.495522 6.408646 1.162749
v 6.308205 5.893959 1.348109
v -1.557820 8.512648 1.524696
v 5.197511 3.537757 1.046384
v -1.235629 8.337248 1.828809
v 6.978637 6.731532 -1.776899
v -7.020525 7.380949 -0.001576
v -2.307107 9.644647 -1.065616
v 5.241319 3.689321 1.480531
v 6.821113 6.309906 -2.164964
v -6.935670 7.203304 0.444641
v -0.906390 8.219254 2.051093
v -2.102469 9.560802 -1.354974
v -0.571484 8.140403 2.205180
v 5.298215 3.933254 1.757104
v -7.001042 7.338669 -0.925907
v -7.047959 7.433121 -0.474395
v 6.382847 5.859252 1.328677
v -1.797514 9.480762 -1.603161
v 5.498296 4.210428 1.830772
v -0.232724 8.086090 2.307143
v 5.162600 2.979056 -0.231807
v -1.431914 9.420498 -1.786701
v 5.133603 3.080779 0.059033
v 0.104396 8.062586 2.347273
v -1.036230 9.373950 -1.889442
v 0.441778 8.082417 2.307722
v -0.639204 9.345984 -1.947086
v 5.136814 3.205153 0.342980
v 0.781127 8.130330 2.205139
v 5.151943 3.376550 0.667471
v -0.256685 9.329914 -1.973487
v -5.815343 4.673095 -2.467842
v -1.632780 8.439837 1.581371
v 0.813557 8.050754 2.292696
v -1.297454 8.265100 1.903478
v 0.459722 7.999714 2.396393
v -6.042405 5.063402 -2.609900
v -6.270500 5.508482 -2.667676
v -6.446689 5.971150 -2.529959
v -5.114714 3.636274 -1.432910
v -5.256394 3.856275 -1.728594
v -5.403523 4.128928 -2.012277
v -2.400005 9.529302 -0.126909
v -1.852828 8.745477 1.154583
v -2.276639 9.288692 0.284109
v -5.584492 4.374142 -2.254452
v -2.091996 9.009841 0.729347
v -2.377619 9.228064 0.286765
v -2.506447 9.481256 -0.156214
v -6.572764 6.412938 -2.205143
v -1.938438 8.671859 1.188446
v -6.720346 6.837489 -1.816419
v -2.186155 8.940799 0.744084
v -6.858767 7.185102 -1.386765
v -6.951490 7.392811 -0.954600
v 6.488752 5.386209 -2.654702
v 0.115726 9.213614 -2.027473
v 0.492743 9.217730 -2.021690
v 1.699828 9.300944 -1.834923
v 2.092453 9.369495 -1.654954
v 0.881158 9.231233 -1.995381
v 1.287734 9.256407 -1.939571
v -4.832305 3.293012 -0.578380
v -4.831444 3.366441 -0.868156
v 5.178390 3.435139 0.665512
v 5.223763 3.558790 1.044126
v -1.055135 9.268029 -1.945802
v -1.467067 9.320106 -1.844672
v -1.857738 9.393098 -1.659449
v -2.188390 9.490701 -1.401476
v 2.656422 9.569757 -1.088388
v -0.261100 9.219924 -2.022885
v -0.649127 9.237172 -1.999109
v 2.428507 9.468678 -1.409412
v 6.609635 5.882865 -2.538986
v 5.036879 3.130866 -0.827957
v 5.073156 3.306108 -1.118289
v 5.074227 3.223321 -1.115081
v 6.673974 5.856737 -2.493241
v 6.756325 6.337536 -2.209250
v 6.915350 6.765299 -1.816512
v 6.941646 6.783869 0.862547
v 6.679714 6.335600 1.166834
v 7.212379 7.287224 -0.000346
v 7.126841 7.119899 0.445566
v 7.205185 7.258320 -0.925140
v 7.249228 7.352769 -0.472194
v 7.116745 7.065465 -1.348740
v 7.059748 7.111172 -1.384139
v 7.154198 7.314415 -0.953137
v 5.134554 3.167704 0.047548
v 5.264476 3.685043 1.461200
v 5.204331 3.561439 -1.365937
v 5.370599 3.713178 -1.650689
v 5.140782 3.286400 0.333560
v -6.311436 5.493640 -2.651103
v -6.071128 5.056842 -2.587731
v -5.842564 4.673753 -2.444079
v -5.612472 4.388371 -2.231116
v -5.402590 4.162436 -1.994077
v -6.888978 7.155005 -1.366981
v -6.743362 6.814818 -1.800884
v -6.752568 6.811423 -1.795110
v -6.596334 6.391196 -2.188469
v -5.893050 5.472490 1.424379
v -6.164324 5.933213 1.344581
v -6.451319 6.416775 1.177539
v -6.605506 6.388838 -2.182278
v -6.300607 5.495587 -2.652981
v -6.481507 5.949587 -2.507021
v -6.712096 6.875289 0.872124
v -6.721500 6.870196 0.868665
v -6.971747 7.365860 -0.942270
v -7.027581 7.457942 -0.480957
v -6.880387 7.160528 -1.372270
v -4.981858 3.446621 0.357762
v -5.031770 3.579918 0.670585
v -4.827789 3.265998 -0.570812
v -4.823442 3.341295 -0.860296
v -5.121690 3.685359 -1.428914
v -4.942722 3.481872 -1.180347
v -4.945512 3.493222 -1.181573
v -4.821241 3.329846 -0.857555
v 6.633344 5.862596 -2.522573
v 5.695117 4.262772 -2.159076
v 5.945261 4.546684 -2.389936
v 6.207501 4.948840 -2.557416
v 6.449865 5.390843 -2.668980
v -4.979743 3.436199 0.361108
v -4.857994 3.241574 -0.253658
v -4.931604 3.313230 0.061669
v -5.165447 3.836001 1.377149
v -5.163928 3.840601 1.376904
v -5.116445 3.713922 1.009349
v -5.523170 4.619987 1.650499
v -5.447947 4.246734 1.769953
v -5.441876 4.248632 1.778619
v -5.665778 5.040104 1.508546
v -5.531765 4.619044 1.643353
v -5.257122 3.898711 -1.719970
v -5.253095 3.894597 -1.714999
v -5.408967 4.161938 -1.996160
v 2.372911 8.935463 0.705877
v 2.123334 8.660931 1.133562
v 1.823210 8.435641 1.525368
v 1.492816 8.268115 1.851233
v 2.699515 9.476220 -0.147305
v 2.749023 9.604200 -0.654209
v 2.570338 9.231337 0.268138
v 5.214211 3.578462 1.036965
v 5.155223 3.420082 0.660146
v 5.133327 3.247838 0.336233
v 5.505323 4.205472 1.799226
v 5.304543 3.943700 1.730919
v 5.251276 3.715595 1.466910
v 5.311837 3.941442 1.721108
v 6.038933 5.408794 1.406004
v 5.622645 4.573936 1.603166
v 5.801260 4.972389 1.464226
v 5.787889 4.976229 1.470036
v 1.152646 8.156181 2.088965
v 1.498809 8.257247 1.859320
v 0.806754 8.081220 2.250693
v 0.456452 8.030858 2.355318
v 0.809656 8.069218 2.259556
v 0.104073 8.009484 2.395553
v 0.458006 8.018498 2.364198
v -2.160246 8.956092 0.731704
v -2.336837 9.249526 0.281533
v -2.149801 8.967217 0.731220
v -2.462647 9.494950 -0.135897
v -2.474925 9.488173 -0.154912
v -1.609781 8.469083 1.547487
v -1.617307 8.457715 1.553188
v -1.908411 8.701488 1.165364
v 0.103994 7.996749 2.404270
v -0.248148 8.034736 2.354718
v -0.597820 8.091854 2.250906
v -0.942413 8.173446 2.092796
v -1.280987 8.293633 1.862883
v -0.259645 9.262602 -1.998545
v -0.646640 9.264605 -1.977376
v 0.115853 9.256109 -2.002957
v -1.048076 9.309186 -1.918159
v -1.455953 9.344676 -1.821958
v -0.645702 9.279510 -1.973603
v -1.049924 9.294579 -1.922567
v -1.829967 9.425073 -1.634276
v -1.452291 9.358821 -1.817238
v -2.149117 9.514157 -1.382700
v -2.502774 9.619598 -0.642583
v -2.365578 9.606750 -1.082154
v 0.491549 9.260195 -1.996917
v 0.491874 9.245204 -2.000479
v 0.878014 9.273230 -1.969213
v 0.878818 9.258380 -1.973204
v 1.281008 9.297220 -1.911306
v 1.282697 9.282660 -1.915929
v 1.685506 9.339437 -1.806971
v 2.065138 9.401291 -1.629089
v 2.389715 9.492591 -1.390582
v 2.607565 9.585480 -1.094571
v 5.053379 3.022071 -0.563161
v 5.034709 3.084693 -0.823500
v 5.512556 4.034812 -1.909939
v 5.205265 3.538347 -1.347052
v 5.073498 3.264141 -1.112828
v 6.778357 6.315193 -2.193161
v 6.937018 6.742207 -1.801865
v 6.333298 5.869255 1.337592
v 6.644188 6.339323 1.175237
v 6.632323 6.345418 1.178998
v 6.899467 6.799703 0.876156
v 7.092627 7.147061 0.456060
v 7.189933 7.308975 0.001094
v 7.182025 7.320312 0.001159
v 7.222168 7.380739 -0.480179
v 7.181562 7.277321 -0.936237
v 7.080008 7.086366 -1.370525
v 6.947736 6.736779 -1.795085
v 7.172527 7.287136 -0.941460
v 5.171256 3.020059 -0.237973
v 5.207725 3.576387 1.036765
v 5.256687 3.714541 1.462909
v 5.377651 3.747112 -1.630237
v 5.130390 3.122550 0.050929
v 2.715497 9.542353 -1.099939
v 2.482401 9.432011 -1.431356
v 2.839180 9.584440 -0.657970
v 2.130325 9.322108 -1.686802
v 1.718744 9.244001 -1.869766
v 1.296078 9.196796 -1.974765
v 0.884815 9.171583 -2.026640
v 0.494049 9.158743 -2.050379
v 0.115544 9.155065 -2.055661
v -2.474392 9.562402 -1.086601
v -2.588186 9.590391 -0.646805
v -2.243171 9.454441 -1.423509
v -1.896178 9.345337 -1.690319
v -1.486621 9.262871 -1.878761
v -1.063988 9.208028 -1.980048
v -0.653202 9.177202 -2.029364
v -0.262789 9.160759 -2.050925
v -0.966146 8.092155 2.199137
v -0.612050 8.009692 2.356332
v -1.317187 8.215163 1.966058
v -0.255049 7.952478 2.453329
v 0.103513 7.927272 2.488155
v -1.660833 8.391474 1.631531
v -1.974062 8.627206 1.219527
v -2.557541 9.457789 -0.155883
v -2.423812 9.199227 0.291130
v -2.227726 8.904245 0.759102
v 1.175452 8.076372 2.193635
v 1.528556 8.194454 1.955569
v 0.820043 7.999415 2.354209
v 0.462333 7.949352 2.453954
v 1.874686 8.364985 1.613272
v 2.190904 8.595438 1.194610
v 2.796398 9.443551 -0.162120
v 2.658870 9.184642 0.281834
v 2.452923 8.879148 0.739961
v 2.761544 9.515625 -1.107528
v 2.524689 9.398246 -1.446209
v 2.883771 9.566154 -0.659685
v 2.159827 9.280187 -1.708986
v 1.733132 9.194756 -1.893935
v 1.302253 9.145734 -1.998928
v 0.887451 9.120838 -2.047387
v 0.494973 9.108783 -2.068908
v 0.115386 9.105552 -2.073741
v -2.521288 9.536465 -1.094638
v -2.286186 9.420961 -1.438497
v -1.926088 9.303102 -1.711739
v -1.501547 9.213425 -1.902285
v -1.070636 9.156713 -2.003392
v -0.656224 9.126269 -2.049257
v -0.264057 9.110703 -2.068906
v -0.975828 8.045625 2.248634
v -0.617483 7.963185 2.404690
v -1.332542 8.170103 2.014302
v -0.257502 7.906985 2.496971
v 0.103225 7.882689 2.527813
v -1.682500 8.348078 1.669317
v -2.001162 8.587395 1.241468
v -2.596360 9.434782 -0.157766
v -2.458601 9.172501 0.291664
v -2.259008 8.871368 0.767993
v 1.184505 8.030859 2.241976
v 1.543617 8.151917 2.004244
v 0.824849 7.953350 2.401326
v 0.464202 7.904320 2.497544
v 1.896681 8.324879 1.652919
v 2.219288 8.559536 1.219740
v 2.835832 9.421272 -0.162707
v 2.694750 9.159277 0.284088
v 2.485653 8.849028 0.751498
v 2.369403 9.728499 -1.011296
v 2.198809 9.672809 -1.267770
v 1.933018 9.617376 -1.488821
v 2.436101 9.598180 -0.137054
v 1.602662 9.579739 -1.667108
v 2.313521 9.366709 0.258033
v 1.233510 9.550563 -1.777634
v 2.123144 9.079443 0.671515
v 0.852550 9.534070 -1.844014
v 1.884537 8.809442 1.062295
v 0.480573 9.525364 -1.878699
v 1.603781 8.586887 1.411239
v 0.116458 9.522741 -1.887530
v 1.304048 8.426234 1.697993
v -0.247234 9.528763 -1.882698
v 1.004681 8.329457 1.909348
v -0.618197 9.541892 -1.852088
v 0.700357 8.268292 2.056062
v -0.997986 9.563971 -1.788245
v 0.395491 8.228278 2.151771
v -1.366283 9.600023 -1.680883
v 0.105332 8.213478 2.188761
v -1.693969 9.640654 -1.497144
v -0.184311 8.231334 2.151259
v -1.955010 9.691539 -1.261341
v -0.488829 8.276656 2.055570
v -2.125457 9.746055 -0.997936
v -0.793402 8.346901 1.914179
v -1.093340 8.458253 1.715423
v -2.202404 9.622965 -0.119376
v -1.394457 8.633877 1.445635
v -2.086468 9.396720 0.283240
v -1.677332 8.868456 1.112153
v -1.909123 9.128867 0.714381
v 2.365472 9.686685 -1.002293
v 2.194580 9.634076 -1.252744
v 1.927692 9.582054 -1.470104
v 2.433689 9.559734 -0.153781
v 1.597757 9.547077 -1.644948
v 2.313226 9.332819 0.237124
v 1.230021 9.519717 -1.752271
v 2.124274 9.046485 0.649680
v 0.850254 9.504524 -1.816734
v 1.886741 8.774623 1.041450
v 0.479546 9.496746 -1.850452
v 1.606537 8.549337 1.392128
v 0.116204 9.494478 -1.858779
v 1.306219 8.386744 1.680841
v -0.246745 9.500451 -1.854361
v 1.005859 8.290509 1.893915
v -0.616451 9.512790 -1.824570
v 0.700882 8.230224 2.040779
v -0.995084 9.533554 -1.762517
v 0.395685 8.190760 2.136017
v -1.361777 9.567685 -1.658586
v 0.105148 8.176630 2.173241
v -1.688405 9.605381 -1.478924
v -0.185029 8.193808 2.135497
v -1.950444 9.652448 -1.246920
v -0.490131 8.238114 2.039619
v -2.121675 9.703495 -0.988838
v -0.795461 8.307717 1.897307
v -1.095803 8.419416 1.696179
v -2.198678 9.584455 -0.136366
v -1.396266 8.597903 1.424429
v -2.083674 9.362978 0.262756
v -1.677232 8.835506 1.090709
v -1.907219 9.096905 0.693305
v 5.035030 3.181466 -0.833624
v 5.185256 3.439418 0.668159
v 5.067814 3.350380 -1.126217
v 5.134173 3.213972 0.045079
v 5.141948 3.317317 0.331228
v 5.277733 3.640330 1.453586
v 5.398046 3.864700 1.670224
v 5.228961 3.539099 1.049096
v 5.589895 4.182525 1.672022
v 5.733148 4.575975 1.511262
v 5.918983 4.971877 1.420693
v 6.169491 5.390968 1.376551
v 5.378964 3.762313 -1.670802
v 5.201316 3.574702 -1.381763
v 5.550189 4.003173 -1.960151
v 5.753562 4.257768 -2.233037
v 6.009234 4.572936 -2.474570
v 6.290168 4.958010 -2.609823
v 6.538384 5.384468 -2.621989
v 6.459546 5.850279 1.304052
v 6.750303 6.324537 1.133996
v 7.033735 6.713710 -1.727394
v 6.880865 6.302024 -2.105417
v 7.159318 7.032791 -1.311226
v 6.996960 6.760084 0.828704
v 7.163688 7.079568 0.422292
v 6.728398 5.850692 -2.431943
v 7.241071 7.240260 -0.006698
v 7.277456 7.299522 -0.461072
v 7.238588 7.215788 -0.900812
v 7.079105 7.390618 -0.983925
v 6.980176 7.180868 -1.416764
v 6.831675 6.831936 -1.849551
v 6.671387 6.404405 -2.246306
v 6.520222 5.947000 -2.575732
v 6.317480 5.457488 -2.701863
v 6.084332 4.993027 -2.633364
v 5.842417 4.575945 -2.469272
v 5.612463 4.241787 -2.242990
v 5.440012 3.932084 -2.003636
v 5.322513 3.588454 -1.732574
v 5.162881 3.312115 -1.431942
v 5.046587 3.052728 -1.138633
v 5.028508 2.881073 -0.813519
v 5.022941 2.807449 -0.526373
v 5.103359 2.806278 -0.211178
v 7.103138 7.436892 -0.006383
v 7.007870 7.260171 0.464048
v 6.804110 6.912768 0.893233
v 6.526982 6.460550 1.205003
v 6.218060 5.979043 1.367490
v 5.918081 5.504318 1.443825
v 5.668165 5.052090 1.530063
v 5.527311 4.629248 1.702570
v 5.468216 4.230976 1.915505
v 5.279314 3.914216 1.817064
v 5.213269 3.624724 1.510616
v 5.158222 3.406972 1.077539
v 5.130078 3.213770 0.694319
v 5.135191 3.039992 0.368066
v 5.126700 2.910673 0.088377
v 5.031764 3.221895 -0.838382
v 5.188421 3.442418 0.669428
v 5.062289 3.385434 -1.133095
v 5.131950 3.250822 0.043033
v 5.141746 3.341182 0.329199
v 5.288129 3.605195 1.446993
v 5.448312 3.821624 1.638696
v 5.231389 3.525214 1.052145
v 5.634387 4.171294 1.601652
v 5.789026 4.578757 1.460486
v 5.985505 4.971947 1.391606
v 6.235036 5.384368 1.356675
v 5.380245 3.761997 -1.684610
v 5.198473 3.583829 -1.393552
v 5.568159 3.986575 -1.981933
v 5.782404 4.255975 -2.268882
v 6.042249 4.587046 -2.516223
v 6.330931 4.963608 -2.632830
v 6.577236 5.383091 -2.591666
v 6.521753 5.842846 1.280205
v 6.805402 6.314704 1.102043
v 7.073570 6.697253 -1.682794
v 6.925324 6.294351 -2.052114
v 7.188210 7.003911 -1.277781
v 7.036437 6.738918 0.795911
v 7.186306 7.044643 0.400100
v 6.769444 5.845312 -2.377609
v 7.256736 7.200260 -0.015577
v 7.285525 7.269541 -0.455359
v 7.259228 7.179260 -0.877202
v 5.178536 3.387830 -1.402124
v 5.044085 2.886201 -0.533295
v 5.047261 2.956138 -0.811193
v 6.358810 5.436810 -2.695452
v 6.122190 4.978351 -2.613173
v 5.873147 4.565607 -2.447874
v 5.637087 4.246360 -2.219909
v 5.463830 3.962199 -1.975837
v 6.560473 6.426383 1.200706
v 6.835381 6.880950 0.892117
v 7.036702 7.229780 0.464658
v 7.130648 7.405906 -0.002747
v 5.557215 4.612441 1.673810
v 5.705264 5.029007 1.513777
v 5.955444 5.475110 1.434722
v 6.253970 5.945600 1.361166
v 5.173560 3.458573 1.065305
v 5.223943 3.649479 1.499196
v 5.286549 3.921281 1.794194
v 5.480100 4.222801 1.882583
v 5.130487 2.881999 -0.216334
v 5.131304 2.981276 0.077773
v 5.136353 3.106506 0.358309
v 5.138720 3.278569 0.683682
v 6.556366 5.922332 -2.563164
v 5.065909 3.126777 -1.126164
v 6.706130 6.379240 -2.233664
v 6.866092 6.807289 -1.838552
v 7.013120 7.155299 -1.405515
v 7.110565 7.362802 -0.972820
v 5.342739 3.638040 -1.699902
v -6.915901 7.428111 -0.970268
v -6.966409 7.532039 -0.499220
v -6.821899 7.217432 -1.403927
v -6.681740 6.868021 -1.834157
v -6.533083 6.443084 -2.224340
v -6.404095 5.998921 -2.549227
v -6.222776 5.528852 -2.682838
v -5.999737 5.075599 -2.636685
v -5.776953 4.676328 -2.496409
v -5.560326 4.357423 -2.283086
v -5.402954 4.078506 -2.038845
v -5.254722 3.792609 -1.753467
v -5.099106 3.560915 -1.452683
v -4.926233 3.364327 -1.176887
v -4.826844 3.217011 -0.846229
v -4.831326 3.141356 -0.551542
v -4.865574 3.116374 -0.234686
v -6.943738 7.482872 -0.004338
v -6.851471 7.298654 0.462892
v -6.655377 6.944954 0.886732
v -6.389310 6.485701 1.196620
v -6.096505 5.999354 1.365170
v -5.810799 5.532456 1.450544
v -5.583529 5.090119 1.547205
v -5.473176 4.662823 1.710856
v -5.417742 4.264903 1.847835
v -5.213402 3.990127 1.705348
v -5.130243 3.774389 1.409482
v -5.073678 3.611613 1.035935
v -5.006572 3.453569 0.691234
v -4.975371 3.312532 0.373050
v -4.942183 3.195625 0.074530
v -6.884156 7.456166 -0.982659
v -6.934440 7.561647 -0.507158
v -6.789238 7.243178 -1.417049
v -6.647791 6.892568 -1.847520
v -6.498377 6.467649 -2.239032
v -6.367216 6.021975 -2.564139
v -6.181938 5.546151 -2.694426
v -5.963564 5.086216 -2.658310
v -5.744619 4.679581 -2.519619
v -5.540019 4.344001 -2.306454
v -5.402072 4.036058 -2.061150
v -5.252014 3.737946 -1.774788
v -5.081242 3.493461 -1.469649
v -4.905816 3.292955 -1.175503
v -4.819184 3.149091 -0.839450
v -4.824367 3.073031 -0.540703
v -4.860297 3.046088 -0.222791
v -6.915367 7.514785 -0.008041
v -6.822121 7.331598 0.463318
v -6.624025 6.978798 0.890615
v -6.355660 6.520808 1.202932
v -6.059999 6.033976 1.372252
v -5.772913 5.562065 1.459383
v -5.544892 5.115011 1.561945
v -5.444952 4.684963 1.738932
v -5.404445 4.274376 1.878039
v -5.200430 3.984581 1.722479
v -5.113919 3.744176 1.423514
v -5.051912 3.556764 1.050476
v -4.993574 3.386872 0.701538
v -4.968596 3.241611 0.380087
v -4.941547 3.125662 0.083528
v -4.924784 3.386896 0.040687
v -4.989582 3.489209 0.339161
v -5.164314 3.779122 1.389336
v -5.299689 3.942889 1.643341
v -5.135388 3.684772 1.020949
v -5.504068 4.238362 1.688597
v -5.618878 4.632367 1.565791
v -5.775334 5.042029 1.460517
v -6.006042 5.462743 1.395465
v -5.281397 3.897620 -1.755262
v -5.466223 4.128072 -2.027836
v -5.135585 3.714457 -1.454255
v -5.699698 4.374054 -2.261757
v -5.942586 4.682897 -2.492937
v -6.172127 5.062282 -2.635668
v -6.402298 5.487765 -2.632420
v -6.284449 5.920613 1.310968
v -6.562107 6.399305 1.131323
v -6.832825 6.791158 -1.728624
v -6.954415 7.112890 -1.314761
v -6.690700 6.381533 -2.104769
v -6.803294 6.840395 0.824554
v -6.972251 7.170867 0.423868
v -6.563011 5.941455 -2.434258
v -7.047703 7.340290 -0.006797
v -7.074232 7.390435 -0.463507
v -7.032655 7.300566 -0.902453
v -4.833594 3.330776 -0.588330
v -4.837391 3.399156 -0.879331
v -4.861427 3.305904 -0.272813
v -5.063869 3.590348 0.664636
v -4.957978 3.544642 -1.189830
v -4.919835 3.413047 0.033415
v -4.989751 3.504792 0.332594
v -5.163978 3.757276 1.393229
v -5.323575 3.915707 1.634965
v -5.139120 3.676960 1.023957
v -5.531255 4.235512 1.643957
v -5.663051 4.639617 1.522330
v -5.832123 5.043172 1.432052
v -6.064686 5.457849 1.377061
v -5.288492 3.896488 -1.766131
v -5.491464 4.113717 -2.040668
v -5.138278 3.723978 -1.462575
v -5.742289 4.369097 -2.275612
v -5.987482 4.689076 -2.514832
v -6.218157 5.066389 -2.656959
v -6.447226 5.485027 -2.619931
v -6.340833 5.915853 1.291326
v -6.612931 6.391827 1.105798
v -6.870894 6.779307 -1.691617
v -6.983294 7.090198 -1.286641
v -6.732550 6.376523 -2.061048
v -6.841967 6.824398 0.799291
v -6.998027 7.145400 0.407042
v -6.603192 5.936569 -2.393059
v -7.066075 7.308824 -0.013101
v -7.084355 7.369253 -0.458509
v -7.054403 7.270954 -0.882023
v -4.833767 3.358302 -0.595464
v -4.840826 3.422663 -0.887474
v -4.860857 3.333290 -0.280554
v -5.071356 3.594419 0.662552
v -4.960764 3.563956 -1.193681
v 6.043501 8.246412 -0.746805
v 5.086207 8.727743 -0.803926
v 4.099790 9.068616 -0.833655
v 6.832769 7.765001 -0.704790
v 3.274918 9.398101 -0.825411
v 5.577823 8.503350 -0.776127
v 4.581962 8.899465 -0.822132
v 7.044298 7.572243 -0.678005
v 6.481969 7.999725 -0.725615
v 3.655554 9.243455 -0.834532
v 2.994596 9.510628 -0.810231
v 7.283275 7.251411 -0.336236
v 2.755515 9.609953 -0.791809
v 7.196179 7.392739 -0.628920
v 7.241935 7.330082 -0.606800
v 2.718552 9.613362 -0.800500
v 7.212234 7.362844 -0.620063
v 2.813505 9.588285 -0.796903
v 2.858228 9.565789 -0.800268
v 7.269856 7.282897 -0.591928
v 7.126825 7.476820 -0.654618
v 7.284371 7.245727 -0.568549
v 7.156266 7.446132 -0.644952
v 6.042063 8.278696 -0.429949
v 5.071966 8.742947 -0.483763
v 4.082780 9.048177 -0.525451
v 6.845342 7.788451 -0.394042
v 3.278942 9.374872 -0.519370
v 5.570749 8.533835 -0.455472
v 4.563128 8.893406 -0.510257
v 7.055624 7.589921 -0.376427
v 6.488477 8.029383 -0.409898
v 3.647922 9.219551 -0.525945
v 3.009893 9.488377 -0.512613
v 7.162736 7.459534 -0.353414
v 2.782047 9.582808 -0.508193
v 7.200119 7.404045 -0.342670
v 7.243719 7.338554 -0.333571
v 2.747916 9.583232 -0.494889
v 7.222510 7.361242 -0.335589
v 7.214842 7.372834 -0.337352
v 2.837524 9.562557 -0.508443
v 2.879939 9.541413 -0.509832
v 7.270082 7.290041 -0.328368
v 7.134747 7.491303 -0.360598
v 6.053215 8.275734 -0.622390
v 6.052997 8.281722 -0.564370
v 5.091846 8.754645 -0.675829
v 5.089288 8.757522 -0.617193
v 4.104195 9.086108 -0.705988
v 4.101130 9.082477 -0.649524
v 6.846668 7.789296 -0.582822
v 6.849012 7.793659 -0.525920
v 3.293316 9.416194 -0.700039
v 3.294127 9.412061 -0.643977
v 5.586515 8.534545 -0.649825
v 5.585272 8.540214 -0.591107
v 4.585173 8.920809 -0.694748
v 4.581772 8.919804 -0.637619
v 7.059430 7.596797 -0.558427
v 7.061552 7.600114 -0.503200
v 6.493153 8.025277 -0.601924
v 6.494385 8.030771 -0.544113
v 3.666694 9.261551 -0.706648
v 3.665359 9.257295 -0.650114
v 3.017270 9.524144 -0.691141
v 3.020146 9.520176 -0.636634
v 2.779286 9.606027 -0.679956
v 2.783936 9.601429 -0.630917
v 7.207441 7.412146 -0.513740
v 7.208206 7.414285 -0.461312
v 7.140460 7.499361 -0.537179
v 7.141957 7.502090 -0.483332
v 7.170283 7.470047 -0.474791
v 7.169052 7.467518 -0.528185
v 7.229874 7.370626 -0.500844
v 7.230284 7.372289 -0.453514
v 7.222583 7.381233 -0.506046
v 7.223103 7.383130 -0.454265
v 2.837006 9.589398 -0.683775
v 2.841480 9.584782 -0.630955
v 2.881608 9.570308 -0.685775
v 2.885658 9.565941 -0.632590
v 2.387202 9.715949 -0.388695
v 2.349377 9.747461 -0.783433
v 2.433394 9.743465 -0.804653
v 2.465735 9.689672 -0.393049
v 2.666426 9.604013 -0.408958
v 2.357767 9.772021 -0.786277
v 2.378923 9.692076 -0.395091
v 2.429207 9.700319 -0.802140
v 2.720568 9.532887 -0.424380
v 2.462127 9.648128 -0.403556
v 2.677499 9.575901 -0.860972
v 2.731172 9.575432 -0.431032
v 2.691325 9.617663 -0.851954
v 2.626371 9.651369 -0.850978
v 2.456982 9.687917 -0.609556
v 2.712151 9.570301 -0.648021
v 2.724711 9.612090 -0.646827
v 2.374905 9.732826 -0.596418
v 2.383391 9.757442 -0.594633
v 2.659723 9.644597 -0.635619
v 2.461164 9.731049 -0.605584
v -5.811993 8.328730 -0.455695
v -4.834120 8.767684 -0.508415
v -3.850459 9.081874 -0.542211
v -6.602789 7.848106 -0.410320
v -3.040284 9.389523 -0.526441
v -5.339044 8.578224 -0.481632
v -4.327181 8.918014 -0.531539
v -6.832826 7.659478 -0.388288
v -6.253705 8.081783 -0.432521
v -3.411683 9.240794 -0.537637
v -2.768687 9.498832 -0.516773
v -2.538349 9.591810 -0.508708
v -6.999567 7.490443 -0.355260
v -7.045149 7.428547 -0.346005
v -2.593851 9.571131 -0.510003
v -2.636736 9.550215 -0.512135
v -6.965345 7.528633 -0.363287
v -6.934651 7.558952 -0.370075
v -7.071096 7.385953 -0.339359
v -7.087116 7.355643 -0.344766
v -5.815014 8.297548 -0.748672
v -4.851432 8.760416 -0.802417
v -3.867362 9.101308 -0.826660
v -6.594902 7.824884 -0.697624
v -3.037261 9.413059 -0.809353
v -5.348801 8.552320 -0.778270
v -4.347586 8.928668 -0.818423
v -6.821279 7.638835 -0.668703
v -6.249909 8.052759 -0.723589
v -3.419541 9.263538 -0.823128
v -2.754768 9.522182 -0.791037
v -2.512113 9.617711 -0.770866
v -6.991991 7.474596 -0.621987
v -7.039207 7.415404 -0.600490
v -2.475698 9.624190 -0.781242
v -2.570466 9.596381 -0.776227
v -2.615976 9.574712 -0.779945
v -6.956429 7.511497 -0.633611
v -6.924582 7.540741 -0.643052
v -7.066669 7.373621 -0.586064
v -7.083952 7.344818 -0.565528
v -2.386138 9.674767 -0.838267
v -2.151147 9.740744 -0.372168
v -2.229521 9.714105 -0.377512
v -2.192142 9.764011 -0.790489
v -2.142579 9.716891 -0.378492
v -2.116197 9.791462 -0.771527
v -2.225217 9.672064 -0.388215
v -2.108032 9.766744 -0.768549
v -2.482144 9.554111 -0.412918
v -2.436496 9.596661 -0.848341
v -2.187995 9.719952 -0.787791
v -2.493038 9.596458 -0.420784
v -2.429611 9.627539 -0.395966
v -2.450861 9.639271 -0.838312
v -2.472868 9.592326 -0.636087
v -2.485436 9.635419 -0.634802
v -2.222691 9.754361 -0.591115
v -2.421669 9.669374 -0.622896
v -2.144772 9.780184 -0.579463
v -2.136299 9.755445 -0.581111
v -2.218216 9.710379 -0.595058
v -5.823536 8.332587 -0.582741
v -4.853156 8.787535 -0.632461
v -3.868971 9.116370 -0.658961
v -6.602615 7.850554 -0.533490
v -3.054664 9.423706 -0.643614
v -5.355369 8.588663 -0.609405
v -4.346443 8.946587 -0.650272
v -6.831984 7.663183 -0.506902
v -6.259140 8.082603 -0.558705
v -3.428250 9.275375 -0.654739
v -2.777748 9.529022 -0.632965
v -2.535676 9.611618 -0.624252
v -7.003063 7.496463 -0.468394
v -2.591992 9.591533 -0.625288
v -2.637518 9.572889 -0.627428
v -6.967856 7.534249 -0.477767
v -6.936070 7.563969 -0.485519
v -5.823967 8.327508 -0.629625
v -4.855868 8.786255 -0.679526
v -3.871619 9.119346 -0.704512
v -6.601334 7.846772 -0.579473
v -3.054095 9.427330 -0.688914
v -5.356869 8.584409 -0.656880
v -4.349654 8.948170 -0.696209
v -6.830112 7.659814 -0.551791
v -6.258496 8.077888 -0.605284
v -3.429435 9.278873 -0.700458
v -2.775431 9.532628 -0.676868
v -2.531617 9.615432 -0.664002
v -7.001815 7.493854 -0.511113
v -2.588162 9.595457 -0.667892
v -2.634108 9.576691 -0.670290
v -6.966396 7.531441 -0.521040
v -6.934428 7.560987 -0.529217
v -7.445603 1.740461 0.773103
v -6.481644 1.469160 -2.383148
v -8.676730 2.138980 -0.387132
v -7.411774 1.732839 -2.004864
v -5.078907 1.141165 -0.634619
v -6.520856 1.420843 0.944201
v -8.396463 2.048936 0.497753
v -8.149107 1.963586 -1.277997
v -5.149901 1.131944 -1.448906
v -5.710816 1.168479 0.808779
v -5.636321 1.248739 -2.163024
v -5.180147 1.074627 0.165934
v -5.079924 1.130224 -1.055144
v -6.098040 1.280873 0.944799
v -6.960801 1.601182 -2.258022
v -6.029101 1.349871 -2.355389
v -6.971163 1.578482 0.863895
v -8.689512 2.144237 0.112106
v -7.805523 1.853708 -1.666405
v -7.934879 1.900325 0.681670
v -8.451468 2.063559 -0.854485
v -5.387750 1.094538 0.534477
v -5.328343 1.170688 -1.847392
v -7.421004 1.816583 0.783209
v -6.461379 1.547037 -2.391389
v -8.655729 2.217769 -0.387901
v -7.397298 1.812200 -2.016538
v -5.063234 1.213798 -0.632063
v -6.496588 1.493963 0.966432
v -8.373194 2.126660 0.503165
v -8.134603 2.043363 -1.286764
v -5.125358 1.207503 -1.445177
v -5.687846 1.243536 0.812462
v -5.614356 1.325192 -2.161020
v -5.157272 1.150341 0.165701
v -5.087981 1.174984 -0.220708
v -5.060395 1.208155 -1.050763
v -6.072796 1.354590 0.959987
v -6.943104 1.679846 -2.268538
v -6.007372 1.427067 -2.357547
v -6.947391 1.653042 0.881833
v -8.667283 2.222451 0.114399
v -7.793885 1.933611 -1.679018
v -7.910461 1.977368 0.688645
v -8.432510 2.142776 -0.858500
v -5.364659 1.169672 0.534969
v -5.304553 1.246164 -1.844476
v 8.545369 1.955167 -0.892370
v 7.918350 1.752011 -1.717581
v 8.262517 1.860638 -1.329965
v 8.167076 1.829253 0.774270
v 5.607103 0.965165 0.588846
v 7.678524 1.668264 0.860323
v 6.576636 1.354127 -2.391191
v 8.761045 2.028209 -0.416565
v 7.514822 1.629322 -2.043438
v 6.746475 1.341084 0.966715
v 8.593581 1.969841 0.534579
v 5.463842 1.025509 -1.790709
v 5.310277 0.977675 -1.381094
v 5.939280 1.059103 0.848113
v 5.748686 1.111920 -2.124860
v 5.377131 0.922539 0.234406
v 5.283220 0.932009 -0.140563
v 5.255917 0.962272 -0.987599
v 6.326651 1.188925 0.968343
v 7.057920 1.493907 -2.282659
v 6.127867 1.224362 -2.334353
v 7.198770 1.504328 0.914104
v 8.810836 2.043697 0.093225
v 8.160354 1.849077 0.775014
v 8.539227 1.975292 -0.892681
v 5.601639 0.984540 0.587920
v 7.671764 1.687948 0.861879
v 6.570996 1.374209 -2.391897
v 8.754160 2.048103 -0.416289
v 7.510231 1.649747 -2.045534
v 6.739537 1.360105 0.971248
v 8.586906 1.989741 0.535137
v 8.257608 1.881045 -1.331281
v 5.458596 1.045197 -1.789179
v 5.304989 0.997287 -1.379702
v 5.933191 1.078459 0.848126
v 5.743315 1.131710 -2.123560
v 5.371602 0.941959 0.234098
v 5.279352 0.951949 -0.140507
v 5.251164 0.981957 -0.986250
v 6.319641 1.208020 0.971255
v 7.052646 1.514148 -2.284159
v 6.122266 1.244311 -2.334010
v 7.191930 1.523686 0.917363
v 8.804127 2.063622 0.093681
v 7.914143 1.772526 -1.719737
v 8.136518 1.923708 0.781858
v 8.519783 2.051802 -0.895989
v 5.578122 1.056424 0.587371
v 7.647086 1.761626 0.871965
v 6.550032 1.449440 -2.398831
v 8.732256 2.124032 -0.416403
v 7.495326 1.726533 -2.057015
v 5.233377 1.065382 -0.557458
v 6.713995 1.430780 0.992476
v 8.564794 2.065268 0.540237
v 8.242503 1.958239 -1.338887
v 5.435342 1.118244 -1.785679
v 5.281110 1.069869 -1.375548
v 5.908549 1.150385 0.852012
v 5.720571 1.205408 -2.122045
v 5.347001 1.013858 0.234609
v 5.260672 1.025847 -0.139707
v 5.229146 1.054824 -0.981476
v 6.292939 1.278930 0.986401
v 7.034304 1.590139 -2.293835
v 6.099984 1.318838 -2.336804
v 7.166928 1.595834 0.933822
v 8.782940 2.139679 0.096206
v 7.901271 1.849810 -1.730978
v -5.091049 1.051102 -0.636228
v -7.435638 1.640605 -1.997910
v -7.477834 1.651255 0.772107
v -6.507772 1.378467 -2.379344
v -6.552690 1.333039 0.936618
v -8.708122 2.048879 -0.387735
v -8.428935 1.959466 0.498406
v -8.174274 1.871555 -1.273551
v -5.170691 1.041844 -1.454130
v -5.660321 1.158959 -2.167431
v -5.735416 1.079394 0.814761
v -5.196776 0.983574 0.170107
v -6.127877 1.192843 0.942670
v -6.986384 1.509704 -2.252837
v -6.054677 1.259757 -2.355888
v -7.003410 1.490006 0.858299
v -5.097086 1.038512 -1.059305
v -8.722382 2.054806 0.112157
v -7.828541 1.761202 -1.659191
v -7.966844 1.810762 0.682289
v -8.480559 1.972599 -0.853832
v -5.407475 1.004431 0.541742
v -5.351115 1.081156 -1.852753
v -5.281770 0.715315 0.170701
v -5.170385 0.782015 -0.641199
v -5.495734 0.737983 0.540540
v -5.189584 0.770763 -1.066997
v -5.828807 0.815172 0.800510
v -5.270120 0.778733 -1.457120
v -6.223683 0.930607 0.903165
v -5.452708 0.818881 -1.844103
v -6.646244 1.070027 0.882658
v -5.756993 0.893940 -2.144636
v -7.095818 1.223912 0.808254
v -6.142736 0.991638 -2.314986
v -7.569807 1.381809 0.732184
v -6.583927 1.106424 -2.326598
v -8.054134 1.538125 0.646567
v -7.050484 1.233246 -2.199909
v -8.505154 1.682509 0.468868
v -7.487134 1.360230 -1.944094
v -8.785470 1.772988 0.099859
v -7.873940 1.478709 -1.609791
v -8.765803 1.765218 -0.379520
v -8.222136 1.588138 -1.234761
v -8.536214 1.689314 -0.830320
v 5.486052 0.568161 0.241234
v 5.384149 0.574173 -0.137566
v 5.723895 0.612954 0.591159
v 6.068436 0.711848 0.825148
v 6.461817 0.845671 0.905469
v 5.439564 0.630314 -1.393559
v 6.878458 0.996379 0.886238
v 5.601696 0.679522 -1.788329
v 7.328313 1.153826 0.846443
v 5.885024 0.763713 -2.103515
v 7.805434 1.312279 0.810731
v 6.254899 0.871279 -2.295331
v 8.286500 1.468306 0.737483
v 6.688840 0.995025 -2.332389
v 8.700609 1.603827 0.506403
v 7.154746 1.128112 -2.223852
v 8.910330 1.674417 0.081714
v 7.599523 1.258800 -1.988715
v 8.857031 1.657032 -0.411602
v 7.994897 1.378554 -1.667697
v 8.636209 1.582882 -0.872652
v 8.343163 1.486905 -1.293829
v -5.217507 1.086446 0.195673
v -5.098639 1.155439 -0.625853
v -5.420968 1.107880 0.548204
v -5.107751 1.139246 -1.076329
v -5.735105 1.180809 0.802566
v -5.180407 1.145343 -1.466183
v -6.113707 1.291579 0.915111
v -5.357742 1.184187 -1.851472
v -6.529263 1.428327 0.905331
v -5.659849 1.258548 -2.156308
v -6.978505 1.582053 0.831201
v -6.046732 1.356214 -2.334938
v -7.454448 1.740903 0.748255
v -6.491463 1.471419 -2.354203
v -7.940369 1.897967 0.655795
v -6.962026 1.598871 -2.231891
v -8.391870 2.042598 0.473353
v -7.401946 1.726545 -1.977269
v -8.673196 2.133416 0.100114
v -7.788589 1.845273 -1.639830
v -8.657489 2.126793 -0.384855
v -8.130699 1.953742 -1.257235
v -8.435408 2.052857 -0.843551
v 5.420518 0.884203 0.256006
v 5.319900 0.889915 -0.111803
v 5.646049 0.926499 0.595692
v 5.972987 1.020445 0.834060
v 5.294723 0.925922 -1.004902
v 6.356387 1.150260 0.929896
v 5.350699 0.941032 -1.394591
v 6.773139 1.300079 0.920602
v 5.506852 0.988457 -1.791731
v 7.226484 1.458995 0.877589
v 5.788620 1.072003 -2.113770
v 7.706204 1.619121 0.831447
v 6.162140 1.180314 -2.313877
v 8.188040 1.775909 0.748103
v 6.602676 1.305567 -2.356854
v 8.600933 1.911200 0.510562
v 7.074018 1.440007 -2.249489
v 8.809545 1.981449 0.082625
v 7.521455 1.571542 -2.012129
v 8.758317 1.964718 -0.413812
v 7.915920 1.691374 -1.686825
v 8.543564 1.892382 -0.879809
v 8.258581 1.798540 -1.307140
v -5.209025 1.090915 0.198941
v -5.088588 1.159815 -0.625467
v -5.413817 1.112496 0.553649
v -5.098547 1.143369 -1.077355
v -5.730136 1.185735 0.809860
v -5.171481 1.149336 -1.468824
v -6.111111 1.296874 0.923363
v -5.349858 1.188275 -1.856311
v -6.528234 1.433884 0.913785
v -5.653989 1.262993 -2.163197
v -6.977973 1.587744 0.839598
v -6.043526 1.361156 -2.343150
v -7.453986 1.746730 0.756534
v -6.490922 1.476889 -2.362683
v -7.940694 1.904181 0.663769
v -6.963675 1.604809 -2.239928
v -8.394692 2.049696 0.479912
v -7.405203 1.732897 -1.984468
v -8.678781 2.141406 0.102651
v -7.792744 1.851972 -1.646227
v -8.663270 2.134740 -0.386948
v -8.135270 1.960788 -1.262920
v -8.440415 2.060325 -0.848172
v 5.401154 0.938316 0.262157
v 5.300096 0.943911 -0.105932
v 5.626340 0.980381 0.602633
v 5.952878 1.073799 0.843640
v 5.272026 0.979096 -1.005910
v 6.337160 1.203275 0.942888
v 5.326900 0.993670 -1.397105
v 6.755273 1.353134 0.935368
v 5.483074 1.040878 -1.797029
v 7.209442 1.512436 0.891775
v 5.766629 1.124722 -2.122501
v 7.689824 1.673171 0.843777
v 6.143527 1.233772 -2.325501
v 8.173403 1.830876 0.758223
v 6.588087 1.359971 -2.369848
v 8.589250 1.967355 0.517370
v 7.062728 1.495264 -2.262219
v 8.799839 2.038349 0.084406
v 7.512336 1.627478 -2.023612
v 8.748842 2.021629 -0.416605
v 7.907738 1.747777 -1.696665
v 8.534395 1.949152 -0.885550
v 8.250182 1.855200 -1.315061
v 5.472354 0.653930 0.243460
v 5.371116 0.659915 -0.131270
v 5.705987 0.697926 0.589329
v 5.341532 0.702467 -0.565365
v 6.044457 0.795366 0.823562
v 5.357932 0.698121 -1.003591
v 6.433798 0.928006 0.907705
v 5.419729 0.714968 -1.392685
v 6.849746 1.078386 0.891137
v 5.579724 0.763649 -1.786911
v 7.300435 1.236117 0.850479
v 5.861603 0.847454 -2.102819
v 7.778184 1.394827 0.811964
v 6.231102 0.954926 -2.296153
v 8.258675 1.550661 0.736210
v 6.665378 1.078750 -2.334628
v 8.670871 1.685503 0.504471
v 7.131561 1.211883 -2.226644
v 8.879201 1.755589 0.081141
v 7.576210 1.342536 -1.991330
v 8.826523 1.738428 -0.410999
v 7.970782 1.462097 -1.669606
v 8.607708 1.665009 -0.872344
v 8.317147 1.569879 -1.294630
v 8.637504 1.660012 -0.888064
v 7.995053 1.453073 -1.694188
v 8.344685 1.562826 -1.315269
v 8.270401 1.539303 0.766099
v 5.685541 0.676871 0.606151
v 7.595118 1.331625 -2.018472
v 7.783780 1.380198 0.842841
v 6.668467 1.062595 -2.366683
v 6.854969 1.060382 0.924218
v 8.859369 1.735257 -0.418761
v 8.695273 1.679047 0.527845
v 5.393407 0.690946 -1.396899
v 5.845315 0.825906 -2.125773
v 6.034564 0.775356 0.850136
v 5.444697 0.631841 0.248303
v 5.556408 0.740146 -1.800909
v 5.342541 0.638243 -0.135581
v 6.433909 0.908881 0.940086
v 7.143604 1.198667 -2.256738
v 6.224076 0.935969 -2.324718
v 7.305816 1.219614 0.881947
v 5.330259 0.674285 -1.002257
v 8.912207 1.752459 0.088275
v -5.128661 0.847812 -0.639573
v -7.485274 1.433670 -1.974671
v -7.549422 1.451542 0.762446
v -6.566474 1.175601 -2.360257
v -6.624206 1.137006 0.916786
v -8.769552 1.844004 -0.386603
v -8.496866 1.757365 0.492712
v -8.224856 1.664190 -1.258014
v -5.225752 0.841802 -1.462258
v -5.721119 0.958886 -2.167029
v -5.795674 0.881118 0.821996
v -5.241057 0.780870 0.177134
v -6.196599 0.996754 0.933413
v -7.041457 1.304749 -2.232324
v -6.115609 1.058529 -2.345127
v -7.075380 1.292262 0.841172
v -5.146034 0.835330 -1.066877
v -8.787449 1.851402 0.109413
v -7.875996 1.553483 -1.637324
v -8.036770 1.609641 0.675299
v -8.538291 1.766659 -0.847312
v -5.457862 0.803644 0.553712
v -5.410511 0.882127 -1.857873
v -5.273983 0.785981 0.173799
v -5.161726 0.853594 -0.638348
v -5.485117 0.808282 0.538951
v -5.178721 0.841137 -1.068274
v -5.813228 0.884469 0.796750
v -5.257542 0.848817 -1.457411
v -6.203506 0.998853 0.900788
v -5.438505 0.888630 -1.842789
v -6.623726 1.137626 0.882281
v -5.741211 0.963336 -2.142995
v -7.072938 1.291360 0.807965
v -6.125659 1.060766 -2.314213
v -7.547302 1.449328 0.730599
v -6.565992 1.175339 -2.327174
v -8.031512 1.605568 0.643802
v -7.032082 1.302010 -2.201602
v -8.481190 1.749489 0.465976
v -7.468456 1.428912 -1.946498
v -8.760116 1.839505 0.098444
v -7.854700 1.547257 -1.612045
v -8.741113 1.831978 -0.379370
v -8.201453 1.656269 -1.235940
v -8.513442 1.756754 -0.830281
v -5.233128 1.009405 0.189626
v -5.116254 1.077653 -0.629137
v -5.438340 1.031038 0.545040
v -5.127163 1.062856 -1.074129
v -5.755703 1.104749 0.799999
v -5.201344 1.069374 -1.463559
v -6.136919 1.216383 0.910239
v -5.379446 1.108450 -1.848543
v -6.553429 1.353606 0.898211
v -5.681404 1.182846 -2.151896
v -7.002589 1.507314 0.824042
v -6.067272 1.280378 -2.328445
v -7.478119 1.665919 0.742533
v -6.510488 1.395344 -2.346068
v -7.963489 1.822716 0.651557
v -6.979587 1.522527 -2.222993
v -8.414154 1.967034 0.470500
v -7.418365 1.649943 -1.968373
v -8.694457 2.057516 0.099312
v -7.804774 1.768522 -1.631813
v -8.677882 2.050670 -0.383148
v -8.148003 1.877078 -1.250974
v -8.454496 1.976478 -0.839489
v -2.625053 -9.201694 -2.898140
v 2.983416 -9.625269 -2.864439
v 0.320652 -9.622109 4.033672
v 2.629961 -9.630739 -3.020509
v 5.112842 -9.407763 -0.043650
v 5.162957 -9.376934 0.273668
v -0.572173 -9.469807 -3.158637
v -0.186711 -9.519115 -3.171479
v -0.029382 -9.617323 4.039889
v -1.000831 -9.409825 -3.142577
v 1.355934 -9.624172 -3.197715
v 0.920493 -9.609393 -3.192978
v -0.375906 -9.603350 4.003285
v -1.865585 -9.285523 -3.081416
v 2.237827 -9.632798 -3.128845
v 1.808205 -9.631079 -3.186402
v -1.481406 -9.558095 3.824602
v 5.025733 -9.443933 -0.385441
v 4.876380 -9.480388 -0.723811
v -0.729450 -9.592635 3.959184
v -1.100442 -9.582050 3.904969
v 4.724149 -9.356579 2.312618
v 4.898272 -9.360406 1.976579
v 5.023615 -9.355908 1.629905
v -4.729630 -9.143342 2.185336
v 5.119143 -9.348068 1.287440
v 1.444893 -9.613977 3.881873
v 4.465946 -9.546441 -1.400380
v -5.038532 -9.128183 1.479273
v 3.038302 -9.481742 3.428801
v 5.172855 -9.345057 0.971872
v -4.883724 -9.126989 1.827928
v 5.187542 -9.350918 0.623402
v 4.686087 -9.515043 -1.062428
v -5.166147 -9.084733 0.423687
v 1.833384 -9.596708 3.795522
v 3.850975 -9.395661 3.128363
v 0.531779 -9.587466 -3.187606
v 3.315011 -9.617332 -2.651436
v 3.455951 -9.437260 3.298945
v 3.638117 -9.607914 -2.375551
v -4.013357 -9.153955 -1.939503
v 0.172059 -9.557832 -3.180958
v 3.942637 -9.594377 -2.060668
v -5.170913 -9.098987 0.784717
v 4.496665 -9.354260 2.628725
v 4.203810 -9.366461 2.905938
v -5.135259 -9.118690 1.122910
v 4.220078 -9.573452 -1.734857
v -3.924434 -9.255883 3.119899
v -5.048321 -9.095232 -0.268676
v -5.112453 -9.082865 0.064765
v -2.258080 -9.237484 -3.007192
v -1.443411 -9.345163 -3.121385
v -4.298357 -9.149887 -1.626400
v -4.548382 -9.144768 -1.298146
v -3.699780 -9.158428 -2.241178
v -2.987493 -9.176585 -2.741650
v -3.352137 -9.163336 -2.516604
v -4.760060 -9.131382 -0.959013
v -4.936059 -9.113792 -0.618769
v -2.678411 -9.432686 3.543333
v -3.098318 -9.375436 3.430533
v -3.529483 -9.317629 3.316385
v -1.865240 -9.520144 3.724153
v -2.265613 -9.481910 3.640000
v 1.060966 -9.627655 3.961868
v 0.683566 -9.629803 4.014680
v -4.280817 -9.212287 2.871502
v -4.544670 -9.173464 2.545600
v 2.222255 -9.561359 3.675617
v 2.621390 -9.520502 3.542784
v 0.532352 -9.537496 -3.178595
v 0.920246 -9.558135 -3.183788
v 0.173034 -9.508446 -3.172063
v 5.166491 -9.321718 0.271247
v 5.190575 -9.299777 0.621759
v 5.116838 -9.350602 -0.046720
v 5.030245 -9.386274 -0.389084
v 4.880651 -9.422758 -0.727572
v 4.689934 -9.456750 -1.065939
v 4.468439 -9.487267 -1.403011
v 4.221031 -9.513958 -1.736489
v 3.941773 -9.535340 -2.060675
v 3.635924 -9.549885 -2.373611
v 3.312203 -9.560381 -2.647964
v 2.980303 -9.569154 -2.859855
v 2.626491 -9.575406 -3.014380
v 2.234391 -9.578156 -3.121299
v 1.805366 -9.577249 -3.177864
v 1.354340 -9.571506 -3.188707
v -0.185419 -9.469139 -3.162378
v -0.570376 -9.418797 -3.149172
v -5.124972 -9.057945 0.064826
v -5.062739 -9.066597 -0.270065
v -5.178087 -9.063856 0.424702
v -4.952348 -9.082085 -0.622110
v -4.777145 -9.096892 -0.964011
v -4.565856 -9.106611 -1.304521
v -4.313927 -9.108854 -1.632862
v -4.026232 -9.110409 -1.945466
v -3.709739 -9.112579 -2.246156
v -3.358262 -9.115907 -2.518889
v -2.990305 -9.127625 -2.741088
v -2.625089 -9.151396 -2.894606
v -2.256064 -9.186417 -3.000549
v -1.862526 -9.233910 -3.072785
v -1.440189 -9.293320 -3.111826
v -0.998224 -9.358161 -3.132857
v -0.377243 -9.572579 4.019512
v -0.731095 -9.559774 3.977168
v -0.030072 -9.589264 4.056345
v -5.181292 -9.082711 0.786502
v -5.144926 -9.105123 1.125457
v -5.046561 -9.116390 1.482368
v -4.889277 -9.115893 1.830802
v -4.734738 -9.129678 2.188839
v -4.549985 -9.156861 2.551266
v -4.285320 -9.192857 2.879768
v -3.926360 -9.234443 3.128763
v -3.530158 -9.293244 3.326831
v -3.098197 -9.348317 3.441429
v -2.678929 -9.403214 3.556797
v -2.266459 -9.450352 3.655262
v -1.866209 -9.487309 3.740487
v -1.482989 -9.524791 3.843826
v -1.102244 -9.548565 3.924941
v 0.320708 -9.595253 4.050142
v 0.684232 -9.602815 4.033293
v 5.177555 -9.300103 0.971012
v 5.123591 -9.308199 1.286994
v 5.026598 -9.319399 1.629197
v 4.899958 -9.325129 1.975717
v 4.724470 -9.321116 2.312178
v 4.495461 -9.317936 2.629068
v 4.201251 -9.329262 2.907103
v 3.847125 -9.358073 3.129769
v 3.452837 -9.399950 3.303288
v 3.036228 -9.445572 3.436046
v 2.620389 -9.486099 3.552601
v 2.222669 -9.528465 3.690417
v 1.834333 -9.565241 3.814747
v 1.445570 -9.584444 3.901870
v 1.061813 -9.599689 3.982145
v 0.171862 -9.567733 -3.183636
v 1.444946 -9.622089 3.877681
v 3.039128 -9.490890 3.428012
v 4.497786 -9.363341 2.629351
v 3.852411 -9.404823 3.128953
v 4.898856 -9.369455 1.977247
v 5.112885 -9.418568 -0.043230
v 4.876302 -9.491238 -0.723464
v -0.729186 -9.601210 3.955701
v -1.481275 -9.566637 3.820849
v -0.572533 -9.479839 -3.161376
v 5.187795 -9.361012 0.623717
v 4.466139 -9.557402 -1.400346
v 5.119092 -9.357533 1.287767
v 2.630899 -9.641197 -3.022449
v 3.943388 -9.605272 -2.061204
v 3.316020 -9.627990 -2.652744
v 0.920540 -9.619439 -3.195653
v 1.808824 -9.641355 -3.188875
v -5.163518 -9.092164 0.423205
v -0.029253 -9.625502 4.036453
v -5.132581 -9.125787 1.122015
v -5.045403 -9.103643 -0.268562
v -2.258670 -9.247616 -3.009362
v -1.444080 -9.355253 -3.124113
v -4.295591 -9.159299 -1.625546
v -3.698248 -9.168347 -2.240800
v -2.987313 -9.186736 -2.742561
v -4.756746 -9.140184 -0.958271
v -3.098717 -9.383801 3.428494
v -3.924538 -9.263825 3.118021
v -2.265659 -9.490491 3.637056
v 0.683480 -9.637725 4.010641
v -4.543921 -9.181047 2.544144
v -4.882746 -9.134213 1.827224
v 2.222497 -9.570064 3.672845
v 0.531664 -9.597406 -3.190287
v 5.163103 -9.387578 0.274044
v 5.025652 -9.454783 -0.385018
v 4.686057 -9.525943 -1.062187
v 4.220525 -9.584414 -1.735050
v 3.639075 -9.618690 -2.376502
v 2.984391 -9.635831 -2.866027
v 2.238654 -9.643164 -3.131096
v 1.356258 -9.634339 -3.200314
v -0.186972 -9.529066 -3.174180
v -5.109826 -9.091013 0.064538
v -4.932817 -9.122399 -0.618292
v -4.545135 -9.153862 -1.297208
v -4.011205 -9.163644 -1.938841
v -3.351360 -9.173398 -2.516865
v -2.625330 -9.211870 -2.899685
v -1.866288 -9.295627 -3.083968
v -1.001354 -9.419900 -3.145343
v -0.375692 -9.611814 4.000077
v -5.168278 -9.106357 0.783997
v -5.036361 -9.135229 1.478350
v -4.728991 -9.150769 2.184467
v -4.280214 -9.220027 2.869518
v -3.529780 -9.325763 3.314287
v -2.678592 -9.441155 3.540727
v -1.865264 -9.528793 3.721026
v -1.100192 -9.590571 3.901074
v 0.320666 -9.630168 4.030146
v 5.172760 -9.354912 0.972155
v 5.023904 -9.365088 1.630418
v 4.725008 -9.365614 2.313308
v 4.205097 -9.375600 2.906490
v 3.457087 -9.446460 3.298868
v 2.621977 -9.529498 3.541305
v 1.833426 -9.605059 3.791642
v 1.060924 -9.635569 3.957505
v 0.170538 -9.633762 -3.205959
v 1.446232 -9.685843 3.849484
v 3.046576 -9.560057 3.426179
v 4.509484 -9.431524 2.636899
v 3.865107 -9.472870 3.137162
v 4.907255 -9.438212 1.984065
v 5.117386 -9.488083 -0.041383
v 4.879661 -9.560894 -0.723146
v -0.727791 -9.667155 3.933541
v -1.481336 -9.631860 3.796789
v -0.574938 -9.545943 -3.183895
v 5.193840 -9.430331 0.625774
v 4.470910 -9.626906 -1.402580
v 5.122938 -9.426977 1.291095
v 2.638427 -9.708338 -3.039037
v 3.951331 -9.674146 -2.067508
v 3.325036 -9.695973 -2.664600
v 0.920856 -9.685482 -3.217702
v 1.813234 -9.707747 -3.209276
v -5.144372 -9.159181 0.418659
v -0.028469 -9.691166 4.013517
v -5.112200 -9.191842 1.114521
v -5.026398 -9.171331 -0.268642
v -2.263533 -9.314801 -3.028047
v -1.448672 -9.421279 -3.146427
v -4.279099 -9.227407 -1.622111
v -3.690415 -9.237813 -2.241371
v -2.988020 -9.256001 -2.752611
v -4.735602 -9.207214 -0.954706
v -3.103148 -9.452203 3.416099
v -3.927658 -9.332383 3.105592
v -2.267042 -9.557553 3.618478
v 0.683155 -9.701556 3.982941
v -4.540805 -9.249728 2.533418
v -4.877397 -9.203624 1.822241
v 2.225708 -9.637304 3.655750
v 0.530897 -9.663400 -3.212544
v 5.168341 -9.456984 0.276029
v 5.029212 -9.524386 -0.383699
v 4.689553 -9.595567 -1.062872
v 4.226732 -9.653679 -1.738947
v 3.648120 -9.687089 -2.385717
v 2.992698 -9.703459 -2.880055
v 2.244911 -9.709859 -3.149901
v 1.358455 -9.700555 -3.221683
v -0.188724 -9.595161 -3.196586
v -5.092394 -9.158947 0.062021
v -4.911816 -9.189630 -0.616157
v -4.525033 -9.220972 -1.292721
v -3.999090 -9.232620 -1.937106
v -3.348444 -9.243064 -2.522181
v -2.628603 -9.280219 -2.914159
v -1.871438 -9.362004 -3.105158
v -1.004851 -9.485919 -3.167942
v -0.374566 -9.678310 3.979448
v -5.148977 -9.173098 0.777677
v -5.020101 -9.202197 1.471119
v -4.726928 -9.220203 2.178237
v -4.277915 -9.288061 2.855358
v -3.533848 -9.393922 3.300870
v -2.681171 -9.508722 3.524325
v -1.866516 -9.595551 3.701360
v -1.099104 -9.655431 3.876103
v 0.320882 -9.695559 4.006250
v 5.176375 -9.424367 0.974579
v 5.030197 -9.434264 1.635606
v 4.735203 -9.434033 2.320794
v 4.217362 -9.443688 2.914019
v 3.467069 -9.515189 3.302326
v 2.627728 -9.598574 3.534113
v 1.834867 -9.669727 3.766193
v 1.061285 -9.698488 3.927677
v 0.165998 -9.861628 -3.268710
v 1.447824 -9.896380 3.741868
v 3.068024 -9.794273 3.406977
v 4.539108 -9.664958 2.653714
v 3.902042 -9.705470 3.153089
v 4.923406 -9.672967 2.001835
v 5.119390 -9.724195 -0.032432
v 4.878928 -9.797279 -0.716051
v -0.721220 -9.886036 3.845848
v -1.478278 -9.848266 3.702934
v -0.583127 -9.774093 -3.247316
v 5.200819 -9.666395 0.632989
v 4.475969 -9.863227 -1.402455
v 5.122760 -9.663067 1.299518
v 2.659528 -9.939156 -3.082893
v 3.968332 -9.909272 -2.079828
v 3.347734 -9.929001 -2.694085
v 0.921930 -9.913313 -3.279501
v 1.827115 -9.936525 -3.265458
v -5.066351 -9.382998 0.404450
v -0.025119 -9.909038 3.923064
v -5.030435 -9.411527 1.086982
v -4.949358 -9.396874 -0.265954
v -2.277202 -9.545883 -3.078583
v -1.463830 -9.649114 -3.209149
v -4.213020 -9.455110 -1.602128
v -3.654935 -9.472146 -2.233199
v -2.984258 -9.492223 -2.774721
v -4.652616 -9.430274 -0.936472
v -3.114386 -9.681396 3.361340
v -3.931196 -9.562441 3.052161
v -2.268523 -9.781181 3.542873
v 0.680953 -9.912343 3.876748
v -4.518929 -9.480613 2.489916
v -4.846992 -9.436835 1.800000
v 2.232336 -9.862017 3.585354
v 0.528258 -9.891116 -3.275063
v 5.172655 -9.692883 0.284244
v 5.028465 -9.760635 -0.374836
v 4.689820 -9.831978 -1.058197
v 4.237206 -9.889606 -1.743771
v 3.669672 -9.921117 -2.407183
v 3.014639 -9.935607 -2.915945
v 2.263478 -9.939458 -3.200854
v 1.365737 -9.928863 -3.281145
v -0.194708 -9.823256 -3.259616
v -5.020443 -9.385513 0.055472
v -4.828612 -9.413378 -0.604241
v -4.446123 -9.444584 -1.270277
v -3.948395 -9.464201 -1.921988
v -3.330781 -9.479371 -2.529144
v -2.635314 -9.514421 -2.950680
v -1.887490 -9.590833 -3.164082
v -1.016685 -9.713785 -3.231634
v -0.369126 -9.899214 3.896853
v -5.070672 -9.395197 0.755962
v -4.952603 -9.425735 1.442259
v -4.707732 -9.454093 2.151464
v -4.260834 -9.516287 2.797753
v -3.542599 -9.622561 3.242979
v -2.686318 -9.734591 3.456050
v -1.867425 -9.817714 3.622232
v -1.092996 -9.870362 3.779074
v 0.321286 -9.912131 3.912702
v 5.175156 -9.660348 0.981462
v 5.038675 -9.669894 1.649125
v 4.758358 -9.668060 2.339217
v 4.250845 -9.676813 2.928958
v 3.496324 -9.749135 3.301352
v 2.643210 -9.831171 3.496902
v 1.836253 -9.884185 3.667724
v 1.060342 -9.905952 3.814527
v 0.527711 -9.965053 -3.267115
v 0.922397 -9.987164 -3.271317
v 0.165001 -9.935663 -3.260837
v 1.367548 -10.002634 -3.272212
v -0.196012 -9.897405 -3.251836
v 1.828890 -10.010147 -3.255604
v -0.585013 -9.848310 -3.239670
v 2.263182 -10.012915 -3.189926
v -1.019471 -9.787930 -3.224094
v 2.656142 -10.012383 -3.070897
v -1.466622 -9.723146 -3.201367
v 3.007861 -10.008557 -2.903167
v -1.888099 -9.664752 -3.155382
v 3.337918 -10.001541 -2.681489
v -2.273620 -9.619444 -3.067983
v 3.656913 -9.993135 -2.394385
v -2.626165 -9.587174 -2.936921
v 3.952523 -9.980589 -2.066016
v -2.968545 -9.563316 -2.758340
v 4.218265 -9.960129 -1.729155
v -3.307867 -9.547854 -2.510559
v 4.454457 -9.933004 -1.387785
v -3.624862 -9.537439 -2.212184
v 4.666116 -9.901167 -1.043451
v -3.912854 -9.526513 -1.900697
v 4.854059 -9.866188 -0.702356
v -4.172087 -9.514422 -1.581275
v 5.002337 -9.829584 -0.363676
v -4.400716 -9.501357 -1.250444
v 5.093268 -9.793423 -0.024468
v -4.605398 -9.486410 -0.919459
v 5.146851 -9.762367 0.289578
v -4.780210 -9.469812 -0.591470
v 5.173872 -9.736712 0.634978
v -4.901716 -9.454324 -0.259002
v 5.147626 -9.729668 0.980553
v -4.973765 -9.443586 0.057162
v 5.095824 -9.732677 1.297052
v -5.015718 -9.440033 0.401996
v 5.014845 -9.740273 1.646189
v -5.022093 -9.451018 0.748461
v 4.902877 -9.744174 1.997247
v -4.980966 -9.466498 1.075097
v 4.741799 -9.739916 2.331121
v -4.907167 -9.483448 1.427910
v 4.527355 -9.737087 2.641089
v -4.812853 -9.500216 1.785354
v 4.244184 -9.748866 2.912074
v -4.677896 -9.518720 2.132325
v 3.901275 -9.776500 3.133466
v -4.490314 -9.543383 2.462107
v 3.497394 -9.818488 3.274945
v -4.236839 -9.577521 2.761945
v 3.068501 -9.861285 3.374814
v -3.917551 -9.624336 3.014421
v 2.642424 -9.895019 3.459794
v -3.534880 -9.683858 3.201440
v 2.229140 -9.920116 3.539069
v -3.110512 -9.742290 3.319942
v 1.831931 -9.936325 3.614045
v -2.681521 -9.793413 3.410537
v 1.443958 -9.945919 3.686243
v -2.262959 -9.838346 3.495458
v 1.055966 -9.954137 3.757398
v -1.862015 -9.873583 3.574149
v 0.677095 -9.962052 3.821329
v -1.471902 -9.901268 3.650725
v 0.319908 -9.964555 3.860525
v -1.086014 -9.922518 3.726023
v -0.023332 -9.962542 3.871355
v -0.714710 -9.939961 3.795355
v -0.364392 -9.954064 3.847597
v 0.554435 -9.599780 -3.165193
v 0.940016 -9.620932 -3.170883
v 0.201252 -9.571355 -3.158382
v 1.375500 -9.635317 -3.174550
v -0.151115 -9.534110 -3.149189
v 1.824583 -9.641582 -3.162565
v -0.533686 -9.485888 -3.136957
v 2.245314 -9.642865 -3.104798
v -0.963800 -9.425888 -3.122350
v 2.626371 -9.640558 -2.997632
v -1.407846 -9.360421 -3.103969
v 2.969647 -9.634953 -2.844222
v -1.828199 -9.299532 -3.068694
v 3.296242 -9.626293 -2.637193
v -2.217204 -9.249784 -2.999905
v 3.616675 -9.616259 -2.365242
v -2.580201 -9.212363 -2.893924
v 3.916739 -9.602332 -2.053535
v -2.941612 -9.184546 -2.743041
v 4.188653 -9.581141 -1.732955
v -3.306975 -9.167980 -2.522058
v 4.431670 -9.553890 -1.404815
v -3.650901 -9.159945 -2.247961
v 4.649173 -9.522290 -1.070094
v -3.963730 -9.153896 -1.955941
v 4.841043 -9.487664 -0.735470
v -4.246097 -9.147711 -1.648909
v 4.991395 -9.451307 -0.400244
v -4.492383 -9.139906 -1.324693
v 5.082901 -9.415116 -0.060802
v -4.706758 -9.127725 -0.994533
v 5.136942 -9.383599 0.258524
v -4.887208 -9.110836 -0.656670
v 5.166147 -9.355127 0.617102
v -5.012228 -9.093621 -0.305701
v 5.141282 -9.349513 0.977226
v -5.087013 -9.081703 0.030285
v 5.084612 -9.352623 1.299800
v -5.134985 -9.077024 0.397468
v 4.993292 -9.360700 1.645403
v -5.145919 -9.092028 0.768731
v 4.871540 -9.365575 1.983119
v -5.099073 -9.106759 1.110489
v 4.704123 -9.362630 2.303809
v -5.002964 -9.117464 1.465896
v 4.484272 -9.360728 2.609087
v -4.877676 -9.127565 1.822539
v 4.196803 -9.372858 2.882402
v -4.722126 -9.143853 2.176583
v 3.854109 -9.399872 3.113508
v -4.526112 -9.169724 2.522463
v 3.456635 -9.440599 3.275147
v -4.260170 -9.205983 2.839227
v 3.039543 -9.483496 3.403879
v -3.918649 -9.254446 3.102255
v 2.627811 -9.521009 3.525097
v -3.516861 -9.315623 3.294074
v 2.229586 -9.555243 3.645405
v -3.087115 -9.375727 3.417870
v 1.845962 -9.583761 3.755576
v -2.662252 -9.429393 3.518441
v 1.465649 -9.602739 3.848547
v -2.251329 -9.477718 3.615181
v 1.078531 -9.613983 3.925864
v -1.859150 -9.516945 3.705731
v 0.695677 -9.619239 3.984708
v -1.477220 -9.548690 3.792980
v 0.331342 -9.616706 4.013447
v -1.096032 -9.571525 3.871945
v -0.019993 -9.610549 4.014893
v -0.723472 -9.587469 3.937507
v -0.368022 -9.600457 3.987067
v 0.554583 -9.595875 -3.172928
v 0.940122 -9.617059 -3.178635
v 0.201449 -9.567435 -3.166109
v 1.375702 -9.631504 -3.182330
v -0.150881 -9.530185 -3.156912
v 1.825324 -9.637857 -3.170356
v -0.533424 -9.481966 -3.144680
v 2.247020 -9.639270 -3.112490
v -0.963561 -9.421991 -3.130084
v 2.629163 -9.637129 -3.005080
v -1.407863 -9.356595 -3.111736
v 2.973495 -9.631716 -2.851274
v -1.828901 -9.295851 -3.076495
v 3.301083 -9.623272 -2.643709
v -2.218923 -9.246395 -3.007678
v 3.622335 -9.613490 -2.371186
v -2.583003 -9.209461 -2.901576
v 3.922940 -9.599858 -2.059059
v -2.945591 -9.182292 -2.750390
v 4.195248 -9.578964 -1.738143
v -3.312101 -9.166481 -2.528876
v 4.438612 -9.551970 -1.409642
v -3.656790 -9.159223 -2.254277
v 4.656399 -9.520560 -1.074563
v -3.970093 -9.153881 -1.961827
v 4.848589 -9.486027 -0.739407
v -4.252894 -9.148273 -1.654265
v 4.999370 -9.449646 -0.403222
v -4.499539 -9.140871 -1.329502
v 5.091158 -9.413371 -0.062751
v -4.714213 -9.128885 -0.998811
v 5.145335 -9.381788 0.257373
v -4.895083 -9.112007 -0.660097
v 5.175524 -9.353087 0.617022
v -5.020494 -9.094698 -0.308034
v 5.149696 -9.347643 0.978181
v -5.095491 -9.082724 0.028847
v 5.092884 -9.350658 1.301515
v -5.144464 -9.078201 0.396695
v 5.001336 -9.358522 1.647786
v -5.154511 -9.093185 0.769124
v 4.879212 -9.363123 1.986312
v -5.107565 -9.107805 1.111972
v 4.711195 -9.359934 2.307998
v -5.011319 -9.118079 1.468142
v 4.490459 -9.357890 2.614435
v -4.885817 -9.127633 1.825456
v 4.201807 -9.370067 2.888864
v -4.729881 -9.143612 2.180378
v 3.857714 -9.397395 3.120977
v -4.533212 -9.169510 2.527406
v 3.459053 -9.438695 3.283231
v -4.266187 -9.205917 2.845446
v 3.041568 -9.482322 3.412212
v -3.923242 -9.254498 3.109580
v 2.629838 -9.520710 3.533509
v -3.519969 -9.315817 3.302146
v 2.231637 -9.555898 3.653803
v -3.089287 -9.376114 3.426241
v 1.847900 -9.585258 3.763906
v -2.664187 -9.430033 3.526863
v 1.467386 -9.604774 3.856811
v -2.253235 -9.478662 3.623582
v 1.080030 -9.616198 3.934123
v -1.861031 -9.518204 3.714099
v 0.696751 -9.621361 3.993050
v -1.479041 -9.550207 3.801326
v 0.331796 -9.618595 4.021888
v -1.097710 -9.573154 3.880300
v -0.020267 -9.612224 4.023382
v -0.724901 -9.589067 3.945902
v -0.368993 -9.602030 3.995524
v 0.549919 -9.661988 -3.180144
v 0.937035 -9.683293 -3.185580
v 0.195129 -9.633407 -3.173424
v 1.374111 -9.697845 -3.188776
v -0.158695 -9.595993 -3.164264
v 1.825098 -9.704294 -3.176015
v -0.542349 -9.547626 -3.152044
v 2.247833 -9.705791 -3.116950
v -0.973181 -9.487556 -3.137273
v 2.630584 -9.703735 -3.007868
v -1.417674 -9.422191 -3.118156
v 2.974985 -9.698375 -2.852171
v -1.838019 -9.361683 -3.081081
v 3.301889 -9.689934 -2.642838
v -2.226153 -9.312597 -3.009189
v 3.621857 -9.680101 -2.368509
v -2.587099 -9.275905 -2.899048
v 3.921028 -9.666325 -2.054129
v -2.945001 -9.248569 -2.743617
v 4.191802 -9.645172 -1.730915
v -3.305697 -9.231976 -2.518297
v 4.433584 -9.617870 -1.400658
v -3.644912 -9.223326 -2.240274
v 4.650034 -9.586179 -1.064424
v -3.953458 -9.216269 -1.945111
v 4.841160 -9.551468 -0.728859
v -4.231841 -9.208933 -1.636148
v 4.991050 -9.515079 -0.393314
v -4.475081 -9.200135 -1.310968
v 5.082383 -9.478915 -0.054188
v -4.687757 -9.187439 -0.980806
v 5.136311 -9.447497 0.264036
v -4.867151 -9.170602 -0.644822
v 5.164921 -9.419930 0.620123
v -4.991474 -9.153708 -0.297246
v 5.140049 -9.413649 0.977524
v -5.065742 -9.142008 0.035177
v 5.084231 -9.416766 1.298881
v -5.112347 -9.137833 0.398422
v 4.994701 -9.424829 1.644899
v -5.122852 -9.151793 0.765233
v 4.874688 -9.429623 1.984626
v -5.076992 -9.166667 1.104179
v 4.708494 -9.426525 2.307247
v -4.984646 -9.178546 1.458955
v 4.489793 -9.424506 2.612989
v -4.864592 -9.189947 1.815541
v 4.203373 -9.436571 2.885605
v -4.712599 -9.206694 2.168146
v 3.861036 -9.463609 3.114805
v -4.518184 -9.232327 2.511013
v 3.462823 -9.504382 3.272900
v -4.254623 -9.268181 2.824597
v 3.043872 -9.547060 3.396732
v -3.917209 -9.316350 3.085556
v 2.629746 -9.583703 3.511861
v -3.519029 -9.377219 3.276363
v 2.228995 -9.616132 3.625307
v -3.090446 -9.436991 3.399190
v 1.843120 -9.642347 3.729614
v -2.664962 -9.490152 3.498079
v 1.461562 -9.659611 3.819130
v -2.252770 -9.537825 3.592846
v 1.074346 -9.670303 3.895418
v -1.859131 -9.576299 3.681420
v 0.692264 -9.676038 3.955089
v -1.475842 -9.607284 3.766893
v 0.329291 -9.674420 3.985546
v -1.093898 -9.629820 3.845245
v -0.020486 -9.669018 3.988547
v -0.721612 -9.646038 3.911421
v -0.367149 -9.659229 3.961411
v 0.533342 -9.889020 -3.241118
v 0.926098 -9.910909 -3.245630
v 0.172647 -9.859838 -3.234729
v 1.369124 -9.926113 -3.247103
v -0.186534 -9.821799 -3.225689
v 1.827545 -9.933315 -3.231481
v -0.574172 -9.772895 -3.213510
v 2.258402 -9.935701 -3.167554
v -1.007679 -9.712596 -3.198139
v 2.648218 -9.934692 -3.051204
v -1.454006 -9.647651 -3.176332
v 2.997554 -9.930378 -2.886761
v -1.874833 -9.588662 -3.132631
v 3.326334 -9.922901 -2.668517
v -2.260503 -9.542245 -3.049247
v 3.645192 -9.914013 -2.384974
v -2.614665 -9.508595 -2.923641
v 3.941461 -9.901000 -2.060406
v -2.960474 -9.483523 -2.751177
v 4.208314 -9.880212 -1.727212
v -3.304762 -9.467387 -2.509434
v 4.445787 -9.852913 -1.388863
v -3.627129 -9.457037 -2.216532
v 4.658554 -9.821023 -1.046769
v -3.920200 -9.446773 -1.909438
v 4.847172 -9.786070 -0.707334
v -4.184177 -9.435618 -1.592941
v 4.995670 -9.749533 -0.369900
v -4.416426 -9.423445 -1.263797
v 5.086576 -9.713418 -0.031188
v -4.623044 -9.408994 -0.933236
v 5.140182 -9.682322 0.283553
v -4.798846 -9.392348 -0.603565
v 5.167299 -9.655754 0.631181
v -4.920882 -9.376572 -0.267721
v 5.141708 -9.649302 0.979332
v -4.993392 -9.365636 0.052189
v 5.088935 -9.652376 1.296752
v -5.036390 -9.361387 0.401412
v 5.005856 -9.660226 1.644797
v -5.043947 -9.373537 0.752593
v 4.891991 -9.664516 1.992559
v -5.001659 -9.388852 1.081954
v 4.729883 -9.660679 2.323052
v -4.923118 -9.404752 1.434963
v 4.514773 -9.658124 2.631362
v -4.822253 -9.420549 1.791835
v 4.231356 -9.669976 2.902216
v -4.683121 -9.438765 2.139768
v 3.889301 -9.697333 3.125121
v -4.494128 -9.463539 2.472347
v 3.487481 -9.738704 3.270572
v -4.238569 -9.498009 2.775126
v 3.061369 -9.781114 3.376478
v -3.915281 -9.545174 3.029254
v 2.638395 -9.815187 3.469158
v -3.529340 -9.605013 3.216875
v 2.228326 -9.841652 3.557235
v -3.104363 -9.663694 3.336338
v 1.834046 -9.859979 3.639819
v -2.676406 -9.715181 3.429045
v 1.447742 -9.871303 3.716518
v -2.259505 -9.760665 3.516509
v 1.059988 -9.880089 3.789002
v -1.860450 -9.796594 3.597753
v 0.680443 -9.887523 3.851787
v -1.472097 -9.824956 3.676651
v 0.322044 -9.889118 3.888669
v -1.087252 -9.846475 3.752742
v -0.022510 -9.886351 3.897453
v -0.715792 -9.863686 3.821219
v -0.364642 -9.877600 3.872837
v 5.101106 3.189809 -0.275958
v 5.001923 3.138612 -0.267809
v 5.151985 1.488981 -0.053452
v 4.489570 -2.194706 0.321855
v 4.742669 -4.040830 0.454339
v 4.723208 -4.960121 0.533627
v 5.063303 -5.753855 0.624045
v 5.196719 -9.739017 0.630243
v 5.057964 0.190417 0.114252
v 4.952722 -6.218519 0.624536
v 5.141790 -8.253838 0.594930
v 5.334539 0.608075 -0.575455
v 5.182867 1.330269 -0.546147
v 5.006146 2.662042 -0.375700
v 5.007982 2.398381 -0.430351
v 5.111228 1.700138 -0.505359
v 5.160748 2.978477 -0.237100
v 5.158992 3.105669 -0.261728
v 5.101284 2.805713 -0.216333
v 5.147561 3.141442 -0.269300
v 5.128467 2.881441 -0.221537
v 5.284947 0.933350 -0.560976
v 5.341568 0.702568 -0.571516
v 5.312839 0.679542 -0.573902
v 5.187379 -9.351196 0.618407
v 5.190409 -9.299989 0.616762
v 5.187631 -9.361300 0.618706
v 5.200666 -9.666683 0.627961
v 5.164742 -9.420225 0.615206
v 5.099275 3.193949 -0.288562
v 5.000984 2.930547 -0.322099
v 4.994306 3.142951 -0.279599
v 5.156194 1.487744 -0.070267
v 5.180179 0.652646 0.063141
v 4.495522 -2.195538 0.307582
v 4.814704 -3.070962 0.412952
v 4.726636 -4.959503 0.519385
v 5.069361 -5.753692 0.609697
v 5.099116 -7.729913 0.580124
v 5.198748 -9.743606 0.615858
v 5.065376 2.214020 -0.193668
v 5.179001 1.096386 0.003088
v 4.542623 -1.736320 0.258607
v 4.641694 -2.624946 0.368393
v 4.893316 -3.556185 0.428798
v 4.982823 -5.323494 0.574970
v 4.956831 -6.218496 0.610801
v 5.024234 -7.212446 0.590164
v 5.042184 2.575471 -0.226676
v 5.095232 1.848910 -0.140480
v 5.333095 0.603575 -0.593544
v 5.040512 2.071709 -0.490191
v 5.177703 1.328719 -0.563173
v 4.998925 2.661916 -0.390062
v 5.002286 2.396796 -0.445010
v 5.157663 2.978483 -0.253019
v 5.167387 3.061999 -0.267715
v 5.166476 3.019774 -0.259319
v 5.157731 3.106880 -0.276542
v 5.097808 2.804681 -0.231622
v 5.146801 3.143283 -0.283378
v 5.125144 2.881016 -0.237005
v 5.249747 0.971257 -0.584939
v 5.246256 0.990260 -0.584028
v 5.228371 1.063584 -0.580686
v 5.287737 0.937261 -0.579919
v 5.261988 0.990939 -0.577569
v 5.346192 0.703241 -0.589723
v 5.309142 0.677584 -0.591968
v 5.190959 -9.352473 0.603665
v 5.194015 -9.301206 0.602010
v 5.191182 -9.361668 0.603899
v 5.197190 -9.430895 0.605914
v 5.204092 -9.668222 0.613240
v 5.169993 -9.741644 0.616326
v 5.161300 -9.352955 0.597114
v 5.174254 -9.350185 0.596555
v 5.161910 -9.657843 0.612290
v 5.104820 3.199003 -0.257942
v 5.012863 2.929049 -0.287645
v 5.154768 1.492983 -0.029717
v 5.172087 -8.744368 0.623728
v 4.694345 -1.255853 0.257680
v 4.490839 -2.193698 0.343322
v 4.821370 -3.068252 0.449793
v 4.727638 -4.957819 0.554167
v 5.065001 -5.755530 0.645055
v 4.990489 -6.707853 0.636296
v 5.100476 -7.732911 0.615504
v 5.198885 -9.741894 0.651441
v 5.074718 2.221876 -0.156511
v 5.189458 -9.099022 0.632099
v 4.826866 -0.765450 0.215591
v 4.537406 -1.733969 0.294757
v 4.895368 -3.554378 0.466151
v 4.640412 -4.520080 0.502036
v 4.980165 -5.324287 0.611042
v 4.956450 -6.220963 0.644794
v 5.023202 -7.215446 0.625063
v 5.145977 -8.256025 0.616035
v 5.052060 2.583108 -0.190902
v 5.098965 1.855647 -0.101430
v 5.004755 3.141760 -0.249662
v 5.333141 0.601770 -0.549811
v 5.045482 2.071517 -0.451697
v 5.180214 1.327874 -0.521704
v 5.008380 2.660782 -0.352025
v 5.010165 2.396182 -0.406437
v 5.109772 1.698394 -0.482384
v 5.261662 0.898562 -0.543481
v 5.173549 3.067870 -0.233029
v 5.163343 3.112899 -0.242911
v 5.107068 2.810402 -0.196493
v 5.151965 3.149498 -0.250808
v 5.133749 2.886549 -0.201836
v 5.251058 0.969966 -0.541912
v 5.247633 0.988997 -0.541225
v 5.230036 1.062408 -0.538178
v 5.360495 0.610777 -0.549917
v 5.288785 0.935455 -0.533488
v 5.346547 0.701339 -0.545352
v 5.309453 0.675890 -0.547909
v 5.194773 -9.300080 0.637897
v 5.191864 -9.359955 0.639831
v 5.197777 -9.429180 0.641950
v 5.204348 -9.666510 0.649246
v 5.170137 -9.739942 0.650778
v 5.161721 -9.351158 0.633443
v 5.174679 -9.348364 0.633588
v 5.162117 -9.656121 0.646964
v 5.171816 -8.741911 0.587684
v 4.918865 -0.279222 0.131824
v 4.698886 -1.258434 0.220780
v 4.749578 -4.043341 0.440340
v 4.991917 -6.704996 0.601744
v 5.188672 -9.098336 0.596093
v 5.063694 0.187874 0.099345
v 4.833116 -0.768731 0.178409
v 4.640970 -4.523203 0.467907
v 5.145206 -8.252870 0.580191
v 5.106598 1.698693 -0.521930
v 5.260597 0.899947 -0.586864
v 5.360416 0.612679 -0.593260
v 5.159419 -9.420620 0.600597
v 5.174404 0.655521 0.102498
v 4.910639 -0.275652 0.168863
v 4.740490 -4.040153 0.475457
v 5.173692 1.100137 0.043270
v 5.057375 0.190784 0.137456
v 4.639695 -2.623013 0.404427
v 5.164929 2.984236 -0.217533
v 5.173197 3.025589 -0.223884
v 5.263196 0.989191 -0.530449
v 5.191648 -9.350815 0.639520
v 5.159789 -9.418848 0.636349
v 5.087779 3.194024 -0.325409
v 4.985587 2.932758 -0.366773
v 4.980560 3.147291 -0.319688
v 5.182092 1.091852 -0.046924
v 5.184205 0.648634 0.014699
v 5.155855 1.482676 -0.121022
v 5.186808 -9.098964 0.551876
v 5.195961 -9.746755 0.572170
v 5.170142 -8.740672 0.543443
v 5.068523 0.183493 0.052505
v 4.927167 -0.284937 0.086183
v 4.838585 -0.774092 0.132510
v 4.702489 -1.263057 0.175191
v 4.547776 -1.740997 0.213818
v 4.500485 -2.199725 0.263253
v 4.644663 -2.629032 0.324023
v 4.804504 -3.075693 0.369799
v 4.879132 -3.559449 0.385770
v 4.757712 -4.047820 0.397539
v 4.641765 -4.528101 0.426084
v 4.724689 -4.962992 0.476509
v 4.987779 -5.323223 0.529886
v 5.074303 -5.753049 0.565342
v 4.955652 -6.217339 0.569310
v 4.989604 -6.703450 0.559375
v 5.024906 -7.210382 0.546975
v 5.096529 -7.727936 0.536714
v 5.142558 -8.250865 0.536318
v 5.023180 2.571599 -0.266741
v 5.048292 2.209710 -0.237097
v 5.091585 1.844101 -0.188478
v 4.997959 2.393134 -0.490803
v 4.989837 2.662298 -0.436107
v 5.038111 2.068012 -0.536721
v 5.105390 1.696736 -0.572614
v 5.174833 1.326700 -0.615264
v 5.260022 0.898182 -0.640503
v 5.334760 0.602550 -0.648292
v 5.136889 2.977581 -0.294753
v 5.148715 3.061493 -0.308874
v 5.145673 3.018880 -0.301517
v 5.141817 3.106212 -0.316062
v 5.077547 2.803146 -0.271382
v 5.132887 3.142384 -0.321557
v 5.104527 2.880094 -0.277360
v 5.248623 0.969367 -0.638258
v 5.244974 0.988355 -0.637263
v 5.226495 1.061598 -0.633650
v 5.362067 0.611748 -0.647878
v 5.288160 0.935975 -0.637028
v 5.262202 0.989559 -0.635205
v 5.347508 0.702233 -0.644968
v 5.310261 0.676358 -0.646485
v 5.188747 -9.355556 0.559719
v 5.191871 -9.303738 0.557964
v 5.188956 -9.364792 0.559960
v 5.194858 -9.434025 0.561968
v 5.201407 -9.671369 0.569427
v 5.167217 -9.744789 0.572937
v 5.158171 -9.356239 0.551891
v 5.171114 -9.353477 0.551197
v 5.156351 -9.423882 0.555717
v 5.159063 -9.661017 0.568583
v 5.182971 1.083934 -0.132556
v 5.186787 0.642244 -0.068439
v 5.150751 1.473582 -0.207694
v 5.179318 -9.100089 0.476530
v 5.188250 -9.748590 0.497476
v 5.162981 -8.738768 0.468061
v 5.072641 0.177102 -0.028096
v 4.937185 -0.293750 0.007510
v 4.843744 -0.782359 0.053489
v 4.704533 -1.269769 0.096794
v 4.552383 -1.748175 0.136788
v 4.504653 -2.207432 0.187142
v 4.645669 -2.637464 0.248361
v 4.782973 -3.084827 0.296950
v 4.850566 -3.564740 0.313024
v 4.767389 -4.054444 0.324266
v 4.638809 -4.536436 0.354435
v 4.717291 -4.970719 0.403327
v 4.992229 -5.324550 0.452623
v 5.078319 -5.751900 0.489252
v 4.949140 -6.215003 0.498447
v 4.981308 -6.701102 0.487126
v 5.021749 -7.207304 0.473273
v 5.087824 -7.725051 0.462718
v 5.133740 -8.247747 0.461603
v 4.996654 2.565724 -0.333163
v 5.019545 2.202760 -0.309841
v 5.082222 1.835659 -0.269908
v 5.263368 0.895554 -0.732157
v 5.339597 0.604959 -0.741832
v 5.105142 2.975735 -0.363928
v 5.112065 3.016755 -0.371511
v 5.113690 3.031825 -0.373750
v 5.051718 2.801049 -0.337163
v 5.077101 2.878640 -0.344174
v 5.251018 0.966524 -0.729425
v 5.246971 0.986125 -0.728339
v 5.361268 0.612982 -0.741321
v 5.286232 0.929442 -0.734529
v 5.263586 0.983015 -0.733549
v 5.345568 0.699504 -0.739404
v 5.316238 0.675814 -0.739577
v 5.180661 -9.360563 0.484855
v 5.183893 -9.307684 0.482906
v 5.180868 -9.370796 0.485178
v 5.186592 -9.440133 0.487195
v 5.192505 -9.676245 0.494813
v 5.165287 -9.746560 0.498385
v 5.156450 -9.365415 0.474655
v 5.165795 -9.363394 0.474031
v 5.155419 -9.430139 0.478819
v 5.158491 -9.665691 0.493593
v 5.117592 1.694979 -0.430241
v 5.028749 2.927491 -0.241652
v 5.162035 1.105435 0.097432
v 5.150118 1.502375 0.025602
v 5.162607 0.658782 0.156133
v 5.189420 -9.101899 0.682339
v 5.170750 -8.750160 0.673826
v 5.195804 -9.740796 0.701296
v 5.044980 0.193784 0.189858
v 4.896909 -0.272433 0.219890
v 4.815364 -0.762771 0.266807
v 4.685505 -1.254198 0.308690
v 4.528498 -1.732996 0.344805
v 4.483327 -2.193732 0.392817
v 4.637624 -2.622882 0.454590
v 4.828108 -3.066455 0.501511
v 4.883350 -3.552973 0.517220
v 4.724031 -4.036537 0.522645
v 4.639950 -4.517407 0.549937
v 4.728109 -4.957137 0.603004
v 4.978445 -5.326079 0.661323
v 5.058369 -5.760232 0.693984
v 4.953990 -6.226904 0.691862
v 4.983411 -6.714332 0.683207
v 5.021014 -7.221840 0.672771
v 5.101235 -7.739388 0.664800
v 5.144885 -8.262865 0.665909
v 5.054341 2.600667 -0.144520
v 5.079375 2.239882 -0.106168
v 5.105115 1.870022 -0.047471
v 5.027658 2.389858 -0.352143
v 5.024614 2.657904 -0.298757
v 5.056947 2.066242 -0.398342
v 5.264110 0.892073 -0.482739
v 5.184054 1.322707 -0.464539
v 5.335523 0.594950 -0.487553
v 5.107611 3.213259 -0.213532
v 5.019366 3.144626 -0.208771
v 5.156966 2.998097 -0.176417
v 5.166026 3.082591 -0.191278
v 5.163989 3.039575 -0.183180
v 5.158399 3.128409 -0.199832
v 5.104719 2.824422 -0.153631
v 5.148979 3.165615 -0.206691
v 5.129120 2.899890 -0.159978
v 5.253541 0.963583 -0.481613
v 5.250147 0.982660 -0.481051
v 5.232665 1.056237 -0.478426
v 5.362906 0.603911 -0.487893
v 5.292332 0.928549 -0.469121
v 5.266942 0.982293 -0.465524
v 5.349264 0.694454 -0.482764
v 5.311850 0.669157 -0.485961
v 5.190876 -9.349736 0.689534
v 5.194293 -9.299897 0.688027
v 5.191031 -9.358809 0.689839
v 5.196528 -9.428051 0.692001
v 5.201688 -9.665414 0.699222
v 5.167061 -9.738800 0.700299
v 5.158981 -9.349953 0.685227
v 5.171932 -9.347156 0.685533
v 5.156994 -9.417650 0.687712
v 5.159116 -9.654959 0.696885
v 5.133761 1.690540 -0.350970
v 5.057500 2.925021 -0.172592
v 5.139946 1.113340 0.179582
v 5.138463 1.516370 0.110024
v 5.140337 0.664180 0.237273
v 5.185054 -9.106368 0.759188
v 5.164401 -8.759250 0.750406
v 5.188151 -9.735568 0.777359
v 5.021953 0.199442 0.269035
v 4.871791 -0.266602 0.296919
v 4.793622 -0.757855 0.344244
v 4.667893 -1.250522 0.385969
v 4.510694 -1.730722 0.420681
v 4.467555 -2.194389 0.468002
v 4.630419 -2.624250 0.531276
v 4.834271 -3.064828 0.580669
v 4.860596 -3.550491 0.594648
v 4.694698 -4.030023 0.593889
v 4.634976 -4.513391 0.622870
v 4.724752 -4.957841 0.677724
v 4.971768 -5.330550 0.738053
v 5.043818 -5.767387 0.768532
v 4.945771 -6.235653 0.763510
v 4.968259 -6.724522 0.754542
v 5.013370 -7.232090 0.745492
v 5.098110 -7.749806 0.740150
v 5.138914 -8.273636 0.742153
v 5.065932 2.628202 -0.074010
v 5.088617 2.267868 -0.029068
v 5.110314 1.891906 0.035299
v 5.058560 2.380597 -0.270191
v 5.053570 2.653754 -0.218515
v 5.078661 2.058826 -0.317548
v 5.272187 0.882496 -0.389897
v 5.194144 1.315659 -0.377307
v 5.341196 0.588635 -0.391878
v 5.110492 3.230720 -0.145146
v 5.046120 3.146349 -0.146949
v 5.144600 3.018430 -0.114483
v 5.152093 3.103600 -0.127930
v 5.148647 3.059790 -0.121813
v 5.147529 3.150290 -0.134012
v 5.105658 2.846116 -0.088924
v 5.140913 3.187805 -0.138903
v 5.124338 2.919898 -0.096921
v 5.261661 0.954163 -0.389454
v 5.258195 0.973949 -0.389016
v 5.240869 1.047884 -0.387059
v 5.362997 0.596222 -0.392497
v 5.295075 0.913674 -0.370932
v 5.273659 0.967571 -0.366643
v 5.349227 0.682928 -0.386883
v 5.319596 0.660371 -0.391130
v 5.185381 -9.347813 0.766025
v 5.189243 -9.299226 0.764711
v 5.185462 -9.357713 0.766323
v 5.190326 -9.427084 0.768502
v 5.193302 -9.663239 0.775499
v 5.165174 -9.733430 0.776193
v 5.158408 -9.351658 0.764770
v 5.167766 -9.349615 0.765148
v 5.157028 -9.416487 0.766587
v 5.158817 -9.652410 0.773535
v -5.016299 1.489761 -0.624360
v -4.857971 2.861921 -0.498312
v -4.947184 1.876347 -0.597093
v -4.858821 3.117090 -0.439096
v -5.036442 -9.449532 0.397038
v -4.981318 1.676773 -0.046776
v -4.981493 0.789378 0.026131
v -4.800642 -0.177701 0.087128
v -4.390150 -2.177277 0.216065
v -4.516556 -3.143408 0.321368
v -5.051419 -5.982071 0.624154
v -5.010345 1.244062 -0.006907
v -5.170187 -8.960934 0.431978
v -4.363216 -2.672940 0.259335
v -4.893910 -7.238438 0.643982
v -4.933791 2.076109 -0.088675
v -4.860966 3.268496 -0.265217
v -4.857518 3.241405 -0.256846
v -4.865019 3.116224 -0.237815
v -4.859690 3.045942 -0.225933
v -4.861012 3.305740 -0.276001
v -4.860482 3.333198 -0.283680
v -5.078743 1.141246 -0.638881
v -5.063059 1.213911 -0.636296
v -5.090922 1.051169 -0.640556
v -5.170392 0.782096 -0.645391
v -5.116174 1.077728 -0.633733
v -5.163129 -9.092079 0.419422
v -5.143998 -9.159105 0.414904
v -5.066034 -9.382956 0.400806
v -5.015427 -9.440017 0.398536
v -5.111995 -9.137800 0.394714
v -4.861498 2.601448 -0.541461
v -4.852110 2.861298 -0.512142
v -4.892640 2.248810 -0.577198
v -4.943599 1.875229 -0.611496
v -5.011582 1.489330 -0.639474
v -5.077284 1.120280 -0.655086
v -5.145888 0.774105 -0.661061
v -4.860800 3.388049 -0.321000
v -4.852797 3.324457 -0.378825
v -4.853306 3.117754 -0.452118
v -5.015284 1.242816 -0.020800
v -4.985043 1.676561 -0.060917
v -4.987593 0.787280 0.012630
v -5.172962 -8.959804 0.418056
v -5.059423 -8.697915 0.456384
v -5.036611 -9.453937 0.383900
v -4.908062 0.311139 0.043299
v -4.806779 -0.180190 0.074046
v -4.702888 -0.680044 0.105383
v -4.599380 -1.183745 0.137057
v -4.494651 -1.684289 0.168668
v -4.394625 -2.178661 0.202996
v -4.368403 -2.673023 0.246584
v -4.522786 -3.142037 0.308893
v -4.764021 -3.595183 0.382908
v -4.911707 -4.088276 0.439782
v -4.912048 -4.602004 0.462605
v -4.827654 -5.098013 0.469079
v -4.881428 -5.563247 0.521971
v -5.057537 -5.982922 0.611582
v -4.834541 -6.359321 0.661142
v -4.784306 -6.774084 0.671171
v -4.897098 -7.235534 0.631183
v -4.986497 -7.741259 0.565190
v -5.028045 -8.255879 0.504512
v -4.854535 2.819637 -0.200752
v -4.914972 2.459152 -0.150986
v -4.934761 2.076448 -0.102826
v -4.865320 3.191041 -0.261436
v -4.863913 3.269032 -0.277852
v -4.867604 3.117054 -0.250512
v -4.862136 3.046439 -0.238747
v -4.864001 3.306728 -0.288531
v -4.863537 3.336203 -0.296082
v -5.074059 1.139797 -0.654425
v -5.058271 1.212663 -0.651749
v -5.086331 1.050189 -0.656291
v -5.174261 0.778574 -0.661180
v -5.101268 1.159046 -0.647915
v -5.087545 1.163380 -0.647631
v -5.124708 0.845815 -0.659886
v -5.166338 0.853243 -0.658811
v -5.120278 1.078621 -0.650634
v -5.167614 -9.086677 0.405916
v -5.179649 -9.065380 0.406899
v -5.165416 -9.092863 0.405397
v -5.146447 -9.159745 0.400984
v -5.068411 -9.384935 0.387266
v -5.010190 -9.442603 0.386025
v -5.130761 -9.072495 0.380125
v -5.143847 -9.074144 0.378850
v -5.106587 -9.135809 0.381505
v -5.030359 -9.360765 0.385239
v -4.855603 3.323612 -0.349833
v -5.146119 0.772737 -0.624112
v -4.898757 2.248726 -0.544060
v -5.013281 1.487684 -0.603915
v -4.857268 2.860262 -0.477670
v -4.867929 2.601011 -0.507500
v -5.078769 1.118955 -0.618208
v -4.863386 3.388520 -0.294623
v -4.946406 1.874502 -0.577378
v -4.857497 3.116468 -0.419506
v -5.038898 -9.454313 0.414495
v -4.986357 1.678556 -0.028352
v -5.061987 -8.701871 0.487279
v -4.981336 0.790171 0.045596
v -4.800248 -0.177433 0.106424
v -4.595723 -1.181857 0.169223
v -4.392108 -2.177493 0.234511
v -4.518192 -3.141656 0.339406
v -4.904651 -4.088617 0.470185
v -4.815943 -5.098603 0.497268
v -5.054893 -5.983064 0.641852
v -4.784711 -6.779978 0.699886
v -4.987294 -7.747113 0.595524
v -4.922545 2.461527 -0.121355
v -5.012448 1.245312 0.012308
v -5.175429 -8.962359 0.450252
v -4.900617 0.314107 0.075925
v -4.698087 -0.677737 0.137628
v -4.491569 -1.682757 0.200678
v -4.365620 -2.672130 0.277505
v -4.759309 -3.594952 0.413513
v -4.900316 -4.602535 0.491688
v -4.874012 -5.563674 0.550882
v -4.836730 -6.363561 0.689651
v -4.898881 -7.241603 0.661054
v -5.031613 -8.260754 0.534912
v -4.861512 2.821995 -0.173102
v -4.941160 2.078612 -0.071461
v -4.868110 3.271485 -0.250242
v -4.870059 3.193459 -0.234165
v -4.864173 3.233462 -0.239194
v -4.864882 3.244426 -0.242004
v -4.872765 3.119344 -0.223380
v -4.867780 3.048706 -0.211618
v -4.867790 3.309166 -0.260984
v -4.866968 3.338307 -0.268847
v -5.075566 1.138432 -0.617748
v -5.059808 1.211166 -0.615349
v -5.087577 1.048874 -0.619176
v -5.174507 0.777118 -0.624534
v -5.102418 1.157626 -0.607282
v -5.088706 1.161981 -0.606660
v -5.125215 0.844468 -0.622447
v -5.166768 0.851770 -0.621179
v -5.121225 1.077192 -0.611155
v -5.170476 -9.087514 0.438090
v -5.182426 -9.066608 0.439168
v -5.168305 -9.093644 0.437626
v -5.149237 -9.160460 0.433004
v -5.070843 -9.385417 0.418454
v -5.012475 -9.442916 0.416125
v -5.133675 -9.072987 0.412842
v -5.146783 -9.074654 0.411882
v -5.109378 -9.136260 0.413599
v -5.032785 -9.361106 0.415878
v -4.856194 2.595274 -0.584390
v -4.847499 2.859864 -0.553853
v -4.889276 2.245451 -0.618501
v -4.945558 1.873929 -0.653601
v -5.010190 1.490355 -0.683717
v -5.075990 1.118727 -0.700949
v -5.146879 0.772327 -0.707810
v -4.857615 3.390832 -0.355380
v -4.850633 3.327646 -0.414659
v -4.849761 3.119277 -0.491269
v -5.017123 1.239286 -0.062305
v -4.983419 1.674968 -0.101727
v -4.992997 0.782561 -0.028516
v -5.167924 -8.957357 0.378901
v -5.055389 -8.693940 0.418486
v -5.032557 -9.454203 0.346013
v -4.914705 0.306072 0.002700
v -4.812502 -0.185035 0.033943
v -4.706847 -0.684375 0.065635
v -4.601960 -1.187545 0.097547
v -4.495945 -1.687455 0.129449
v -4.395223 -2.181189 0.164355
v -4.371075 -2.675053 0.208449
v -4.529541 -3.143128 0.270975
v -4.771026 -3.596369 0.344753
v -4.919908 -4.089291 0.401750
v -4.924929 -4.602828 0.425940
v -4.841686 -5.098820 0.434190
v -4.889472 -5.564138 0.486721
v -5.059322 -5.984256 0.574113
v -4.833563 -6.356270 0.625514
v -4.783891 -6.768682 0.635194
v -4.894077 -7.229676 0.594277
v -4.983097 -7.735699 0.527861
v -5.022504 -8.251078 0.467326
v -4.846885 2.822190 -0.236013
v -4.900293 2.461299 -0.187208
v -4.925343 2.076993 -0.141475
v -4.861164 3.192711 -0.296437
v -4.860188 3.270794 -0.312747
v -4.862872 3.118780 -0.285397
v -4.857050 3.048368 -0.273638
v -4.860369 3.308737 -0.323190
v -4.859948 3.338416 -0.330574
v -5.072663 1.138420 -0.700211
v -5.056535 1.212089 -0.697273
v -5.085498 1.048554 -0.702383
v -5.175256 0.776878 -0.707745
v -5.101116 1.156977 -0.697779
v -5.087379 1.161280 -0.697639
v -5.125236 0.844056 -0.706514
v -5.167114 0.851496 -0.705946
v -5.120364 1.076639 -0.699783
v -5.162041 -9.086200 0.366740
v -5.174103 -9.064458 0.367632
v -5.159865 -9.092433 0.366248
v -5.141170 -9.159438 0.362040
v -5.064071 -9.385061 0.349099
v -5.006150 -9.442902 0.348285
v -5.126038 -9.072680 0.339934
v -5.139115 -9.074323 0.338586
v -5.101981 -9.136015 0.341746
v -5.026176 -9.361045 0.347018
v -4.850669 2.584179 -0.664145
v -4.843268 2.857347 -0.631336
v -4.887334 2.239770 -0.695046
v -4.953431 1.872200 -0.731372
v -5.011858 1.493030 -0.765454
v -5.077897 1.116288 -0.785747
v -5.150829 0.773133 -0.794239
v -4.849429 3.387988 -0.418658
v -4.849628 3.330721 -0.481157
v -4.847516 3.121946 -0.563953
v -5.016588 1.232803 -0.139274
v -4.976762 1.671693 -0.176924
v -4.998753 0.774330 -0.105091
v -5.154121 -8.953135 0.307105
v -5.043571 -8.687676 0.348960
v -5.023515 -9.450376 0.276212
v -4.922774 0.297458 -0.072979
v -4.818890 -0.193154 -0.040762
v -4.709963 -0.691531 -0.008262
v -4.602518 -1.193706 0.024245
v -4.494118 -1.692443 0.056819
v -4.392057 -2.185337 0.092832
v -4.371738 -2.679415 0.137717
v -4.538100 -3.146888 0.200444
v -4.780048 -3.600264 0.273618
v -4.930922 -4.091856 0.330559
v -4.944609 -4.604060 0.356898
v -4.863514 -5.100273 0.368366
v -4.899878 -5.566817 0.420734
v -5.057109 -5.986328 0.504664
v -4.827158 -6.349287 0.559769
v -4.778835 -6.758967 0.568826
v -4.884274 -7.219757 0.526283
v -4.972568 -7.726022 0.459295
v -5.007998 -8.242667 0.399153
v -4.830345 2.827019 -0.299974
v -4.870636 2.465253 -0.252758
v -4.904666 2.077845 -0.211931
v -4.850800 3.195102 -0.360456
v -4.850370 3.274115 -0.376503
v -4.846773 3.246834 -0.368731
v -4.845882 3.235225 -0.365894
v -4.851622 3.121727 -0.349067
v -4.845216 3.052093 -0.337202
v -4.850546 3.312146 -0.386533
v -4.850048 3.340253 -0.393680
v -5.074289 1.136854 -0.784899
v -5.057522 1.212080 -0.781477
v -5.088265 1.045954 -0.787551
v -5.173568 0.776685 -0.793893
v -5.098046 1.148915 -0.789659
v -5.087953 1.153191 -0.789787
v -5.130317 0.842268 -0.792630
v -5.164184 0.848105 -0.793019
v -5.116447 1.071405 -0.790475
v -5.147986 -9.083118 0.294983
v -5.160022 -9.060781 0.295695
v -5.145426 -9.090703 0.294572
v -5.127167 -9.158121 0.290706
v -5.052193 -9.383358 0.279084
v -5.002541 -9.440965 0.278178
v -5.119554 -9.077577 0.265495
v -5.129003 -9.078732 0.264431
v -5.097303 -9.138455 0.267915
v -5.022741 -9.362257 0.275986
v -4.878977 2.593338 -0.465465
v -4.865806 2.856250 -0.432428
v -4.910978 2.244886 -0.503344
v -5.081320 1.113665 -0.570094
v -5.016235 1.484419 -0.558355
v -5.147933 0.767020 -0.574899
v -4.867809 3.396311 -0.257811
v -4.861144 3.325559 -0.310652
v -4.955804 1.871122 -0.534852
v -4.864734 3.114974 -0.376134
v -5.006947 1.248251 0.054332
v -4.970816 0.792705 0.087150
v -4.987994 1.682454 0.013422
v -5.176382 -8.966361 0.491908
v -5.040665 -9.455591 0.454916
v -5.064262 -8.707972 0.527208
v -4.888328 0.316341 0.117108
v -4.789323 -0.175591 0.147611
v -4.689769 -0.676515 0.179019
v -4.588913 -1.181135 0.210614
v -4.484887 -1.682292 0.241732
v -4.386157 -2.177269 0.274977
v -4.361190 -2.671953 0.317697
v -4.513259 -3.141763 0.379553
v -4.754323 -3.595550 0.453658
v -4.894868 -4.090453 0.509259
v -4.883371 -4.604753 0.528484
v -4.800269 -5.101231 0.533718
v -4.863338 -5.566145 0.588583
v -5.049695 -5.985421 0.681430
v -4.841645 -6.371734 0.727820
v -4.785299 -6.789728 0.737439
v -4.900283 -7.251268 0.699405
v -4.985639 -7.756536 0.634192
v -5.034957 -8.268436 0.574218
v -4.871665 2.830950 -0.138147
v -4.926177 2.470064 -0.083818
v -4.947672 2.085132 -0.031562
v -4.875304 3.279837 -0.214119
v -4.878376 3.201790 -0.198404
v -4.872211 3.241841 -0.203303
v -4.881580 3.127378 -0.187820
v -4.877460 3.056835 -0.176380
v -4.874010 3.317744 -0.224751
v -4.872481 3.347081 -0.232545
v -5.078065 1.133263 -0.569754
v -5.062018 1.206538 -0.567826
v -5.089993 1.043476 -0.570809
v -5.176319 0.771364 -0.575438
v -5.105217 1.151662 -0.555054
v -5.091522 1.156025 -0.554300
v -5.127181 0.838837 -0.573417
v -5.168766 0.845971 -0.571532
v -5.123818 1.071270 -0.559603
v -5.172012 -9.088999 0.479984
v -5.183756 -9.068659 0.481152
v -5.169859 -9.095084 0.479493
v -5.150829 -9.161882 0.474657
v -5.072567 -9.386744 0.459216
v -5.014264 -9.444131 0.456314
v -5.136244 -9.074508 0.456059
v -5.149357 -9.076192 0.455224
v -5.111815 -9.137726 0.456276
v -5.034740 -9.362373 0.456650
v -4.901587 2.580910 -0.396315
v -4.884281 2.849781 -0.357747
v -4.935514 2.239015 -0.436456
v -5.089872 1.105246 -0.489974
v -5.025389 1.479755 -0.482670
v -5.153115 0.761530 -0.492375
v -4.873767 3.402377 -0.194983
v -4.873621 3.326210 -0.245310
v -4.975675 1.866150 -0.464665
v -4.881086 3.112421 -0.304411
v -4.992968 1.253232 0.123836
v -4.948989 0.797408 0.155456
v -4.985920 1.688719 0.083128
v -5.173432 -8.973293 0.561482
v -5.042085 -9.453403 0.522575
v -5.063641 -8.719196 0.593958
v -4.863729 0.320763 0.184660
v -4.766992 -0.171756 0.215264
v -4.671743 -0.673696 0.247215
v -4.573381 -1.179123 0.278959
v -4.469556 -1.680707 0.309576
v -4.371987 -2.176416 0.341909
v -4.349551 -2.672268 0.384253
v -4.501097 -3.143668 0.446075
v -4.742071 -3.598227 0.520014
v -4.874438 -4.094150 0.573349
v -4.851072 -4.608139 0.588321
v -4.770102 -5.105631 0.592946
v -4.841175 -5.571408 0.650316
v -5.035488 -5.989120 0.747133
v -4.845291 -6.384079 0.791857
v -4.781979 -6.806234 0.800236
v -4.898382 -7.268255 0.763244
v -4.978607 -7.772807 0.698632
v -5.036224 -8.281690 0.639944
v -4.886278 2.845970 -0.078758
v -4.929084 2.484258 -0.020432
v -4.954384 2.095906 0.035455
v -4.884924 3.293809 -0.152990
v -4.883484 3.266731 -0.145033
v -4.894096 3.140557 -0.127355
v -4.891433 3.070556 -0.116428
v -4.881924 3.331722 -0.163456
v -4.879152 3.359700 -0.170991
v -5.086444 1.125608 -0.489764
v -5.069902 1.199863 -0.488629
v -5.098330 1.034857 -0.490250
v -5.175840 0.764699 -0.493023
v -5.107069 1.137493 -0.468223
v -5.097068 1.141892 -0.467437
v -5.134581 0.830864 -0.491595
v -5.167740 0.836142 -0.488508
v -5.124064 1.059830 -0.473546
v -5.170810 -9.089210 0.550124
v -5.182131 -9.070039 0.551408
v -5.168240 -9.096503 0.549559
v -5.149203 -9.163468 0.544366
v -5.071575 -9.386987 0.527469
v -5.021136 -9.443689 0.523286
v -5.142753 -9.081606 0.527897
v -5.152249 -9.082832 0.527499
v -5.119719 -9.142241 0.527221
v -5.042309 -9.365198 0.524462
v 5.954051 4.548036 -2.391710
v 5.511942 4.202926 1.785756
v 6.346223 5.863307 1.334277
v 6.789222 6.310770 -2.185786
v 5.170483 3.034160 -0.245995
v 5.167642 3.034477 -0.261956
v 5.165182 3.054516 -0.185810
v 5.010232 2.929706 -0.308682
v 5.045555 2.073589 -0.475073
v 5.265113 0.900917 -0.569148
v 5.169558 3.061218 -0.252156
v 5.254434 0.972266 -0.567391
v 5.250869 0.991916 -0.566558
v 5.233158 1.065370 -0.563359
v 5.356253 0.615811 -0.575338
v 5.262934 0.987210 -0.558393
v 5.066425 3.190036 -0.387936
v 4.963302 2.936425 -0.444443
v 4.959641 3.151803 -0.389640
v 4.994831 2.387256 -0.569514
v 4.978528 2.663201 -0.515630
v 5.038260 2.062352 -0.616479
v 5.107556 1.694194 -0.659386
v 5.174142 1.324133 -0.704452
v 5.116524 3.059684 -0.377237
v 5.112569 3.103635 -0.381831
v 5.106368 3.138709 -0.385325
v 5.227458 1.059334 -0.724313
v 5.022535 3.201826 -0.569000
v 5.007346 2.661934 -0.370408
v 4.948241 2.670946 -0.748145
v 5.008828 2.398507 -0.424993
v 5.030972 2.052894 -0.851865
v 5.105264 1.689517 -0.908733
v 5.111538 1.700213 -0.499731
v 5.057836 3.066594 -0.566068
v 5.057484 3.111333 -0.566630
v 5.160325 3.106234 -0.256881
v 5.055337 3.146727 -0.566895
v 5.148711 3.142021 -0.264703
v 5.254590 0.972265 -0.561410
v 5.251038 0.991918 -0.560616
v 5.356175 0.615709 -0.569368
v 5.375391 0.612926 -1.003627
v 5.285012 0.933269 -0.554491
v 5.263022 0.987140 -0.551795
v 5.312805 0.679476 -0.567785
v 5.053739 3.037574 -0.564897
v -5.110661 1.077744 -0.219785
v -5.043050 1.459919 -0.223286
v -5.173599 0.733807 -0.216282
v -5.018428 1.846190 -0.219366
v -4.930702 3.350899 0.050900
v -5.106734 1.098700 -0.220066
v -5.119263 1.007020 -0.218594
v -5.194832 0.736587 -0.218287
v -5.130564 1.106993 -0.183061
v -5.121605 1.111428 -0.181477
v -5.155558 0.802701 -0.216386
v -5.187304 0.807126 -0.212198
v -5.146323 1.030110 -0.190703
v -4.856397 3.320551 -0.366877
v -5.147671 0.778804 -0.645149
v -4.898062 2.250483 -0.563325
v -4.867587 2.603869 -0.527240
v -5.082024 1.121240 -0.639483
v -4.858893 3.379113 -0.309016
v -5.098532 1.155512 -0.630635
v -5.088482 1.159885 -0.630307
v -5.128632 0.847878 -0.643926
v -5.161707 0.853678 -0.642701
v -4.872720 3.252783 -0.206015
v -6.081445 5.056170 -2.589756
v -5.853048 4.673844 -2.445956
v -6.175040 5.929891 1.342435
v -6.461523 6.413044 1.174461
v -6.979631 7.358420 -0.938053
v -6.911736 7.220535 0.454264
v -7.000740 7.403481 0.000521
v -4.931163 3.324708 0.058873
v -5.251579 4.002754 1.656408
v -7.025996 7.451892 -0.349784
v -7.019434 7.437807 -0.608826
v -4.860426 3.241973 -0.269544
v -4.856618 3.243675 -0.304627
v -5.602553 4.388911 -2.230703
v -6.472233 5.951962 -2.512882
v -6.903390 7.227806 0.456807
v -6.993314 7.412320 0.000765
v -5.024588 3.574268 0.672252
v -5.110796 3.715665 1.008119
v -4.857237 3.229984 -0.250678
v -4.826592 3.254288 -0.568052
v -5.245378 4.007790 1.659667
v -5.882047 5.475557 1.426441
v -5.655063 5.041975 1.512319
v -5.118317 3.676635 -1.425205
v -7.018538 7.460667 -0.350178
v -7.011741 7.445987 -0.613036
v -7.021142 7.465957 -0.463397
v -7.020096 7.463703 -0.502406
v -4.859648 3.231034 -0.266581
v -4.855789 3.232734 -0.301674
v -4.883365 3.255221 -0.142264
v 5.517352 4.037236 -1.911088
v 6.218021 4.948217 -2.557652
v 5.162049 3.430511 0.660358
v 5.633595 4.571343 1.593018
v 6.052459 5.403367 1.402458
v 5.377704 3.756406 -1.632576
v 5.072897 3.278935 -1.113987
v 6.644414 5.858222 -2.514793
v 7.101340 7.137265 0.453404
v 7.227206 7.372711 -0.477825
v 5.130521 3.138296 0.048963
v 5.204699 3.549498 -1.350493
v 5.134448 3.263073 0.334578
v 7.220306 7.351796 -0.615837
v 5.174188 3.040353 -0.226658
v 5.147292 3.033708 -0.303995
v 5.703162 4.264080 -2.160336
v 6.461790 5.387688 -2.664360
v 5.033763 3.100285 -0.825023
v 6.909875 6.792477 0.872480
v 7.089963 7.078596 -1.364136
v 5.149722 3.074982 -0.124162
v 5.172205 3.034753 -0.240729
v -7.015722 7.470421 -0.484307
v -6.707268 6.881451 0.874203
v -4.980194 3.427968 0.362184
v -4.933133 3.305248 0.062602
v -4.858473 3.222044 -0.249507
v -4.827600 3.246182 -0.566927
v -4.942336 3.473846 -1.179581
v -5.835925 4.673531 -2.449074
v -6.064384 5.058198 -2.592253
v -6.293759 5.498302 -2.656278
v -6.466499 5.956005 -2.516936
v -5.117793 3.668984 -1.426054
v -5.402130 4.155868 -1.997746
v -5.597697 4.385808 -2.235951
v -6.590982 6.395797 -2.192461
v -6.738090 6.819730 -1.804613
v -6.875448 7.166028 -1.375727
v -6.967173 7.371994 -0.945151
v -7.014268 7.467546 -0.351082
v -7.007308 7.452538 -0.615350
v -7.017219 7.472810 -0.463241
v -7.016071 7.470321 -0.505634
v -4.857964 3.221848 -0.252925
v -4.860843 3.223218 -0.265635
v -4.865442 3.225680 -0.238042
v -4.856938 3.224922 -0.300594
v -4.846948 3.227235 -0.364771
v -4.873522 3.234049 -0.202296
v -4.884798 3.247289 -0.141276
v -4.822247 3.321701 -0.856502
v -5.253625 3.887079 -1.717175
v 3.294400 9.415059 -0.671682
v 5.585627 8.536757 -0.621040
v -4.347894 8.947875 -0.672617
v -5.433004 4.254080 1.810711
v -5.854960 5.497575 1.438741
v -6.975390 7.442990 -0.000587
v -6.884453 7.257962 0.460931
v -4.981370 3.393233 0.365368
v -4.938378 3.272360 0.065801
v 2.781937 9.600573 -0.656138
v 7.207217 7.411861 -0.487598
v -7.019065 7.464922 -0.483008
v 2.582384 9.221792 0.267510
v 2.384033 8.925170 0.707222
v 2.132953 8.650170 1.137553
v 1.831007 8.424857 1.531818
v 2.712831 9.471724 -0.164055
v 1.156971 8.144617 2.097594
v -1.917440 8.689834 1.168321
v -2.348408 9.239470 0.280343
v -1.286948 8.282473 1.870560
v -0.249871 8.022367 2.363568
v -0.600886 8.079962 2.259811
v -0.946850 8.161913 2.101348
v -2.634646 9.573240 -0.648970
v 7.140740 7.499707 -0.510487
v 7.169152 7.467634 -0.501659
v -2.505390 9.595212 -0.492547
v 5.168071 -8.742531 0.602510
v 5.174554 0.654436 0.078775
v 4.911952 -0.276385 0.146212
v 4.693582 -1.255718 0.235337
v 4.813972 -3.070450 0.428092
v 4.988334 -6.705801 0.615886
v 5.095685 -7.731057 0.594643
v 5.067295 2.215855 -0.177861
v 5.173665 1.097715 0.019426
v 5.184984 -9.098186 0.610903
v 4.827120 -0.766067 0.192975
v 4.536725 -1.733963 0.272900
v 4.636646 -2.625047 0.383201
v 4.893672 -3.554819 0.443786
v 4.636391 -4.521550 0.481535
v 4.977164 -5.325374 0.589632
v 5.019707 -7.213575 0.604525
v 5.045443 2.577492 -0.211405
v 5.092197 1.850275 -0.124043
v 5.169482 3.019473 -0.243272
v 5.193678 -9.430619 0.620744
v 5.173725 -9.736996 0.630241
v 5.165959 -9.355428 0.612088
v 5.175336 -9.353393 0.611874
v 5.167142 -9.656043 0.626417
v -5.056437 -8.700353 0.469822
v -4.594288 -1.181585 0.150250
v -4.904767 -4.088619 0.451848
v -4.818763 -5.097703 0.479632
v -4.780158 -6.776196 0.683560
v -4.983412 -7.743751 0.578343
v -4.915894 2.458405 -0.137241
v -4.901601 0.313615 0.056494
v -4.697336 -0.677718 0.118497
v -4.489990 -1.682345 0.181895
v -4.757709 -3.596479 0.395298
v -4.903528 -4.601435 0.473828
v -4.874228 -5.563973 0.533151
v -4.830276 -6.359018 0.673391
v -5.025668 -8.257978 0.517745
v -4.853023 2.818878 -0.187521
v -4.862520 3.189786 -0.248744
v -4.856752 3.229815 -0.253891
v -5.165763 -9.084640 0.419917
v -5.177710 -9.063718 0.420919
v -5.134616 -9.076988 0.393669
v -5.144092 -9.078162 0.392840
v -5.036081 -9.361368 0.397879
v -4.890039 3.215045 -0.137526
v -5.439452 4.249823 1.786428
v -5.519119 4.623341 1.656523
v -5.160503 3.834695 1.380323
v -5.240878 4.005839 1.665609
v -6.158596 5.938372 1.347090
v -6.446049 6.422417 1.180001
v -5.649044 5.045794 1.516026
v -5.875895 5.480093 1.429232
v -6.989203 7.419381 0.000554
v -5.108023 3.708336 1.010127
v -5.023495 3.566084 0.673744
v -6.899021 7.234562 0.457951
v -0.260081 9.247575 -2.001967
v -2.159031 9.503363 -1.386448
v -1.836742 9.412327 -1.638997
v -2.380578 9.596359 -1.069684
v 0.115803 9.241105 -2.006406
v 1.689004 9.325321 -1.811871
v 2.071802 9.388572 -1.633962
v 2.399512 9.481660 -1.394311
v 2.622776 9.577345 -1.083412
vn 0.9959 -0.0671 0.0603
vn 0.9559 -0.0885 0.2802
vn 0.9594 -0.0638 0.2746
vn 0.9990 -0.0235 0.0377
vn 0.9990 0.0207 -0.0404
vn 0.9980 -0.0571 -0.0253
vn 0.9732 -0.0207 -0.2290
vn 0.9692 0.0875 -0.2303
vn 0.9783 -0.1845 -0.0939
vn 0.9783 -0.1836 -0.0959
vn 0.9786 -0.1838 -0.0931
vn 0.9785 -0.1843 -0.0927
vn 0.9879 -0.1542 -0.0184
vn 0.9671 -0.1292 -0.2192
vn 0.9930 -0.0736 0.0926
vn 0.9804 -0.1018 0.1687
vn 0.9808 -0.0631 0.1847
vn 0.9926 -0.0095 0.1211
vn 0.9782 -0.1964 0.0679
vn 0.9865 -0.1454 0.0749
vn 0.9876 -0.1437 0.0624
vn 0.9801 -0.1899 0.0569
vn 0.9740 -0.0638 0.2175
vn 0.9607 -0.0997 0.2590
vn 0.9924 -0.0757 0.0969
vn 0.9981 -0.0291 0.0548
vn 0.9885 -0.0862 0.1241
vn 0.9833 -0.0978 0.1534
vn 0.9871 -0.1132 0.1132
vn 0.9730 -0.1307 0.1901
vn 0.9586 -0.1206 0.2581
vn 0.9613 -0.1125 0.2514
vn 0.4977 -0.0917 0.8625
vn 0.3164 -0.7477 0.5837
vn 0.1887 -0.7961 0.5750
vn 0.3656 -0.1700 0.9151
vn 0.9257 -0.1668 0.3396
vn 0.9802 -0.1582 0.1194
vn 0.9700 -0.2170 0.1093
vn 0.9143 -0.2327 0.3314
vn 0.9842 -0.1503 -0.0937
vn 0.9837 -0.1508 -0.0980
vn 0.9858 -0.1417 -0.0905
vn 0.9859 -0.1412 -0.0901
vn 0.8002 -0.2033 0.5642
vn 0.7640 -0.1918 0.6160
vn 0.9458 -0.1723 0.2754
vn 0.9102 -0.2236 0.3487
vn 0.9675 -0.2213 0.1221
vn 0.9803 -0.1540 0.1237
vn 0.9251 -0.1576 0.3456
vn 0.3961 -0.4770 -0.7845
vn 0.9932 -0.0386 0.1100
vn 0.9993 -0.0217 0.0313
vn -0.1139 -0.8417 -0.5278
vn -0.7600 0.1841 0.6233
vn -0.8763 0.2418 0.4166
vn -0.8318 0.2150 0.5117
vn -0.6877 0.1328 0.7138
vn 0.9713 -0.0912 0.2198
vn -0.1289 -0.9262 0.3544
vn 0.6920 -0.6400 0.3340
vn 0.9714 -0.0402 0.2338
vn -0.9658 -0.2149 -0.1448
vn -0.9747 0.0425 -0.2196
vn -0.9815 -0.0481 -0.1854
vn -0.9378 -0.3431 -0.0535
vn -0.9638 -0.0510 -0.2618
vn -0.9909 0.0264 -0.1318
vn -0.1421 -0.6969 0.7029
vn 0.3185 -0.4621 0.8277
vn 0.6488 -0.4265 0.6302
vn -0.2969 -0.4965 0.8157
vn -0.4976 -0.4022 0.7686
vn 0.8887 -0.2528 0.3825
vn 0.9028 -0.2514 0.3491
vn 0.2889 -0.5114 0.8093
vn 0.1384 -0.5174 0.8445
vn -0.2708 0.6675 -0.6936
vn -0.1977 0.5690 -0.7982
vn -0.1619 0.6409 -0.7503
vn -0.2166 0.7282 -0.6502
vn 0.9824 -0.0856 0.1659
vn 0.9286 -0.3248 0.1796
vn 0.8315 -0.3101 0.4609
vn 0.9406 -0.0991 0.3248
vn -0.7102 -0.2406 0.6616
vn -0.5650 -0.2546 0.7849
vn -0.5801 -0.1521 0.8002
vn -0.3627 -0.1826 0.9138
vn -0.0321 -0.5003 0.8652
vn -0.6963 -0.2278 0.6806
vn 0.9275 -0.2698 -0.2589
vn 0.9579 -0.0927 -0.2718
vn 0.9903 -0.0927 -0.1032
vn 0.9579 -0.2639 -0.1129
vn -0.6679 -0.0738 0.7406
vn -0.6651 0.0216 -0.7464
vn -0.6673 0.1583 -0.7278
vn -0.6563 0.1278 -0.7436
vn -0.5802 -0.0554 -0.8126
vn 0.8613 0.2897 -0.4174
vn 0.8760 0.2569 -0.4082
vn 0.8930 0.3066 -0.3296
vn 0.9025 0.2450 -0.3543
vn -0.2175 -0.0163 0.9759
vn -0.2551 -0.0951 0.9622
vn -0.3178 0.0128 0.9481
vn -0.3938 0.0817 0.9155
vn -0.3145 -0.0368 0.9485
vn -0.3745 -0.1134 0.9203
vn -0.3345 -0.0342 0.9418
vn -0.4727 -0.0317 0.8807
vn -0.4152 0.0398 0.9089
vn -0.2770 0.0139 0.9608
vn -0.4571 -0.0789 0.8859
vn 0.8082 0.2962 -0.5089
vn 0.7302 0.2891 -0.6191
vn 0.8347 -0.0128 -0.5506
vn 0.8976 0.2908 -0.3311
vn 0.5842 -0.3273 -0.7427
vn 0.7129 -0.3163 -0.6258
vn 0.7637 -0.2264 -0.6046
vn 0.5530 -0.3351 -0.7629
vn -0.4758 -0.1417 -0.8681
vn -0.4272 -0.1109 -0.8973
vn -0.4237 -0.4185 -0.8033
vn -0.4518 -0.4433 -0.7742
vn 0.4136 0.1314 -0.9009
vn 0.7116 0.2054 -0.6719
vn 0.2100 0.0588 0.9759
vn 0.0809 0.0680 0.9944
vn 0.0711 0.0647 0.9954
vn 0.2219 0.0649 0.9729
vn 0.5526 -0.1593 -0.8181
vn 0.6899 -0.0966 -0.7174
vn 0.3939 -0.2280 -0.8904
vn 0.3959 -0.3636 -0.8432
vn 0.4576 -0.1332 -0.8791
vn -0.5456 -0.6530 -0.5253
vn -0.5344 -0.6342 -0.5588
vn -0.7752 -0.6219 -0.1113
vn -0.7511 -0.6547 -0.0853
vn -0.2682 -0.1530 -0.9511
vn 0.3971 0.0361 -0.9171
vn -0.6747 -0.1473 -0.7233
vn -0.2134 -0.0375 -0.9762
vn 0.2713 -0.0185 -0.9623
vn 0.3191 -0.0316 -0.9472
vn 0.4302 -0.1986 -0.8806
vn -0.6158 0.0853 -0.7833
vn -0.3438 0.1512 -0.9268
vn 0.1698 -0.0018 -0.9855
vn 0.2669 -0.0732 -0.9609
vn -0.2725 -0.2152 -0.9378
vn 0.9182 0.1921 -0.3464
vn 0.9702 0.0663 -0.2331
vn 0.9672 0.1156 -0.2261
vn 0.9262 0.1760 -0.3335
vn -0.5987 -0.0531 -0.7992
vn -0.6481 -0.2240 -0.7279
vn -0.4296 -0.1095 -0.8964
vn -0.3599 0.0490 0.9317
vn -0.1327 -0.0296 0.9907
vn -0.1308 -0.1120 0.9851
vn 0.1647 -0.0675 0.9840
vn -0.0048 -0.1314 0.9913
vn -0.0604 -0.0400 0.9974
vn -0.0714 -0.0453 0.9964
vn -0.0949 -0.0944 -0.9910
vn -0.1707 -0.0755 0.9824
vn 0.1574 -0.0585 0.9858
vn -0.3519 -0.2812 0.8928
vn -0.2330 -0.1820 0.9553
vn 0.0126 -0.0721 0.9973
vn -0.1114 -0.0248 -0.9935
vn -0.3710 0.0316 -0.9281
vn -0.3665 0.0342 -0.9298
vn -0.1016 -0.0114 -0.9948
vn -0.1066 -0.0451 -0.9933
vn -0.3762 -0.0130 -0.9265
vn 0.3099 0.6935 -0.6504
vn -0.0979 0.9928 -0.0691
vn -0.2081 0.9777 -0.0268
vn 0.3361 0.7903 -0.5124
vn -0.4923 -0.0045 0.8704
vn -0.4114 -0.0319 0.9109
vn -0.1898 -0.0386 0.9811
vn -0.3912 0.0066 0.9203
vn -0.5910 0.0547 0.8048
vn 0.9843 -0.1689 -0.0514
vn 0.9840 -0.1758 -0.0288
vn 0.9858 -0.1666 -0.0190
vn 0.9875 -0.1564 -0.0211
vn 0.9481 -0.1849 -0.2587
vn 0.9594 -0.1684 -0.2261
vn -0.9533 -0.3021 0.0022
vn -0.9525 -0.3045 0.0015
vn -0.9529 -0.3028 -0.0152
vn -0.9537 -0.3003 -0.0161
vn -0.7803 0.1170 -0.6144
vn -0.8985 0.1376 -0.4168
vn -0.9192 0.1453 -0.3660
vn -0.8216 0.1323 -0.5545
vn 0.9687 -0.1654 0.1853
vn 0.9606 -0.1289 0.2463
vn 0.9924 -0.1115 0.0516
vn 0.9885 -0.1506 -0.0103
vn 0.0051 0.0018 -1.0000
vn -0.2717 0.0468 -0.9613
vn -0.2611 0.0525 -0.9639
vn -0.0117 -0.0045 -0.9999
vn -0.9459 0.1701 -0.2761
vn -0.8857 0.1629 -0.4348
vn -0.8552 0.1509 -0.4958
vn -0.9337 0.1578 -0.3214
vn -0.7330 0.1373 -0.6662
vn -0.6594 0.1227 -0.7417
vn -0.7180 0.1121 -0.6870
vn -0.7411 0.1124 -0.6620
vn -0.5186 0.0917 -0.8501
vn -0.4947 0.0803 -0.8653
vn -0.7979 0.1528 -0.5831
vn 0.1145 -0.1855 0.9760
vn -0.1432 -0.1679 0.9754
vn -0.1115 -0.0644 0.9917
vn 0.1340 -0.0912 0.9868
vn 0.7438 -0.2128 0.6337
vn 0.5053 -0.1533 0.8492
vn 0.4734 -0.1877 0.8606
vn -0.8337 -0.2444 0.4951
vn -0.8434 -0.1536 0.5149
vn -0.8247 -0.1346 0.5493
vn -0.7904 -0.2697 0.5500
vn 0.1449 -0.1953 0.9700
vn 0.2333 -0.1478 0.9611
vn 0.4596 -0.0905 0.8835
vn 0.1283 -0.0545 0.9902
vn 0.0880 -0.1102 0.9900
vn 0.4241 -0.1495 0.8932
vn -0.8518 -0.0475 0.5217
vn -0.8227 -0.1308 0.5532
vn -0.8942 -0.0157 0.4474
vn -0.9111 0.0973 0.4006
vn -0.3689 -0.0151 -0.9294
vn -0.3427 0.0090 -0.9394
vn -0.0532 -0.0170 -0.9984
vn -0.0922 -0.0437 -0.9948
vn -0.5704 0.0111 -0.8213
vn -0.5590 0.0690 -0.8263
vn -0.6808 0.1037 -0.7251
vn -0.6955 0.0400 -0.7174
vn 0.2532 -0.0782 -0.9643
vn 0.2372 -0.0827 -0.9679
vn -0.5602 0.0750 -0.8250
vn 0.9663 -0.2559 0.0293
vn 0.9636 -0.2489 0.0977
vn 0.9987 -0.0103 -0.0498
vn 0.9983 -0.0200 -0.0555
vn -0.2729 -0.3859 0.8812
vn -0.2789 -0.3187 0.9059
vn -0.2462 -0.4124 0.8771
vn -0.2526 -0.4488 0.8572
vn -0.2730 0.0210 0.9618
vn -0.2539 0.0758 0.9643
vn -0.1767 0.0200 0.9841
vn -0.2034 -0.0478 0.9779
vn 0.5593 -0.1350 -0.8179
vn 0.5654 -0.1277 -0.8148
vn -0.1671 0.0340 0.9853
vn -0.1703 0.0095 0.9854
vn -0.1861 -0.0223 0.9823
vn -0.1350 -0.0873 -0.9870
vn 0.1919 -0.1496 -0.9699
vn -0.0327 -0.7327 -0.6798
vn -0.2644 -0.6959 -0.6677
vn 0.5227 -0.2078 -0.8268
vn 0.2078 -0.7800 -0.5903
vn -0.2205 -0.1117 0.9690
vn -0.6767 0.3994 -0.6185
vn -0.5988 0.4680 -0.6499
vn -0.6578 0.5475 -0.5173
vn -0.7279 0.4733 -0.4961
vn -0.1012 -0.0202 0.9947
vn -0.4294 0.0582 -0.9012
vn -0.3131 0.0438 -0.9487
vn -0.3627 0.6837 0.6333
vn -0.4247 0.6650 0.6144
vn -0.4214 0.6678 0.6136
vn -0.3660 0.6861 0.6288
vn -0.1557 -0.0387 0.9870
vn -0.3028 -0.0509 0.9517
vn -0.3177 -0.0099 0.9481
vn -0.1356 -0.0170 0.9906
vn -0.5488 0.0781 -0.8323
vn -0.5818 0.1066 -0.8063
vn -0.6770 -0.0033 -0.7359
vn -0.6520 0.0888 -0.7530
vn -0.7357 0.1196 -0.6667
vn -0.7282 0.0661 -0.6822
vn 0.0232 0.3895 -0.9207
vn -0.0014 0.3870 -0.9221
vn -0.0018 0.2883 -0.9575
vn 0.0300 0.2906 -0.9564
vn -0.8543 0.1563 -0.4958
vn -0.8373 0.1622 -0.5222
vn -0.8832 0.2181 -0.4152
vn -0.8998 0.2051 -0.3851
vn -0.3719 0.4954 0.7850
vn -0.4203 0.4490 0.7886
vn -0.3739 0.4738 0.7973
vn -0.3428 0.5425 0.7669
vn -0.8031 -0.1170 0.5842
vn -0.8078 -0.0739 0.5848
vn -0.7593 -0.0821 0.6456
vn -0.7532 -0.1002 0.6501
vn -0.4672 0.1105 0.8772
vn -0.5697 0.1415 0.8095
vn -0.8746 0.1431 -0.4632
vn -0.7095 0.2252 0.6678
vn -0.6174 0.2174 0.7560
vn -0.7508 0.1698 0.6383
vn -0.6751 0.1569 0.7208
vn -0.7839 0.2278 0.5776
vn -0.8323 0.2257 0.5062
vn -0.1617 0.1989 -0.9666
vn -0.1864 0.1642 -0.9687
vn -0.1633 0.1034 -0.9811
vn -0.1391 0.1381 -0.9806
vn -0.9150 -0.3576 -0.1868
vn -0.9394 -0.2844 -0.1912
vn -0.9347 -0.2817 -0.2169
vn -0.9137 -0.3505 -0.2056
vn 0.4378 -0.0538 -0.8975
vn 0.7089 0.0878 -0.6998
vn -0.1052 0.2096 -0.9721
vn -0.1100 0.2054 -0.9725
vn -0.2133 0.1686 -0.9623
vn -0.2042 0.1806 -0.9621
vn 0.8931 0.1800 -0.4123
vn 0.8146 0.0454 -0.5783
vn 0.1487 -0.1855 0.9713
vn -0.0293 -0.3065 0.9514
vn 0.4342 -0.2912 0.8525
vn 0.4509 -0.2041 0.8689
vn 0.8487 -0.2138 0.4837
vn 0.8991 -0.1830 0.3976
vn -0.9368 0.2370 -0.2574
vn -0.8790 -0.4387 -0.1866
vn -0.8839 -0.4050 0.2336
vn -0.9182 0.2437 0.3121
vn -0.2392 -0.3681 0.8985
vn -0.2701 -0.3356 0.9025
vn -0.2627 -0.2416 0.9342
vn -0.2352 -0.2802 0.9307
vn -0.9426 0.2680 -0.1993
vn -0.9355 0.2817 -0.2132
vn -0.9084 0.2751 0.3149
vn -0.9147 0.2643 0.3058
vn -0.2597 0.6104 0.7483
vn -0.2033 0.5335 0.8210
vn -0.1443 0.4873 0.8612
vn -0.2011 0.5522 0.8091
vn -0.5900 0.1528 0.7928
vn -0.9056 0.2814 0.3174
vn -0.5749 0.1579 0.8028
vn 0.3277 -0.0777 -0.9416
vn -0.6188 0.1469 0.7716
vn -0.8458 0.2174 -0.4872
vn -0.8651 0.2222 -0.4497
vn -0.8187 0.1478 -0.5549
vn -0.7943 0.1302 -0.5934
vn -0.9305 0.2866 -0.2282
vn -0.7759 0.0053 -0.6309
vn -0.7669 -0.1222 -0.6301
vn -0.7049 0.0772 -0.7051
vn -0.7088 0.1044 -0.6976
vn -0.8372 -0.1152 0.5346
vn -0.8995 -0.1312 0.4167
vn -0.8722 -0.2905 0.3935
vn -0.8131 -0.2982 0.5000
vn -0.7487 -0.0594 0.6602
vn -0.7210 -0.1027 0.6853
vn -0.8182 -0.1603 0.5522
vn -0.8314 -0.0414 0.5541
vn -0.5031 0.0650 -0.8618
vn -0.9095 0.2444 0.3364
vn -0.9433 0.2644 0.2007
vn -0.9352 0.2463 0.2542
vn -0.8847 0.2198 0.4111
vn -0.8275 0.2139 0.5191
vn -0.9107 0.2502 0.3287
vn -0.6747 0.1225 0.7279
vn -0.7483 0.1677 0.6418
vn -0.8588 0.2158 0.4646
vn -0.8141 0.1907 0.5485
vn -0.8648 0.3216 0.3856
vn -0.8999 0.2829 0.3321
vn -0.5259 0.2145 0.8230
vn -0.3952 0.0781 0.9153
vn -0.3619 0.0590 0.9304
vn -0.4759 0.2068 0.8549
vn -0.3460 0.0537 0.9367
vn -0.2874 0.0831 0.9542
vn -0.7848 0.4674 -0.4070
vn -0.7284 0.3915 -0.5623
vn -0.7740 0.3753 -0.5099
vn -0.8253 0.4480 -0.3438
vn -0.6281 0.3697 -0.6847
vn -0.6903 0.3204 -0.6487
vn -0.7036 0.3897 -0.5942
vn -0.6407 0.4408 -0.6287
vn -0.7588 0.4597 -0.4614
vn -0.6966 0.5183 -0.4960
vn -0.8580 0.3631 -0.3634
vn -0.8211 0.3678 -0.4365
vn -0.7784 0.2627 -0.5701
vn -0.8077 0.2713 -0.5235
vn -0.9541 0.2060 -0.2176
vn -0.9155 0.1851 -0.3573
vn -0.7485 0.2687 -0.6063
vn -0.8933 0.3993 -0.2064
vn -0.8628 0.4290 -0.2673
vn -0.9548 0.2412 -0.1739
vn -0.9493 0.2520 -0.1880
vn -0.9251 0.2519 0.2841
vn -0.9361 0.2487 0.2487
vn -0.8467 0.1777 -0.5015
vn -0.9699 0.1926 -0.1492
vn -0.9691 0.2250 -0.1008
vn -0.8769 0.2263 -0.4241
vn -0.9190 0.2604 -0.2961
vn -0.9409 0.3385 0.0065
vn -0.9171 0.3987 -0.0050
vn -0.9096 0.4051 -0.0921
vn -0.9366 0.3432 -0.0710
vn -0.9469 0.2732 -0.1697
vn -0.8800 0.4517 0.1467
vn -0.8972 0.4286 0.1068
vn -0.8723 0.4078 0.2699
vn -0.8335 0.4244 0.3538
vn -0.9172 0.3897 0.0834
vn -0.9400 0.3315 0.0808
vn -0.9308 0.3163 0.1832
vn -0.9042 0.3734 0.2073
vn -0.9598 0.2806 0.0109
vn -0.9562 0.2771 0.0945
vn -0.7413 0.3401 0.5786
vn -0.6592 0.3542 0.6633
vn -0.7819 0.4529 0.4284
vn -0.3487 0.2422 0.9054
vn -0.4854 0.4123 0.7710
vn -0.5242 0.3976 0.7531
vn -0.3929 0.2295 0.8905
vn -0.6617 0.5390 0.5212
vn -0.7268 0.4797 0.4916
vn -0.5867 0.3587 0.7260
vn -0.3515 -0.7256 -0.5915
vn -0.4050 -0.7971 -0.4479
vn -0.3755 -0.8135 -0.4441
vn -0.3228 -0.7426 -0.5867
vn -0.4526 0.2017 0.8686
vn -0.7293 0.2009 -0.6541
vn -0.6541 0.2437 -0.7161
vn -0.6237 -0.1187 -0.7726
vn -0.6025 -0.1078 -0.7908
vn -0.7917 -0.0970 -0.6032
vn -0.7237 -0.1635 -0.6705
vn -0.6132 0.2403 -0.7525
vn -0.2202 0.1268 -0.9672
vn -0.7722 0.1466 -0.6183
vn -0.7188 0.2936 -0.6302
vn 0.7095 -0.1656 0.6849
vn 0.6353 -0.0991 0.7659
vn 0.6584 -0.0339 0.7519
vn 0.6865 -0.1838 0.7035
vn -0.7677 0.1611 -0.6202
vn -0.7648 0.1431 -0.6282
vn -0.7900 -0.0049 -0.6131
vn -0.5602 0.0811 0.8244
vn -0.5424 0.1182 0.8317
vn -0.6679 0.1354 0.7319
vn -0.8762 -0.1825 0.4461
vn -0.8965 -0.1928 0.3988
vn -0.9169 -0.1218 0.3801
vn -0.9241 -0.0499 0.3790
vn -0.8627 0.4699 0.1869
vn -0.8948 0.4457 -0.0255
vn -0.8925 0.4506 -0.0185
vn -0.3719 -0.0614 0.9262
vn -0.3304 -0.0641 0.9417
vn -0.2513 -0.1100 0.9616
vn -0.9341 0.2649 -0.2393
vn -0.9105 0.2645 0.3178
vn -0.0816 -0.1522 0.9850
vn 0.0322 -0.1110 0.9933
vn -0.2614 -0.1133 0.9586
vn -0.3684 0.9282 -0.0527
vn -0.7546 0.6551 -0.0377
vn -0.7363 0.6745 -0.0543
vn -0.3181 0.9459 -0.0634
vn -0.2652 -0.0474 0.9630
vn -0.9910 -0.0287 -0.1305
vn -0.9974 0.0256 0.0675
vn -0.9920 0.0795 0.0979
vn -0.9922 -0.0157 -0.1236
vn 0.3697 0.8941 -0.2529
vn 0.3648 0.8325 -0.4171
vn 0.3278 0.8541 -0.4038
vn 0.3279 0.9186 -0.2206
vn -0.8632 0.4776 -0.1638
vn -0.8746 0.4833 -0.0397
vn -0.8155 0.5768 -0.0479
vn -0.8048 0.5655 -0.1802
vn -0.8634 0.4970 0.0871
vn -0.8031 0.5892 0.0888
vn -0.8902 0.4503 0.0689
vn -0.8490 0.4809 0.2190
vn -0.8246 0.5131 0.2383
vn -0.7502 0.4653 0.4699
vn -0.9621 0.1844 -0.2007
vn -0.9505 0.1816 -0.2523
vn -0.9663 0.2289 -0.1173
vn -0.9708 0.2275 -0.0767
vn -0.8717 0.4581 -0.1741
vn -0.8571 0.4658 -0.2201
vn -0.8256 0.4847 -0.2889
vn -0.8461 0.4639 -0.2625
vn -0.8884 0.4397 -0.1321
vn -0.8987 0.4375 -0.0316
vn -0.7649 0.5615 -0.3157
vn 0.9085 -0.2777 -0.3123
vn 0.9562 -0.2675 -0.1185
vn 0.5290 -0.8457 -0.0698
vn 0.4924 -0.8432 -0.2161
vn 0.9675 -0.2488 -0.0443
vn 0.5345 -0.8449 -0.0236
vn 0.9672 -0.1899 0.1685
vn 0.9754 -0.1464 0.1650
vn 0.9753 -0.1484 0.1634
vn 0.9668 -0.1908 0.1698
vn 0.9295 -0.2339 -0.2851
vn 0.9735 -0.2156 -0.0768
vn 0.9699 -0.2258 -0.0914
vn 0.9243 -0.2419 -0.2951
vn 0.9771 -0.1886 -0.0988
vn 0.9796 -0.2003 -0.0144
vn 0.9862 -0.1642 -0.0200
vn 0.3188 -0.1019 0.9423
vn 0.3096 -0.0951 0.9461
vn 0.4993 -0.1528 0.8529
vn -0.5755 0.1398 0.8058
vn -0.6234 -0.5073 0.5950
vn -0.5763 0.1286 0.8070
vn -0.9327 0.2644 -0.2452
vn -0.9101 0.2665 0.3175
vn -0.8113 0.3377 0.4772
vn -0.8883 0.4411 -0.1278
vn -0.9003 0.4351 -0.0146
vn 0.8290 -0.5367 -0.1574
vn 0.5881 -0.6995 -0.4059
vn 0.6091 -0.7225 -0.3272
vn 0.8409 -0.5358 -0.0762
vn -0.7729 0.4565 -0.4407
vn -0.9349 0.1829 -0.3041
vn -0.9608 0.2331 -0.1503
vn -0.9170 0.1914 -0.3498
vn 0.2216 -0.0873 -0.9712
vn 0.9415 -0.2448 0.2316
vn 0.9872 0.0349 0.1555
vn 0.2934 0.7344 -0.6120
vn 0.3239 0.7333 -0.5978
vn -0.3996 -0.1422 0.9056
vn -0.3534 -0.1455 0.9241
vn -0.2431 -0.1371 0.9602
vn -0.2254 -0.1681 0.9597
vn 0.9173 0.0900 0.3878
vn 0.9531 0.0165 0.3023
vn 0.8661 -0.0203 0.4995
vn 0.6466 0.3365 0.6847
vn 0.9969 0.0389 0.0680
vn 0.9978 0.0487 0.0455
vn 0.9988 -0.0251 0.0427
vn 0.9972 -0.0366 0.0654
vn 0.7503 -0.1312 0.6479
vn 0.7533 -0.1406 0.6424
vn 0.4700 -0.1084 0.8760
vn -0.7002 0.0562 -0.7117
vn 0.9970 -0.0553 -0.0540
vn 0.9981 0.0415 -0.0466
vn -0.5243 0.0396 -0.8506
vn -0.5465 0.0240 -0.8371
vn -0.9530 0.2535 0.1658
vn -0.9461 0.2498 0.2060
vn -0.6391 -0.7677 0.0472
vn -0.9749 0.0229 -0.2213
vn -0.6624 0.1459 0.7348
vn -0.7157 0.1606 0.6797
vn -0.5724 0.3316 0.7499
vn -0.7036 0.4807 0.5233
vn -0.6248 0.5638 0.5402
vn -0.7043 -0.1495 0.6940
vn -0.8974 -0.1771 0.4042
vn -0.8808 -0.2390 0.4087
vn -0.6767 -0.2092 0.7059
vn -0.9701 0.2425 -0.0010
vn -0.9576 0.2790 -0.0717
vn -0.9235 0.3438 -0.1699
vn -0.8928 0.3311 -0.3053
vn -0.8029 -0.2271 -0.5511
vn -0.7520 -0.1840 -0.6329
vn -0.7297 -0.3171 -0.6058
vn -0.7685 -0.3704 -0.5217
vn -0.5008 0.0954 0.8603
vn -0.6325 0.0551 0.7726
vn -0.6204 0.3317 0.7107
vn -0.4866 0.3320 0.8081
vn 0.9409 0.2830 0.1858
vn 0.9341 0.3070 0.1824
vn 0.6883 0.2010 0.6970
vn 0.6904 0.1790 0.7009
vn -0.0126 -0.0050 -0.9999
vn -0.3077 0.0257 -0.9511
vn -0.6989 0.0341 -0.7144
vn -0.5654 0.0050 -0.8248
vn -0.7772 0.1017 -0.6209
vn -0.6767 0.1137 -0.7274
vn -0.7429 0.1657 -0.6485
vn -0.7493 0.1609 -0.6423
vn -0.5773 0.0122 -0.8165
vn -0.6880 0.0493 -0.7241
vn -0.7511 0.0997 -0.6527
vn 0.8993 -0.1565 0.4084
vn 0.8792 -0.2449 0.4086
vn 0.8936 -0.2617 0.3648
vn 0.9252 -0.1418 0.3519
vn -0.0128 -0.9947 -0.1016
vn 0.0031 -0.9293 -0.3694
vn 0.9985 -0.0435 0.0319
vn 0.0440 -0.5886 0.8072
vn -0.0807 0.7517 0.6546
vn 0.9899 -0.0183 0.1405
vn 0.9980 -0.0071 0.0635
vn 0.1022 0.0576 -0.9931
vn -0.9816 -0.1710 -0.0847
vn -0.9808 -0.1442 -0.1316
vn -0.9854 -0.1115 -0.1285
vn -0.9857 -0.1503 -0.0766
vn -0.9975 -0.0515 0.0490
vn -0.9431 -0.1502 -0.2968
vn -0.9537 -0.0719 -0.2920
vn -0.9981 0.0240 0.0572
vn -0.7376 -0.5866 0.3344
vn -0.7553 -0.5008 0.4227
vn -0.7185 -0.2085 0.6635
vn -0.7678 -0.2862 0.5732
vn -0.9768 -0.1818 0.1135
vn -0.9969 -0.0608 -0.0497
vn -0.9832 -0.0782 0.1651
vn 0.9862 -0.1311 0.1009
vn 0.9837 -0.1411 0.1113
vn 0.9729 -0.1190 0.1982
vn 0.9732 -0.2068 0.1002
vn 0.9195 -0.2301 0.3188
vn -0.1376 -0.1818 0.9737
vn 0.9878 -0.1501 0.0425
vn 0.9852 -0.1639 -0.0507
vn 0.9835 -0.1668 -0.0702
vn 0.3104 -0.0824 -0.9470
vn 0.3122 -0.0625 -0.9480
vn 0.6004 -0.1187 -0.7909
vn 0.6307 -0.1368 -0.7639
vn 0.2887 -0.0546 -0.9559
vn -0.5420 0.0443 0.8392
vn -0.6121 0.0831 0.7864
vn -0.7755 0.1863 0.6032
vn -0.6820 0.1320 0.7194
vn -0.7777 0.1809 0.6020
vn -0.7440 -0.1344 0.6545
vn -0.6864 -0.1705 0.7069
vn 0.5830 -0.1021 -0.8060
vn 0.9227 -0.1572 -0.3521
vn 0.9174 -0.2381 -0.3189
vn 0.9867 -0.0796 -0.1417
vn 0.9857 -0.0222 -0.1673
vn -0.9189 0.3067 -0.2481
vn -0.8957 0.3120 0.3168
vn -0.2809 0.0175 0.9596
vn -0.2233 -0.0553 0.9732
vn -0.2985 0.0335 0.9538
vn -0.4149 0.0151 0.9098
vn -0.3489 0.0221 0.9369
vn -0.7666 0.1032 -0.6338
vn -0.8298 0.1877 -0.5256
vn -0.8369 0.1891 -0.5137
vn 0.4521 0.7372 0.5021
vn 0.4362 0.6800 0.5893
vn 0.1179 0.9849 0.1270
vn 0.0652 0.9964 0.0548
vn -0.3906 -0.0312 -0.9200
vn -0.4407 -0.6596 -0.6089
vn -0.2695 0.0168 0.9629
vn -0.1813 -0.0306 0.9830
vn -0.2515 0.0798 0.9646
vn -0.1841 -0.0546 0.9814
vn -0.3339 -0.6731 0.6599
vn -0.3387 -0.6887 0.6411
vn -0.9506 0.2582 0.1722
vn -0.9551 -0.0132 0.2960
vn -0.9584 -0.0259 0.2842
vn -0.9616 0.2211 0.1624
vn 0.9283 -0.2126 -0.3052
vn 0.9737 -0.2010 -0.1074
vn -0.3944 -0.6224 0.6761
vn -0.5563 0.1919 0.8085
vn -0.5567 0.1914 0.8083
vn -0.5727 0.1421 0.8073
vn -0.9403 -0.1573 0.3018
vn -0.9379 -0.1573 0.3093
vn -0.9544 -0.1186 0.2740
vn -0.9594 -0.1040 0.2620
vn -0.4793 0.0214 0.8774
vn -0.3823 -0.0441 0.9230
vn 0.4576 -0.1815 0.8705
vn 0.7411 -0.2065 0.6388
vn -0.0708 0.0371 -0.9968
vn -0.0589 0.0566 -0.9967
vn -0.0501 0.0487 -0.9976
vn -0.0173 0.0273 -0.9995
vn 0.9667 -0.2237 0.1242
vn 0.9691 -0.2279 0.0940
vn 0.9609 -0.2650 0.0803
vn 0.9575 -0.2629 0.1184
vn -0.9199 0.3004 -0.2520
vn -0.8978 0.3074 0.3153
vn -0.8139 0.2348 -0.5314
vn 0.9532 -0.1274 0.2743
vn -0.8108 0.2316 -0.5376
vn -0.8222 0.1665 -0.5443
vn 0.9883 -0.0454 0.1456
vn 0.9684 -0.0724 0.2388
vn 0.9735 -0.0612 0.2203
vn 0.9999 -0.0089 0.0120
vn 0.9845 0.0033 0.1751
vn 0.9772 -0.0585 0.2042
vn 0.9766 -0.0708 0.2031
vn 0.9810 -0.0797 0.1770
vn 0.9995 -0.0123 0.0306
vn -0.0465 -0.0776 0.9959
vn -0.0930 -0.0806 0.9924
vn -0.2037 -0.0430 0.9781
vn -0.1521 -0.0490 0.9871
vn 0.9759 -0.1968 0.0948
vn 0.9772 -0.1943 0.0856
vn 0.9564 -0.2803 0.0826
vn 0.9554 -0.2795 0.0956
vn 0.9982 -0.0102 0.0595
vn 0.0112 -0.4049 0.9143
vn 0.7550 -0.2451 0.6082
vn -0.9566 0.2572 0.1369
vn -0.5080 0.3464 0.7887
vn -0.4531 0.2705 0.8494
vn -0.5070 0.3196 0.8005
vn -0.4843 0.2651 0.8338
vn -0.9754 0.1505 0.1611
vn -0.9773 -0.1009 0.1862
vn -0.9792 -0.1083 0.1714
vn -0.9776 0.1454 0.1524
vn -0.3370 -0.0955 0.9366
vn -0.6656 0.0252 0.7459
vn -0.5220 -0.0645 0.8505
vn -0.2478 -0.1542 0.9565
vn 0.5294 -0.3253 0.7836
vn 0.9572 -0.0878 0.2758
vn -0.1217 -0.1551 0.9804
vn -0.1062 -0.1411 0.9843
vn -0.5058 0.3353 0.7948
vn -0.5389 0.2185 0.8135
vn -0.4618 0.1631 0.8718
vn 0.6885 0.1813 0.7022
vn 0.3275 0.0383 0.9441
vn 0.3088 0.0898 0.9469
vn 0.6712 0.2334 0.7036
vn -0.9597 0.2531 0.1218
vn -0.9732 0.2273 -0.0336
vn -0.9662 0.0069 -0.2578
vn -0.9738 -0.0206 -0.2263
vn -0.9574 0.0623 -0.2819
vn -0.9461 0.0616 -0.3179
vn -0.8511 -0.2235 -0.4751
vn -0.8277 -0.2473 -0.5037
vn -0.8948 -0.2283 -0.3836
vn -0.9480 -0.1235 -0.2932
vn -0.9613 0.2521 0.1111
vn -0.5479 0.2537 -0.7971
vn -0.1502 0.0871 -0.9848
vn 0.9290 0.2809 0.2410
vn 0.9559 0.2862 -0.0658
vn 0.8998 -0.4180 -0.1251
vn 0.8646 -0.4199 0.2758
vn -0.8411 0.2680 -0.4698
vn -0.2031 -0.1130 -0.9726
vn -0.4908 -0.0273 -0.8708
vn -0.5405 -0.0508 -0.8398
vn -0.2545 -0.0829 -0.9635
vn -0.9711 0.0727 -0.2273
vn -0.9792 0.0476 -0.1972
vn -0.9681 0.1102 -0.2250
vn -0.9620 0.1349 -0.2372
vn 0.8880 0.0757 -0.4536
vn 0.8292 0.0751 -0.5539
vn 0.8234 0.1139 -0.5559
vn 0.8796 0.1199 -0.4604
vn -0.9771 -0.2067 0.0508
vn -0.9763 -0.2059 0.0669
vn -0.9811 -0.1711 0.0909
vn -0.9793 -0.1823 0.0879
vn 0.0148 0.4369 0.8994
vn 0.0643 0.4487 0.8914
vn 0.0941 0.4587 0.8836
vn 0.0440 0.4358 0.8990
vn -0.7917 0.1749 -0.5853
vn 0.8987 -0.0290 -0.4377
vn 0.7031 -0.0835 -0.7062
vn 0.9249 0.1099 -0.3640
vn 0.9811 -0.1931 -0.0109
vn -0.0619 -0.0086 -0.9980
vn -0.1633 -0.0166 -0.9864
vn -0.1452 -0.0235 -0.9891
vn -0.0506 -0.0133 -0.9986
vn 0.3972 -0.7852 0.4751
vn 0.5429 -0.8108 0.2189
vn 0.7306 -0.1954 0.6543
vn 0.1357 -0.7401 0.6587
vn -0.3333 0.5675 0.7529
vn -0.4178 0.4955 0.7615
vn -0.3326 0.2908 0.8971
vn -0.3091 0.3640 0.8786
vn 0.4245 -0.8616 0.2783
vn -0.9046 -0.1212 0.4088
vn -0.8827 0.0065 0.4700
vn 0.0185 -0.9903 0.1374
vn -0.4297 -0.8936 -0.1296
vn -0.9648 -0.2294 0.1289
vn -0.9622 -0.2316 0.1434
vn -0.8854 -0.2490 0.3926
vn -0.8892 -0.2546 0.3801
vn 0.8733 0.4196 -0.2476
vn -0.8854 0.0707 0.4595
vn -0.9821 -0.1015 0.1586
vn 0.8591 -0.1259 -0.4962
vn 0.8295 -0.1487 -0.5384
vn -0.2872 -0.9198 0.2673
vn -0.3786 -0.9100 0.1690
vn 0.2372 -0.0629 -0.9694
vn 0.3775 0.9210 -0.0961
vn -0.3686 0.9255 0.0864
vn -0.3974 0.9048 0.1527
vn 0.3744 0.9235 0.0837
vn -0.2757 -0.0796 0.9579
vn -0.1610 -0.0346 0.9864
vn -0.1595 -0.0434 0.9862
vn -0.1026 -0.1540 0.9827
vn 0.7941 -0.2043 -0.5725
vn 0.8006 -0.1736 -0.5734
vn 0.5613 -0.1172 -0.8192
vn 0.7941 -0.1916 -0.5768
vn 0.5491 -0.1441 -0.8232
vn 0.7721 -0.2565 -0.5814
vn 0.3952 -0.8177 -0.4185
vn 0.9323 -0.2020 -0.2999
vn -0.6756 0.1714 0.7171
vn -0.6492 0.0804 0.7564
vn -0.6740 -0.0892 0.7333
vn -0.7086 -0.1258 0.6943
vn -0.4200 0.9066 0.0422
vn -0.3907 0.9065 0.1600
vn -0.2911 0.9307 0.2216
vn -0.3255 0.9399 0.1032
vn -0.1873 -0.0128 -0.9822
vn -0.0744 -0.0213 -0.9970
vn -0.0614 -0.0337 -0.9975
vn -0.1812 -0.0203 -0.9832
vn 0.9864 0.0210 0.1632
vn -0.4968 -0.0718 0.8649
vn -0.5008 -0.0546 0.8638
vn -0.9625 -0.2165 0.1637
vn -0.9759 -0.2046 -0.0763
vn -0.9815 -0.1830 -0.0562
vn -0.9641 -0.2004 0.1742
vn 0.8906 0.3888 -0.2360
vn 0.8189 0.3953 -0.4160
vn 0.7945 0.4156 -0.4427
vn 0.8614 0.4306 -0.2694
vn -0.0845 -0.0040 -0.9964
vn -0.0972 -0.0046 -0.9953
vn -0.1900 -0.0090 -0.9817
vn -0.1855 -0.0091 -0.9826
vn 0.0017 0.2779 -0.9606
vn 0.0096 0.2118 -0.9773
vn -0.0034 0.2198 -0.9755
vn -0.0060 0.2929 -0.9561
vn 0.1728 -0.0041 -0.9850
vn 0.0998 -0.0132 -0.9949
vn 0.1166 -0.0085 -0.9931
vn 0.1809 -0.0004 -0.9835
vn -0.0006 0.2222 -0.9750
vn 0.0099 0.2964 -0.9550
vn 0.0044 0.2989 -0.9543
vn -0.0004 0.2224 -0.9749
vn -0.0901 0.2616 -0.9610
vn -0.1393 -0.0729 -0.9876
vn -0.1003 -0.0802 -0.9917
vn -0.0793 0.2086 -0.9748
vn -0.0026 0.3622 -0.9321
vn -0.0299 0.3385 -0.9405
vn -0.9813 0.1584 -0.1096
vn -0.9936 0.0995 -0.0538
vn -0.9592 0.0317 -0.2810
vn -0.8903 -0.0489 -0.4527
vn 0.0063 0.2910 -0.9567
vn -0.0010 0.2200 -0.9755
vn -0.0005 0.2190 -0.9757
vn 0.0048 0.2897 -0.9571
vn -0.0731 -0.0056 -0.9973
vn -0.1765 -0.0120 -0.9842
vn 0.0773 -0.0034 -0.9970
vn 0.0741 -0.0006 -0.9973
vn 0.0782 -0.0073 -0.9969
vn -0.0390 -0.0215 -0.9990
vn -0.1210 -0.0349 -0.9920
vn 0.0764 -0.0129 -0.9970
vn -0.0139 -0.1023 -0.9947
vn -0.0089 -0.0715 -0.9974
vn 0.0852 -0.0625 -0.9944
vn 0.0689 -0.0991 -0.9927
vn -0.0066 -0.0581 -0.9983
vn -0.0250 -0.0346 -0.9991
vn -0.0891 -0.0530 -0.9946
vn -0.0496 -0.0816 -0.9954
vn 0.0665 -0.0328 -0.9972
vn 0.0722 -0.0213 -0.9972
vn -0.0057 -0.1254 -0.9921
vn 0.0157 -0.0996 -0.9949
vn 0.0607 -0.0534 -0.9967
vn 0.0382 -0.1633 -0.9858
vn 0.0351 -0.1858 -0.9820
vn 0.0802 -0.5016 -0.8614
vn 0.0620 -0.3572 -0.9320
vn 0.0922 -0.3736 -0.9230
vn 0.1439 -0.5390 -0.8299
vn 0.8345 0.0194 -0.5506
vn 0.6754 0.2346 -0.6992
vn 0.5565 0.2561 -0.7904
vn 0.6688 0.1413 -0.7299
vn 0.0103 -0.2402 -0.9707
vn 0.0473 -0.2463 -0.9680
vn 0.0325 -0.3686 -0.9290
vn 0.0202 -0.3727 -0.9277
vn 0.0855 -0.1065 -0.9906
vn 0.0774 -0.1761 -0.9813
vn 0.1480 0.4723 -0.8689
vn 0.1100 0.4612 -0.8805
vn 0.0541 -0.2478 -0.9673
vn 0.0650 -0.2616 -0.9630
vn 0.0514 -0.2437 -0.9685
vn 0.0537 -0.1551 -0.9864
vn 0.1179 -0.5848 -0.8026
vn 0.1994 -0.6069 -0.7694
vn 0.0412 -0.3581 -0.9328
vn 0.0235 -0.4930 -0.8697
vn 0.9807 0.0577 0.1870
vn 0.9832 0.0582 0.1729
vn 0.9852 0.1335 0.1075
vn 0.9846 0.1308 0.1163
vn -0.0080 -0.5482 -0.8363
vn 0.0029 -0.5073 -0.8618
vn 0.0274 -0.5625 -0.8264
vn 0.1764 0.3511 -0.9196
vn 0.1760 0.3985 -0.9001
vn 0.1662 -0.3039 -0.9381
vn 0.2097 -0.3140 -0.9260
vn 0.1032 -0.2528 -0.9620
vn -0.2181 -0.3116 -0.9248
vn -0.2094 -0.3415 -0.9163
vn -0.1314 0.0598 -0.9895
vn -0.0695 0.1642 -0.9840
vn -0.0854 -0.0646 -0.9942
vn 0.0993 0.5610 -0.8219
vn 0.1210 0.6477 -0.7522
vn -0.0091 0.1413 -0.9899
vn 0.1297 0.6831 -0.7187
vn 0.1641 0.4422 -0.8818
vn 0.0503 0.3231 -0.9450
vn 0.9516 -0.2299 -0.2042
vn 0.9435 -0.2211 -0.2469
vn 0.9704 -0.2275 -0.0817
vn 0.9661 -0.2500 -0.0650
vn 0.9708 -0.2359 0.0437
vn 0.9676 -0.2359 -0.0905
vn 0.9870 -0.1397 -0.0798
vn 0.9938 -0.1098 0.0167
vn -0.8819 -0.0607 0.4675
vn -0.9086 0.1640 0.3842
vn -0.9123 0.1651 0.3748
vn -0.8887 -0.0598 0.4545
vn 0.9493 -0.0782 -0.3045
vn 0.9908 0.0590 -0.1219
vn 0.9770 0.2066 -0.0532
vn 0.9666 0.0843 -0.2420
vn 0.9971 0.0675 -0.0340
vn 0.9954 -0.0795 -0.0536
vn 0.9895 -0.0806 0.1195
vn 0.9885 0.0635 0.1374
vn -0.1498 -0.3027 -0.9412
vn -0.0804 -0.2107 -0.9742
vn -0.1506 -0.0273 -0.9882
vn 0.9310 -0.2584 0.2577
vn 0.9492 -0.1773 0.2601
vn -0.9509 -0.1457 0.2731
vn -0.9759 -0.0821 0.2020
vn -0.9841 -0.0357 0.1738
vn -0.6934 0.7131 -0.1032
vn -0.6974 0.6833 -0.2163
vn -0.7155 0.6647 -0.2151
vn -0.7133 0.6936 -0.1006
vn -0.0546 0.3173 -0.9468
vn 0.9962 0.0499 -0.0718
vn 0.9937 0.0525 0.0994
vn 0.9943 0.0390 0.0996
vn 0.9969 0.0334 -0.0714
vn -0.2611 0.9607 -0.0939
vn -0.2776 0.9572 0.0823
vn -0.4550 0.8898 0.0334
vn -0.4553 0.8820 -0.1217
vn -0.0974 0.2352 -0.9671
vn -0.0428 0.3348 -0.9413
vn -0.1326 0.3282 -0.9352
vn -0.1342 0.2852 -0.9490
vn -0.0039 0.3634 -0.9316
vn 0.9898 0.1291 -0.0606
vn 0.9925 0.1146 -0.0420
vn 0.9990 0.0395 0.0205
vn 0.9987 0.0502 0.0009
vn 0.9996 0.0274 0.0063
vn 0.9919 -0.1160 0.0511
vn 0.9668 -0.0933 0.2378
vn 0.9898 -0.0225 -0.1404
vn 0.9946 -0.0144 0.1029
vn 0.9943 -0.0125 0.1056
vn 0.9896 -0.0199 -0.1428
vn 0.9844 0.1597 -0.0743
vn 0.9972 0.0723 -0.0207
vn 0.9962 0.0691 -0.0535
vn 0.9824 0.1830 -0.0364
vn 0.9619 0.0502 -0.2689
vn 0.9734 0.0745 -0.2168
vn 0.9690 -0.0701 -0.2371
vn 0.9500 -0.0929 -0.2981
vn 0.9934 0.0398 0.1076
vn 0.9897 0.0335 -0.1393
vn -0.0259 0.9885 -0.1489
vn 0.2436 0.6062 -0.7571
vn 0.9948 0.0508 -0.0884
vn 0.9956 0.0303 -0.0882
vn 0.9933 0.0246 -0.1132
vn 0.9923 0.0516 -0.1125
vn 0.9808 0.0147 -0.1946
vn 0.9800 0.0490 -0.1927
vn 0.2517 -0.5570 0.7914
vn 0.2236 -0.5812 0.7825
vn 0.1293 -0.5065 0.8525
vn 0.1486 -0.4790 0.8652
vn 0.9930 -0.0291 -0.1145
vn 0.9800 -0.0403 -0.1948
vn 0.8289 -0.2719 -0.4888
vn 0.9142 -0.1734 -0.3663
vn 0.9908 -0.0025 -0.1356
vn 0.9378 -0.1560 -0.3101
vn 0.9329 -0.2406 0.2681
vn 0.9333 -0.2008 0.2977
vn 0.9655 -0.2206 0.1387
vn 0.9606 -0.2549 0.1111
vn 0.9929 -0.1093 0.0478
vn 0.9649 -0.2465 0.0908
vn 0.2123 -0.0859 -0.9734
vn 0.1876 -0.0719 -0.9796
vn 0.4291 -0.1054 -0.8971
vn 0.4721 -0.1139 -0.8741
vn 0.7565 -0.2819 -0.5901
vn 0.7426 -0.2151 -0.6342
vn 0.6565 -0.2914 -0.6958
vn 0.7602 -0.2944 -0.5791
vn 0.9410 -0.1751 -0.2897
vn 0.9649 -0.2230 -0.1384
vn 0.9654 -0.1625 -0.2042
vn -0.9473 -0.3130 -0.0677
vn -0.5487 -0.8155 0.1843
vn -0.8846 -0.4656 0.0254
vn -0.9816 -0.1427 -0.1268
vn 0.9700 -0.2125 0.1178
vn 0.9695 -0.2239 0.0997
vn 0.9730 -0.2223 0.0627
vn 0.9425 -0.1871 0.2769
vn 0.9399 -0.1830 0.2883
vn 0.9755 -0.2090 0.0680
vn 0.9582 -0.2837 0.0359
vn 0.9291 -0.2567 0.2663
vn 0.9691 -0.2399 0.0583
vn 0.9541 0.1851 -0.2355
vn 0.9740 -0.0144 -0.2263
vn 0.9560 0.0437 -0.2899
vn 0.9594 -0.2752 0.0617
vn 0.9648 -0.2611 -0.0323
vn 0.9923 0.1109 0.0543
vn 0.9930 0.1043 0.0545
vn 0.9800 -0.1827 0.0789
vn 0.9779 -0.2078 0.0240
vn 0.9480 -0.1781 0.2639
vn 0.9858 -0.1521 -0.0711
vn 0.9675 -0.2101 -0.1406
vn 0.9894 -0.1242 -0.0754
vn 0.9974 -0.0698 0.0177
vn 0.9548 -0.1372 -0.2637
vn 0.8621 -0.3266 -0.3873
vn 0.7327 -0.4173 -0.5375
vn 0.8198 -0.3131 -0.4795
vn 0.9569 0.2840 -0.0606
vn 0.9964 0.0838 -0.0148
vn 0.9874 -0.1583 0.0060
vn -0.6569 -0.1988 -0.7273
vn -0.7364 -0.1903 -0.6492
vn -0.2563 -0.7162 -0.6491
vn -0.2162 -0.7408 -0.6360
vn 0.3180 0.6606 -0.6800
vn 0.3682 0.7311 -0.5743
vn 0.4079 0.7239 -0.5563
vn 0.3798 0.6334 -0.6742
vn 0.9472 -0.2417 0.2108
vn 0.9975 -0.0656 0.0253
vn 0.9930 -0.0736 -0.0919
vn 0.9971 -0.0143 -0.0745
vn 0.9035 0.4238 -0.0638
vn 0.9114 0.3601 -0.1990
vn 0.9787 0.0825 -0.1878
vn 0.9933 0.1154 -0.0046
vn 0.9773 0.1416 0.1577
vn 0.9260 0.3746 0.0479
vn 0.9332 0.3428 -0.1074
vn 0.9106 0.0972 -0.4016
vn 0.9895 -0.1059 -0.0988
vn 0.9671 0.0267 -0.2531
vn -0.3335 -0.0475 0.9415
vn 0.9133 0.4061 0.0304
vn 0.9177 0.3949 -0.0431
vn 0.9041 0.4047 0.1374
vn 0.8912 0.4071 0.2003
vn 0.9190 0.3711 -0.1330
vn 0.9057 0.4011 0.1374
vn 0.9795 0.0057 0.2012
vn -0.4811 0.1707 0.8599
vn -0.4741 -0.0252 0.8801
vn -0.6872 0.0533 0.7245
vn -0.5841 0.1819 0.7910
vn -0.9448 -0.2931 0.1467
vn -0.9314 -0.2973 0.2100
vn -0.7800 -0.5954 -0.1925
vn -0.8327 -0.5178 -0.1961
vn 0.9989 -0.0452 0.0124
vn 0.9985 -0.0542 0.0096
vn 0.9805 -0.1956 -0.0198
vn 0.9927 -0.1096 -0.0495
vn 0.9954 -0.0908 -0.0315
vn 0.9958 0.0712 -0.0578
vn 0.9939 0.0755 -0.0807
vn 0.9073 0.4197 -0.0251
vn 0.9063 0.4222 0.0173
vn 0.9988 -0.0380 0.0316
vn 0.8969 0.4421 0.0060
vn 0.9417 -0.2541 0.2206
vn 0.9513 -0.1704 0.2568
vn 0.9549 -0.1529 0.2545
vn 0.9455 -0.2423 0.2174
vn 0.9700 0.0706 -0.2326
vn 0.9886 0.0795 -0.1280
vn 0.9206 0.3820 -0.0807
vn 0.8912 0.4050 0.2044
vn 0.9432 -0.1519 -0.2956
vn 0.8246 -0.0632 -0.5622
vn 0.7965 0.0845 -0.5987
vn 0.8949 0.3026 -0.3281
vn 0.9418 -0.2401 -0.2351
vn 0.9030 0.4203 -0.0888
vn 0.9843 -0.0829 0.1555
vn 0.9902 0.0651 0.1237
vn 0.9986 -0.0240 0.0462
vn 0.9754 -0.0118 0.2203
vn 0.9922 0.1050 -0.0679
vn 0.9868 0.1118 -0.1170
vn 0.9863 0.1145 0.1190
vn 0.9849 0.0993 0.1420
vn 0.9896 0.1049 -0.0983
vn 0.9844 0.1175 -0.1311
vn -0.4281 0.0546 0.9021
vn -0.4901 0.2233 0.8426
vn -0.4762 0.2438 0.8448
vn -0.4660 0.1038 0.8787
vn 0.9632 0.1293 -0.2354
vn 0.9883 0.0989 -0.1162
vn 0.9722 0.1013 -0.2111
vn 0.9932 0.0716 0.0922
vn 0.9921 0.0715 0.1035
vn 0.9926 0.0525 0.1091
vn 0.9942 0.0714 -0.0800
vn 0.9882 0.0691 -0.1368
vn 0.9899 0.0774 -0.1191
vn 0.9769 0.0817 -0.1977
vn 0.9907 0.1362 -0.0077
vn 0.9914 -0.0114 -0.1304
vn 0.9522 -0.2043 -0.2272
vn 0.8787 -0.2592 -0.4008
vn 0.9460 0.0417 -0.3214
vn 0.9465 0.0033 -0.3226
vn 0.8937 -0.0037 -0.4486
vn 0.8918 0.0341 -0.4511
vn 0.8948 -0.0561 -0.4429
vn 0.9460 -0.0519 -0.3200
vn 0.9456 -0.0535 -0.3209
vn 0.8952 -0.0562 -0.4421
vn -0.1302 0.9899 0.0564
vn 0.5069 0.8567 0.0953
vn 0.5115 0.8536 -0.0985
vn -0.1169 0.9874 -0.1070
vn 0.5514 0.1488 -0.8209
vn 0.5679 0.1606 -0.8073
vn 0.4456 0.1857 -0.8758
vn 0.4294 0.1684 -0.8873
vn 0.8684 -0.1842 -0.4604
vn 0.8237 -0.2523 -0.5078
vn 0.8865 -0.2283 -0.4025
vn 0.9352 -0.2408 -0.2598
vn -0.7418 0.5878 -0.3227
vn -0.2583 0.9596 -0.1116
vn -0.2460 0.9674 -0.0592
vn -0.7598 0.6103 -0.2240
vn 0.9134 -0.1874 -0.3613
vn -0.2728 0.0811 -0.9586
vn -0.2662 0.6890 -0.6741
vn -0.3152 0.6341 -0.7061
vn -0.3198 -0.0044 -0.9475
vn 0.9805 -0.0977 -0.1703
vn 0.9903 -0.1155 -0.0773
vn 0.9936 0.0158 -0.1118
vn 0.9033 -0.4266 0.0452
vn 0.8956 -0.4404 0.0624
vn 0.9548 0.2845 0.0855
vn 0.9538 0.2930 0.0668
vn 0.9865 -0.1637 -0.0064
vn 0.9759 -0.1580 0.1509
vn 0.9641 -0.2339 0.1255
vn 0.9708 -0.2392 -0.0208
vn 0.9611 -0.1404 -0.2377
vn 0.8994 -0.2118 -0.3823
vn 0.8385 -0.2572 -0.4803
vn 0.9164 0.1426 -0.3740
vn 0.8743 0.1425 -0.4639
vn 0.8372 0.1914 -0.5124
vn 0.9185 0.1668 -0.3587
vn 0.9426 0.1750 -0.2845
vn 0.8645 0.2900 -0.4105
vn 0.9492 0.0281 -0.3135
vn 0.9286 -0.0393 -0.3689
vn 0.9114 -0.1690 -0.3753
vn -0.0410 0.2021 -0.9785
vn -0.0422 0.2066 -0.9775
vn -0.0467 0.1391 -0.9892
vn -0.0544 0.1307 -0.9899
vn 0.4451 0.7894 0.4228
vn 0.0116 0.9999 -0.0058
vn 0.9236 0.1439 -0.3554
vn 0.8858 0.1286 -0.4459
vn 0.9350 0.1131 -0.3362
vn 0.9432 0.0811 -0.3222
vn 0.9543 0.1575 -0.2540
vn 0.9108 0.1243 -0.3937
vn 0.9293 0.1276 -0.3467
vn 0.9670 0.1491 -0.2065
vn 0.6344 -0.2122 -0.7433
vn 0.5368 -0.2688 -0.7997
vn 0.6245 -0.3035 -0.7197
vn -0.2223 -0.3442 0.9122
vn -0.1609 -0.9255 0.3429
vn -0.1394 -0.9398 0.3121
vn -0.2186 -0.3763 0.9003
vn 0.7065 0.1078 -0.6995
vn 0.4687 0.0782 -0.8799
vn 0.4942 0.0954 -0.8641
vn 0.7288 0.1140 -0.6752
vn 0.4658 -0.1451 -0.8729
vn 0.5775 -0.1495 -0.8026
vn 0.5599 -0.1632 -0.8123
vn 0.4826 -0.1633 -0.8605
vn -0.1638 0.4593 -0.8731
vn -0.2004 0.4397 -0.8755
vn -0.1875 0.3979 -0.8981
vn -0.1663 0.4174 -0.8934
vn 0.5708 -0.2807 -0.7716
vn 0.5105 -0.3080 -0.8028
vn 0.5377 -0.3324 -0.7748
vn 0.6445 -0.2652 -0.7171
vn -0.9513 -0.3064 0.0348
vn -0.9525 -0.3040 0.0178
vn -0.9532 -0.3009 0.0287
vn -0.9517 -0.3039 0.0438
vn 0.7993 -0.1442 -0.5834
vn 0.8200 -0.1958 -0.5378
vn 0.6945 -0.1592 -0.7017
vn 0.3818 -0.0943 -0.9194
vn 0.1594 -0.0573 -0.9855
vn 0.1284 -0.0441 -0.9907
vn 0.3309 -0.0834 -0.9400
vn 0.6987 -0.1413 -0.7013
vn 0.5684 -0.1585 -0.8073
vn 0.4479 -0.1358 -0.8837
vn 0.1104 0.1496 -0.9826
vn 0.2241 0.1100 -0.9684
vn 0.2562 -0.0293 -0.9662
vn 0.1292 0.0133 -0.9915
vn -0.0015 -0.0835 -0.9965
vn -0.1180 -0.0586 -0.9913
vn -0.1467 -0.0414 -0.9883
vn -0.0234 -0.0634 -0.9977
vn 0.5147 -0.1921 -0.8356
vn 0.4137 -0.1381 -0.8999
vn 0.3451 -0.1485 -0.9268
vn 0.4232 -0.2267 -0.8772
vn 0.3667 0.4009 -0.8395
vn 0.2855 0.4634 -0.8389
vn 0.2892 0.5766 -0.7642
vn 0.3686 0.5326 -0.7619
vn 0.1727 0.5340 -0.8277
vn 0.1322 0.5403 -0.8310
vn 0.1714 0.5850 -0.7927
vn 0.1910 0.5993 -0.7774
vn 0.1815 0.4325 -0.8832
vn 0.1138 0.4568 -0.8823
vn 0.2384 0.6490 -0.7225
vn 0.2684 0.6627 -0.6992
vn 0.2278 0.5980 -0.7685
vn 0.2441 0.3889 -0.8883
vn 0.2214 0.5073 -0.8328
vn 0.4423 -0.1301 -0.8874
vn 0.3922 -0.1161 -0.9125
vn 0.0945 -0.0313 -0.9950
vn 0.0580 -0.0159 -0.9982
vn 0.2227 -0.0578 -0.9732
vn 0.2781 -0.0714 -0.9579
vn 0.3440 -0.1039 -0.9332
vn 0.9402 -0.1355 -0.3125
vn 0.8173 -0.1946 -0.5423
vn 0.8679 -0.1276 -0.4801
vn 0.9323 -0.1199 -0.3413
vn -0.0833 -0.0100 -0.9965
vn -0.0868 0.0027 -0.9962
vn 0.9466 0.2131 0.2420
vn 0.9012 0.2020 0.3835
vn 0.8525 0.2137 0.4770
vn 0.9319 0.2232 0.2859
vn 0.1732 0.2354 -0.9563
vn 0.1911 0.1842 -0.9641
vn 0.0756 0.2002 -0.9768
vn 0.0633 0.2587 -0.9639
vn -0.1711 -0.0028 -0.9852
vn -0.1849 -0.0073 -0.9827
vn -0.1882 -0.0122 -0.9820
vn 0.7982 0.0104 -0.6024
vn 0.7558 0.0484 -0.6530
vn 0.7403 0.1166 -0.6621
vn 0.7855 0.0786 -0.6139
vn 0.9446 0.3215 -0.0662
vn 0.9327 0.3196 -0.1673
vn 0.9079 0.3683 -0.2002
vn 0.9220 0.3789 -0.0794
vn 0.7805 0.0766 -0.6204
vn 0.7343 0.1147 -0.6690
vn 0.7378 0.0472 -0.6734
vn 0.7831 0.0094 -0.6218
vn 0.7784 0.0090 -0.6276
vn 0.8186 -0.0232 -0.5739
vn 0.8224 -0.0226 -0.5685
vn 0.8481 0.0021 -0.5298
vn 0.8066 0.0244 -0.5906
vn 0.7896 0.0513 -0.6115
vn 0.8396 0.0358 -0.5420
vn 0.8540 -0.0466 -0.5181
vn 0.8561 -0.0457 -0.5148
vn 0.1191 0.7068 0.6973
vn 0.1585 0.7298 0.6650
vn 0.1435 0.7623 0.6311
vn 0.1087 0.7417 0.6619
vn 0.7879 -0.2264 -0.5726
vn 0.7458 0.0751 -0.6619
vn 0.7643 0.0554 -0.6425
vn 0.7156 0.0890 -0.6928
vn 0.6965 0.0995 -0.7106
vn 0.8206 0.0446 -0.5697
vn 0.7322 0.0460 -0.6795
vn 0.6555 0.1264 -0.7446
vn 0.6347 0.1249 -0.7626
vn 0.4617 0.1390 -0.8761
vn 0.5853 0.1148 -0.8026
vn 0.6747 0.0838 -0.7334
vn -0.0616 0.3085 -0.9492
vn 0.0089 0.3276 -0.9448
vn -0.0084 0.1702 -0.9854
vn -0.0974 0.1743 -0.9799
vn 0.6108 0.0996 0.7855
vn 0.6001 0.1669 0.7823
vn 0.4434 0.1372 0.8858
vn 0.4414 0.0681 0.8947
vn 0.1082 0.3191 -0.9415
vn 0.0478 0.4550 -0.8892
vn -0.7693 0.6096 -0.1912
vn -0.8113 0.5521 -0.1921
vn -0.7788 0.5380 -0.3226
vn -0.7247 0.6035 -0.3325
vn 0.8668 -0.1324 -0.4807
vn 0.9072 -0.1335 -0.3991
vn 0.8827 -0.1061 -0.4578
vn -0.0197 0.1592 -0.9870
vn 0.0853 0.1135 -0.9899
vn 0.1366 0.2278 -0.9641
vn 0.0327 0.2664 -0.9633
vn 0.0075 0.4233 -0.9060
vn -0.0310 0.3969 -0.9174
vn -0.0384 0.2950 -0.9547
vn -0.0334 0.2905 -0.9563
vn -0.0261 0.3897 -0.9206
vn 0.3049 0.2092 -0.9291
vn 0.2761 0.1925 -0.9417
vn 0.3239 0.1623 -0.9321
vn -0.1974 -0.1026 0.9749
vn -0.1672 -0.1421 0.9756
vn -0.2108 -0.1144 0.9708
vn -0.2455 -0.0884 0.9654
vn 0.4665 0.1381 -0.8737
vn 0.5900 0.1139 -0.7993
vn 0.1961 0.1834 -0.9633
vn 0.0791 0.1979 -0.9770
vn 0.7724 -0.1422 -0.6190
vn 0.6015 -0.2032 -0.7726
vn 0.6617 -0.1601 -0.7325
vn 0.8063 -0.1223 -0.5787
vn 0.7273 -0.2971 -0.6187
vn 0.5516 -0.3534 -0.7555
vn 0.6140 -0.2772 -0.7391
vn -0.0262 0.3031 -0.9526
vn 0.2010 0.2862 -0.9368
vn 0.9383 0.3338 0.0907
vn 0.9077 0.3640 0.2089
vn 0.8854 0.4223 0.1945
vn 0.9170 0.3988 0.0006
vn 0.7547 0.4418 -0.4851
vn 0.7523 0.4463 -0.4846
vn 0.8079 0.4969 -0.3168
vn 0.8143 0.4898 -0.3116
vn 0.5345 -0.1937 -0.8227
vn 0.5090 -0.1857 -0.8405
vn 0.3352 0.0415 -0.9412
vn 0.2826 0.2293 -0.9314
vn -0.0053 0.9983 -0.0572
vn 0.0906 0.9882 -0.1235
vn -0.8943 0.3979 0.2049
vn -0.9390 0.2576 0.2280
vn -0.9918 0.0086 0.1272
vn -0.7638 0.6442 0.0399
vn -0.7539 0.6496 0.0984
vn -0.9771 0.0160 0.2122
vn 0.3515 0.1518 -0.9238
vn 0.4109 -0.0533 -0.9101
vn 0.4975 -0.1429 -0.8556
vn 0.5571 -0.1536 -0.8161
vn 0.6082 -0.2206 -0.7625
vn 0.6184 -0.1593 -0.7696
vn 0.5512 -0.2064 -0.8084
vn -0.0441 -0.0475 -0.9979
vn -0.1676 -0.0293 -0.9854
vn 0.7442 -0.1843 -0.6420
vn 0.7379 -0.2034 -0.6435
vn 0.8048 -0.1171 -0.5819
vn 0.7023 -0.1988 -0.6836
vn 0.2702 -0.0593 0.9610
vn 0.2070 -0.0654 0.9761
vn 0.2148 -0.2361 0.9477
vn 0.2734 -0.2449 0.9302
vn 0.5408 -0.2585 -0.8005
vn 0.5288 -0.2644 -0.8065
vn 0.5194 -0.2302 -0.8230
vn 0.5690 0.7995 -0.1927
vn -0.0026 0.9993 0.0361
vn 0.0405 0.9984 0.0385
vn 0.5771 0.7800 -0.2420
vn 0.6752 -0.2164 -0.7052
vn 0.0063 -0.1605 -0.9870
vn 0.0609 -0.1872 -0.9804
vn 0.0841 -0.2415 -0.9668
vn 0.0496 -0.2154 -0.9753
vn 0.7220 -0.0467 -0.6903
vn 0.4559 -0.1274 -0.8809
vn 0.5119 -0.1150 -0.8513
vn 0.7424 -0.0886 -0.6641
vn 0.4027 0.2356 -0.8845
vn 0.4754 0.0330 -0.8791
vn 0.3095 0.3294 -0.8920
vn 0.7635 -0.3097 -0.5667
vn 0.6886 -0.2602 -0.6769
vn 0.6992 -0.3975 -0.5942
vn 0.8839 -0.3428 -0.3181
vn 0.5364 -0.1569 -0.8292
vn 0.6759 -0.1539 -0.7208
vn 0.7207 -0.1316 -0.6806
vn 0.5070 -0.1194 -0.8536
vn 0.2306 -0.1020 -0.9677
vn -0.1122 -0.0095 -0.9936
vn -0.1279 -0.0158 -0.9917
vn -0.1777 -0.0148 -0.9840
vn 0.8328 -0.2265 -0.5052
vn 0.9646 -0.1061 -0.2414
vn 0.9126 -0.1755 -0.3692
vn 0.3088 0.8071 -0.5032
vn 0.3933 0.8035 -0.4469
vn 0.1019 0.9923 0.0709
vn 0.1166 0.9905 0.0732
vn -0.7197 -0.2328 -0.6541
vn -0.7902 -0.1816 -0.5853
vn 0.0541 0.9858 0.1588
vn 0.0311 0.9830 0.1810
vn 0.1599 0.8782 -0.4507
vn 0.1858 0.8614 -0.4728
vn -0.9860 0.0899 -0.1402
vn -0.9958 0.0544 -0.0734
vn 0.7682 0.2908 -0.5704
vn 0.7728 0.3170 -0.5497
vn 0.7935 -0.0366 -0.6075
vn 0.7734 -0.1451 -0.6171
vn 0.5689 -0.3854 -0.7265
vn 0.6414 -0.4033 -0.6526
vn -0.1604 -0.4889 0.8575
vn -0.2547 -0.5615 0.7873
vn -0.3942 0.1485 0.9069
vn -0.2382 0.2320 0.9431
vn 0.6261 -0.3060 -0.7172
vn 0.4744 0.6845 -0.5535
vn 0.4563 0.5782 -0.6763
vn -0.0070 -0.2942 0.9557
vn -0.0847 -0.8545 0.5125
vn -0.0691 -0.8559 0.5125
vn -0.0067 -0.2931 0.9561
vn 0.5207 -0.2710 -0.8096
vn 0.5694 -0.1246 -0.8125
vn 0.4654 0.1092 -0.8783
vn 0.4477 -0.0059 -0.8942
vn 0.0298 0.3593 -0.9327
vn 0.1131 0.3481 -0.9306
vn 0.1128 0.3913 -0.9133
vn 0.0384 0.4022 -0.9148
vn 0.5246 -0.1206 -0.8428
vn 0.0206 -0.1095 -0.9938
vn 0.0414 -0.1428 -0.9889
vn -0.0394 -0.1158 -0.9925
vn -0.0818 -0.0825 -0.9932
vn 0.2380 -0.1217 -0.9636
vn 0.2275 -0.1440 -0.9631
vn 0.1533 0.3759 -0.9139
vn 0.0868 0.3297 -0.9401
vn 0.0871 0.4243 -0.9013
vn 0.1490 0.4698 -0.8701
vn 0.3630 -0.1917 -0.9119
vn 0.1677 -0.2448 -0.9550
vn 0.1978 -0.1824 -0.9631
vn 0.6613 -0.3958 -0.6372
vn 0.8467 0.1131 -0.5200
vn 0.8233 -0.0744 -0.5628
vn 0.7483 -0.1856 -0.6369
vn 0.8279 0.0642 -0.5572
vn 0.6756 -0.3054 -0.6711
vn -0.8118 0.1220 -0.5710
vn -0.8121 0.1257 -0.5698
vn -0.8744 0.1207 -0.4699
vn -0.8801 0.1210 -0.4591
vn 0.8372 -0.0176 -0.5466
vn 0.5585 0.3972 -0.7282
vn 0.5950 0.4642 -0.6562
vn 0.6146 0.4504 -0.6476
vn 0.5820 0.3829 -0.7174
vn 0.8062 0.0685 -0.5876
vn 0.5007 0.4335 -0.7493
vn 0.4450 0.4772 -0.7578
vn 0.5316 0.5162 -0.6715
vn 0.5662 0.6135 -0.5504
vn 0.6332 -0.0644 -0.7713
vn 0.9223 -0.3620 0.1355
vn 0.9184 -0.3911 0.0593
vn 0.5550 0.0821 -0.8278
vn 0.6314 0.0895 -0.7703
vn -0.2382 0.0375 -0.9705
vn -0.2921 -0.0485 -0.9552
vn -0.1294 -0.7128 -0.6893
vn -0.1094 -0.6436 -0.7575
vn 0.5434 -0.4080 -0.7337
vn 0.7208 0.1676 -0.6726
vn 0.7155 0.3545 -0.6019
vn 0.6598 -0.1406 -0.7382
vn 0.1113 0.9906 0.0796
vn 0.2467 0.8094 -0.5329
vn 0.7914 0.2442 -0.5603
vn 0.7958 0.3881 -0.4649
vn 0.7325 0.4228 -0.5335
vn 0.7883 0.2982 -0.5383
vn 0.9924 0.0330 0.1185
vn 0.9929 0.0303 0.1152
vn 0.9752 0.0421 0.2175
vn 0.9764 0.0445 0.2114
vn 0.3888 -0.5393 -0.7470
vn 0.5402 0.1743 -0.8233
vn 0.3730 0.1913 -0.9079
vn 0.2338 -0.5271 -0.8170
vn 0.5006 0.2634 -0.8246
vn 0.5090 0.3814 -0.7717
vn -0.3521 0.7142 0.6049
vn -0.4337 0.6910 0.5783
vn -0.3651 0.7282 0.5801
vn 0.6892 -0.0030 -0.7246
vn 0.7815 0.1943 -0.5929
vn 0.2759 -0.3105 -0.9096
vn 0.4839 -0.2029 -0.8513
vn 0.3364 -0.4938 -0.8019
vn 0.2379 -0.5250 -0.8172
vn 0.8942 0.1434 -0.4240
vn 0.9318 0.1791 -0.3157
vn 0.9150 0.2255 -0.3347
vn 0.8847 0.1894 -0.4260
vn 0.6565 -0.1060 -0.7469
vn 0.4221 0.8080 -0.4112
vn 0.4518 0.8016 -0.3916
vn 0.5160 0.8172 -0.2569
vn 0.5013 0.7772 -0.3804
vn 0.4783 0.8365 -0.2673
vn 0.4446 0.8536 -0.2716
vn 0.3640 0.9247 -0.1116
vn 0.4489 0.8829 -0.1379
vn 0.7717 -0.0247 -0.6355
vn 0.6919 -0.0029 -0.7220
vn 0.5614 0.2838 -0.7774
vn 0.6909 0.1427 -0.7087
vn 0.0104 0.4001 0.9164
vn 0.0175 0.4076 0.9130
vn 0.0269 0.3379 0.9408
vn 0.0157 0.3297 0.9439
vn 0.8896 0.1918 -0.4145
vn 0.1919 -0.4972 -0.8461
vn 0.1623 -0.3294 -0.9301
vn 0.0860 -0.2836 -0.9551
vn 0.9791 0.0549 -0.1958
vn 0.9479 0.0597 -0.3129
vn 0.9178 -0.0949 -0.3856
vn 0.9478 -0.0962 -0.3041
vn 0.1277 -0.4067 -0.9046
vn 0.3945 -0.7549 0.5239
vn 0.3520 -0.6550 0.6687
vn 0.5904 0.0124 0.8070
vn 0.7426 -0.1509 0.6525
vn 0.7894 0.0791 -0.6087
vn 0.6660 -0.3841 -0.6395
vn 0.4537 -0.5418 -0.7075
vn 0.8456 -0.1477 -0.5129
vn 0.2306 0.3558 -0.9057
vn 0.2386 0.3210 -0.9165
vn 0.2063 0.8417 -0.4991
vn 0.3475 -0.6111 -0.7112
vn 0.2937 -0.7322 -0.6145
vn 0.4125 -0.6235 -0.6641
vn 0.3247 -0.6212 -0.7132
vn 0.2906 -0.6106 -0.7367
vn 0.9385 0.3366 0.0773
vn 0.9394 0.3320 0.0853
vn 0.5186 0.8548 0.0203
vn 0.5161 0.8562 0.0214
vn 0.5001 -0.3549 -0.7899
vn 0.3439 0.9167 -0.2035
vn 0.3574 0.9091 -0.2142
vn 0.3749 0.9251 -0.0605
vn 0.3486 0.9358 -0.0520
vn 0.2431 -0.7595 -0.6033
vn 0.2420 -0.7417 -0.6256
vn 0.2262 -0.6506 -0.7250
vn 0.1945 -0.5935 -0.7810
vn 0.1614 -0.4510 -0.8778
vn 0.2693 -0.5986 -0.7544
vn 0.2729 -0.6024 -0.7501
vn -0.8045 -0.1898 -0.5628
vn -0.3030 -0.7033 -0.6430
vn 0.2401 -0.7016 -0.6709
vn 0.5761 -0.2701 -0.7715
vn 0.4973 -0.2780 -0.8219
vn 0.1414 -0.0674 0.9877
vn 0.1447 -0.2318 0.9619
vn -0.1343 -0.7430 -0.6557
vn -0.3502 -0.1190 -0.9291
vn -0.4699 -0.1656 -0.8671
vn -0.1736 -0.7596 -0.6268
vn 0.2717 -0.6169 -0.7387
vn 0.2452 0.2873 -0.9259
vn 0.2226 0.8221 -0.5241
vn -0.4419 -0.8606 0.2531
vn -0.2758 -0.8336 0.4786
vn 0.2495 -0.6214 -0.7427
vn 0.2691 -0.6254 -0.7324
vn 0.9695 0.2124 0.1226
vn 0.9715 0.2058 0.1180
vn 0.9841 0.1769 -0.0151
vn 0.9787 0.2050 0.0097
vn 0.6744 -0.1473 -0.7236
vn 0.2445 0.0643 -0.9675
vn 0.2042 0.0632 -0.9769
vn 0.4203 -0.1262 -0.8985
vn 0.4517 -0.2086 -0.8674
vn 0.4710 0.2337 -0.8506
vn 0.4255 0.2101 -0.8802
vn -0.3309 0.1543 0.9310
vn -0.3007 0.1801 0.9366
vn -0.2844 -0.3026 0.9097
vn -0.3428 -0.3091 0.8871
vn 0.4160 0.4427 -0.7943
vn 0.9886 -0.1114 0.1017
vn 0.3414 -0.0822 -0.9363
vn 0.6029 0.0607 -0.7955
vn 0.4473 0.3906 -0.8046
vn 0.3259 0.2008 -0.9238
vn 0.3264 0.8592 -0.3940
vn 0.3360 0.9230 0.1874
vn 0.3086 0.8956 0.3204
vn 0.2665 0.9283 0.2594
vn 0.3025 0.9444 0.1290
vn -0.6522 -0.2463 0.7170
vn -0.1113 0.4496 -0.8863
vn -0.0501 0.9162 -0.3975
vn -0.0881 0.9176 -0.3876
vn 0.6968 0.0862 -0.7121
vn 0.5307 -0.6744 -0.5133
vn 0.4754 -0.6474 -0.5957
vn 0.6038 0.1161 -0.7887
vn 0.2795 0.7324 -0.6208
vn 0.2317 -0.0001 0.9728
vn 0.3336 -0.0611 0.9407
vn 0.5061 -0.0281 0.8620
vn 0.3895 0.0281 0.9206
vn 0.1910 0.5028 -0.8431
vn 0.2168 0.2025 -0.9550
vn 0.2786 0.4759 -0.8342
vn 0.3152 0.9486 0.0289
vn 0.3576 0.9335 -0.0262
vn 0.3211 0.9442 -0.0731
vn -0.9585 -0.2820 -0.0416
vn -0.9722 -0.2270 -0.0580
vn -0.9846 0.1231 0.1240
vn -0.9905 0.0297 0.1343
vn 0.2587 -0.0844 -0.9623
vn 0.2131 -0.1241 -0.9691
vn 0.3561 -0.7700 0.5294
vn 0.3158 -0.6746 0.6672
vn -0.7703 0.6371 -0.0269
vn -0.2130 0.9735 -0.0826
vn -0.2158 0.9726 -0.0869
vn -0.7717 0.6356 -0.0231
vn 0.0284 0.4394 -0.8978
vn 0.0358 0.2999 -0.9533
vn 0.0704 0.4672 -0.8814
vn 0.1963 -0.1867 -0.9626
vn 0.2108 -0.2476 -0.9457
vn 0.8882 -0.0735 -0.4535
vn 0.8096 -0.0055 -0.5869
vn 0.1188 0.2618 -0.9578
vn 0.1030 0.2304 -0.9676
vn 0.1388 0.2119 -0.9674
vn 0.1335 0.1490 -0.9798
vn 0.1319 0.5891 -0.7972
vn 0.1803 0.5830 -0.7922
vn 0.2575 0.2085 -0.9435
vn -0.9161 -0.0900 0.3908
vn -0.9012 -0.1630 0.4015
vn -0.9070 -0.2411 0.3454
vn -0.9313 -0.1907 0.3102
vn -0.2768 -0.7224 -0.6337
vn -0.2336 -0.7369 -0.6344
vn 0.2237 -0.2928 -0.9296
vn 0.1552 0.3041 -0.9399
vn -0.0064 -0.3987 0.9171
vn -0.0055 -0.4295 0.9030
vn -0.0365 -0.4414 0.8966
vn -0.0432 -0.4110 0.9106
vn -0.9902 -0.0766 0.1167
vn -0.9866 -0.1557 0.0487
vn -0.9979 -0.0640 0.0052
vn -0.9986 0.0009 0.0527
vn 0.2233 0.6303 -0.7435
vn 0.6604 -0.7506 -0.0225
vn 0.9917 -0.0272 -0.1260
vn 0.9946 -0.0227 -0.1010
vn 0.6560 -0.7541 -0.0314
vn -0.9495 -0.3115 0.0384
vn -0.9361 -0.3156 0.1555
vn -0.9342 -0.3187 0.1602
vn -0.9487 -0.3142 0.0347
vn 0.3573 0.4621 -0.8117
vn 0.0633 -0.7469 -0.6619
vn 0.1047 -0.7593 -0.6423
vn 0.1190 -0.7385 -0.6636
vn 0.0743 -0.7256 -0.6841
vn 0.0301 -0.4049 0.9138
vn -0.0039 0.3301 0.9440
vn 0.0540 0.3269 0.9435
vn -0.1725 -0.2792 -0.9446
vn -0.4698 -0.2241 -0.8538
vn -0.5919 -0.1692 -0.7881
vn -0.2188 -0.2548 -0.9419
vn -0.0032 -0.7187 -0.6953
vn -0.0820 -0.7253 -0.6835
vn -0.0709 -0.7467 -0.6614
vn -0.0034 -0.7400 -0.6726
vn 0.1243 0.5448 -0.8293
vn 0.2572 0.5411 -0.8007
vn 0.0935 0.5977 -0.7963
vn 0.0969 0.6485 -0.7550
vn 0.9003 -0.3054 -0.3103
vn 0.5566 -0.1925 -0.8082
vn 0.0879 -0.8712 -0.4831
vn 0.2580 -0.9504 -0.1736
vn 0.1177 0.6808 -0.7229
vn -0.7352 0.6752 -0.0599
vn -0.7677 0.6344 0.0902
vn 0.1017 0.5505 -0.8286
vn 0.0802 0.4614 -0.8836
vn -0.6171 0.1749 -0.7672
vn -0.7098 0.2998 -0.6374
vn -0.6584 0.3420 -0.6705
vn -0.5601 0.2092 -0.8016
vn 0.8235 0.0077 -0.5672
vn 0.8567 0.0735 -0.5105
vn 0.7802 0.0912 -0.6189
vn 0.7483 0.0560 -0.6610
vn 0.7025 0.0261 -0.7112
vn 0.3215 0.0273 0.9465
vn 0.4330 -0.6569 0.6173
vn 0.6974 -0.5288 0.4837
vn 0.6905 0.1716 0.7027
vn -0.9234 -0.1033 0.3696
vn -0.9038 -0.3209 0.2833
vn -0.9164 -0.2956 0.2700
vn -0.9288 -0.1466 0.3404
vn 0.5652 0.0115 -0.8249
vn 0.5125 0.1396 -0.8473
vn 0.6427 0.0133 -0.7660
vn 0.3498 0.4742 -0.8079
vn 0.3966 0.2007 -0.8958
vn 0.4325 0.3303 -0.8390
vn 0.4598 0.2716 -0.8455
vn 0.3849 0.0472 0.9218
vn 0.3472 0.0525 0.9363
vn 0.7011 0.1965 0.6855
vn 0.2511 -0.0087 -0.9679
vn 0.4368 0.0084 -0.8995
vn 0.4288 0.0762 -0.9002
vn 0.2495 0.0835 -0.9648
vn -0.0211 -0.0888 -0.9958
vn 0.0441 0.0397 -0.9982
vn -0.0329 -0.0661 -0.9973
vn 0.0770 -0.0390 -0.9963
vn 0.7737 0.0813 -0.6284
vn 0.9979 0.0313 0.0568
vn 0.6875 0.0923 -0.7203
vn -0.3688 -0.0758 -0.9264
vn -0.4330 -0.1875 -0.8817
vn -0.5648 -0.2417 -0.7891
vn -0.5240 -0.1446 -0.8393
vn 0.0333 -0.0071 -0.9994
vn 0.0295 -0.0493 -0.9983
vn -0.2171 -0.0845 -0.9725
vn -0.1534 -0.0389 -0.9874
vn -0.0053 -0.2865 0.9581
vn -0.0010 -0.2415 0.9704
vn -0.0011 -0.2460 0.9693
vn -0.0056 -0.2909 0.9567
vn 0.7640 0.3281 -0.5556
vn 0.8058 0.4388 -0.3976
vn 0.7510 0.3599 -0.5536
vn 0.7320 0.0890 -0.6755
vn -0.9330 -0.2545 -0.2546
vn -0.9352 -0.2503 -0.2503
vn -0.8265 -0.2114 -0.5217
vn -0.8255 -0.2126 -0.5229
vn 0.4085 -0.5993 -0.6885
vn 0.3038 -0.3859 -0.8711
vn 0.2777 -0.4053 -0.8710
vn 0.3752 -0.6230 -0.6864
vn -0.0255 -0.0674 0.9974
vn -0.1074 -0.0521 0.9929
vn -0.0755 -0.0501 0.9959
vn -0.0318 -0.0513 0.9982
vn -0.9430 0.0260 0.3319
vn -0.9422 -0.0207 0.3344
vn -0.9758 -0.0304 0.2167
vn 0.4615 0.2393 -0.8543
vn 0.2885 -0.0860 -0.9536
vn 0.2997 -0.0793 -0.9507
vn 0.4455 0.2374 -0.8633
vn 0.8575 -0.3370 -0.3887
vn 0.8817 -0.2743 -0.3839
vn 0.9118 -0.3029 -0.2771
vn 0.9440 0.0169 -0.3295
vn 0.9446 -0.0513 -0.3243
vn 0.8971 -0.0543 -0.4384
vn 0.8945 0.0138 -0.4468
vn -0.9815 -0.1647 -0.0977
vn -0.9883 0.0198 -0.1510
vn -0.9929 -0.0304 -0.1153
vn 0.8834 -0.2034 -0.4222
vn 0.8652 -0.2959 -0.4048
vn 0.7695 0.5978 -0.2248
vn 0.8463 0.4940 -0.1995
vn 0.7275 0.5928 -0.3456
vn 0.3887 0.0603 0.9194
vn 0.3290 -0.0142 0.9442
vn 0.2482 -0.1068 0.9628
vn 0.2205 -0.0242 0.9751
vn -0.9620 -0.1773 -0.2076
vn -0.9704 -0.1445 -0.1935
vn -0.8767 -0.1025 -0.4700
vn -0.8579 -0.1389 -0.4947
vn 0.7029 0.3721 -0.6062
vn 0.6673 0.5328 -0.5205
vn 0.5994 0.7057 -0.3777
vn 0.6906 0.6220 -0.3690
vn 0.6399 0.5483 -0.5384
vn 0.9777 -0.0394 -0.2062
vn 0.9777 0.0288 -0.2082
vn 0.7273 0.6830 -0.0676
vn 0.7646 0.6422 -0.0545
vn 0.7631 0.6359 -0.1154
vn 0.7253 0.6766 -0.1270
vn 0.7149 0.6527 -0.2507
vn 0.6111 0.7493 -0.2552
vn 0.6164 0.7769 -0.1288
vn 0.5888 0.4683 -0.6588
vn -0.2857 0.7203 0.6322
vn -0.2679 0.7281 0.6309
vn 0.5462 0.4023 -0.7347
vn 0.6490 0.5440 -0.5318
vn 0.3871 -0.0750 -0.9190
vn 0.4659 0.2326 -0.8537
vn -0.9649 -0.1842 0.1872
vn -0.9623 -0.1813 0.2025
vn -0.9884 0.0061 -0.1517
vn -0.9826 0.0471 -0.1797
vn -0.9841 0.0594 -0.1676
vn 0.3759 -0.1369 -0.9165
vn 0.3416 -0.4551 -0.8223
vn 0.6697 0.3161 -0.6719
vn 0.5549 0.1935 -0.8091
vn 0.4084 -0.3623 -0.8378
vn 0.6520 -0.6442 -0.3999
vn 0.8061 -0.5010 -0.3149
vn 0.5451 -0.5403 -0.6410
vn 0.9890 -0.1445 -0.0301
vn 0.9654 -0.2537 -0.0601
vn 0.9672 -0.2482 0.0546
vn 0.9801 -0.1752 0.0932
vn 0.5792 -0.2748 -0.7674
vn 0.7970 -0.3515 -0.4912
vn 0.6588 -0.3142 -0.6836
vn -0.5443 0.6336 -0.5498
vn -0.5148 0.5327 -0.6718
vn -0.5779 0.4814 -0.6591
vn -0.6211 0.5685 -0.5395
vn -0.6990 -0.5385 -0.4706
vn -0.6476 -0.5694 -0.5063
vn -0.7239 -0.2397 -0.6469
vn -0.7971 -0.2121 -0.5654
vn 0.9435 -0.2753 0.1845
vn 0.9548 -0.2004 0.2197
vn 0.9613 -0.2271 0.1559
vn 0.9409 -0.3273 0.0867
vn 0.2927 0.6518 0.6996
vn 0.2877 0.6562 0.6976
vn 0.2628 0.7211 0.6410
vn 0.2960 0.7155 0.6328
vn 0.9534 -0.3014 -0.0160
vn 0.9533 -0.2735 -0.1280
vn 0.9990 -0.0201 0.0407
vn 0.9903 -0.1153 0.0776
vn 0.9674 -0.1693 -0.1886
vn 0.9752 -0.0638 -0.2121
vn 0.8781 -0.4607 -0.1295
vn -0.9855 -0.0978 0.1384
vn -0.9821 -0.0685 0.1756
vn -0.9607 -0.0830 0.2650
vn -0.9717 -0.0947 0.2162
vn 0.9590 -0.2829 -0.0191
vn 0.0248 -0.4355 0.8999
vn 0.9823 -0.1475 0.1155
vn 0.9903 -0.0030 0.1389
vn 0.9860 -0.1517 0.0694
vn -0.1304 -0.0030 -0.9915
vn -0.1254 0.0163 -0.9920
vn -0.1569 -0.0049 -0.9876
vn -0.1373 -0.0136 -0.9904
vn 0.9945 -0.1046 -0.0011
vn 0.9765 -0.0592 0.2072
vn 0.9354 -0.2917 0.1998
vn 0.9248 -0.2359 0.2984
vn 0.9889 0.1104 -0.0996
vn 0.9967 0.0765 0.0277
vn 0.9654 0.0945 -0.2431
vn 0.9468 -0.0988 -0.3064
vn 0.9613 -0.0994 -0.2570
vn 0.9228 -0.2873 -0.2567
vn 0.9266 -0.2862 -0.2438
vn 0.9988 0.0321 0.0376
vn 0.9680 -0.2198 -0.1214
vn 0.6172 0.7826 -0.0815
vn 0.5253 0.8409 -0.1303
vn 0.5266 0.8455 -0.0878
vn 0.4902 0.8604 -0.1394
vn 0.4915 0.8668 -0.0845
vn 0.0944 -0.0161 -0.9954
vn 0.0239 0.0090 -0.9997
vn 0.9879 0.1548 -0.0095
vn 0.9788 0.1769 -0.1036
vn -0.0887 0.0425 -0.9951
vn -0.0385 0.0631 -0.9973
vn -0.0681 0.0409 -0.9968
vn 0.9930 0.1182 -0.0075
vn 0.9733 0.0765 -0.2163
vn 0.9918 0.0866 -0.0938
vn 0.9841 0.0467 -0.1714
vn 0.9527 0.0241 -0.3029
vn 0.9928 0.0895 0.0793
vn 1.0000 -0.0056 0.0007
vn -0.3390 -0.1847 0.9225
vn -0.3025 0.4871 0.8193
vn -0.1812 0.4677 0.8651
vn -0.2043 -0.2052 0.9572
vn -0.9390 -0.2867 -0.1900
vn 0.9921 0.0499 -0.1150
vn 0.9956 -0.0825 -0.0449
vn 0.9896 -0.0746 -0.1226
vn 0.9897 0.0293 -0.1400
vn 0.1817 0.0048 -0.9833
vn 0.0377 -0.0045 -0.9993
vn 0.0565 -0.0002 -0.9984
vn 0.1851 0.0031 -0.9827
vn -0.0457 0.0174 -0.9988
vn -0.0072 0.0518 -0.9986
vn 0.0157 0.0614 -0.9980
vn 0.0161 0.0354 -0.9992
vn 0.0167 -0.0074 -0.9998
vn -0.1056 0.0183 -0.9942
vn -0.1434 0.0034 -0.9897
vn -0.0823 0.0182 -0.9964
vn 0.7591 0.2265 -0.6103
vn 0.7383 0.2523 -0.6255
vn 0.7408 0.3462 -0.5756
vn 0.1618 -0.0399 -0.9860
vn 0.0197 0.0040 -0.9998
vn 0.4628 0.4265 0.7771
vn 0.6267 0.5682 0.5333
vn 0.7511 0.4336 0.4978
vn 0.6004 0.3060 0.7388
vn -0.4191 0.5969 -0.6842
vn -0.5382 0.5637 -0.6266
vn -0.6166 -0.1097 -0.7796
vn -0.4557 -0.0723 -0.8872
vn -0.3087 0.8910 0.3328
vn -0.2742 0.9172 0.2890
vn -0.2154 0.8952 0.3902
vn -0.2703 0.8567 0.4392
vn 0.2903 -0.0923 -0.9525
vn 0.2206 -0.0782 -0.9722
vn -0.2288 0.1387 -0.9635
vn -0.2238 0.2467 -0.9429
vn -0.2638 0.2889 -0.9203
vn -0.2689 0.1816 -0.9459
vn 0.3184 0.8487 -0.4224
vn 0.3152 0.8581 -0.4053
vn 0.2522 0.7326 -0.6322
vn 0.2391 0.7118 -0.6604
vn 0.6177 -0.2177 -0.7557
vn 0.6811 -0.2203 -0.6983
vn 0.4689 -0.2280 -0.8533
vn 0.4592 -0.1606 -0.8737
vn 0.3559 0.9061 -0.2289
vn 0.3706 0.9260 -0.0723
vn 0.4716 -0.2813 -0.8358
vn -0.2632 -0.7011 -0.6627
vn -0.2433 -0.2422 -0.9392
vn -0.0939 -0.1607 -0.9825
vn -0.2165 -0.5737 -0.7899
vn 0.6644 -0.2585 -0.7013
vn 0.8539 -0.2137 -0.4745
vn -0.0142 0.1427 -0.9897
vn -0.0050 0.2129 -0.9771
vn 0.9433 -0.2222 -0.2466
vn 0.7793 -0.2763 -0.5624
vn 0.8607 -0.3487 -0.3711
vn -0.0877 0.0786 -0.9930
vn 0.0063 0.0486 -0.9988
vn 0.0663 0.0874 -0.9940
vn 0.0141 0.0950 -0.9954
vn 0.0154 0.1433 -0.9896
vn 0.0513 0.1404 -0.9888
vn -0.1068 0.0194 -0.9941
vn 0.0027 -0.0077 -1.0000
vn -0.0024 0.0084 -1.0000
vn 0.1742 -0.0734 -0.9820
vn 0.2945 -0.1220 -0.9478
vn -0.3684 0.1344 0.9199
vn -0.3424 0.2346 0.9098
vn -0.3312 0.1598 0.9299
vn 0.0566 -0.0179 -0.9982
vn 0.1354 -0.0551 -0.9893
vn -0.0415 0.0335 -0.9986
vn -0.0515 0.0737 -0.9959
vn -0.0786 0.0664 -0.9947
vn 0.9251 0.3680 0.0930
vn 0.9353 0.3428 0.0884
vn 0.9931 -0.0374 0.1114
vn 0.9926 -0.0211 0.1197
vn 0.2519 -0.1317 -0.9588
vn 0.1471 -0.4015 -0.9040
vn 0.1367 -0.4351 -0.8900
vn 0.2241 0.2779 -0.9341
vn 0.2169 0.3131 -0.9246
vn 0.0599 -0.1608 -0.9852
vn -0.2550 -0.1440 -0.9562
vn -0.2864 -0.1270 -0.9497
vn 0.0461 -0.1299 -0.9905
vn -0.3482 -0.9071 -0.2363
vn -0.3727 -0.8775 -0.3019
vn 0.6255 -0.5377 0.5654
vn 0.6915 -0.4800 0.5398
vn -0.9951 0.0971 0.0174
vn -0.9370 0.3379 0.0890
vn -0.9544 0.2853 0.0873
vn -0.9996 -0.0283 -0.0039
vn 0.3427 -0.2012 -0.9176
vn -0.4960 -0.7794 -0.3829
vn -0.9276 -0.3121 0.2051
vn 0.4096 -0.5819 -0.7026
vn 0.4176 -0.4971 -0.7606
vn -0.9317 -0.1712 -0.3202
vn -0.9394 -0.1391 -0.3133
vn -0.9373 -0.1719 -0.3031
vn 0.9991 0.0071 0.0407
vn 0.9934 -0.0820 0.0801
vn 0.9564 -0.2781 0.0893
vn 0.9985 -0.0543 -0.0085
vn -0.5825 -0.0121 0.8128
vn -0.5318 0.0335 0.8462
vn -0.3488 -0.0139 0.9371
vn -0.4029 -0.0533 0.9137
vn -0.9747 -0.2227 0.0175
vn -0.9680 -0.2343 -0.0897
vn -0.9760 -0.2055 -0.0718
vn -0.9767 -0.2145 0.0005
vn -0.0777 0.0675 -0.9947
vn -0.0601 0.0844 -0.9946
vn 0.0769 0.0680 -0.9947
vn 0.0515 0.1309 -0.9901
vn -0.0031 0.1243 -0.9922
vn -0.0032 0.0573 -0.9984
vn 0.3671 -0.0283 0.9298
vn 0.3538 0.1637 0.9209
vn 0.2480 0.1856 0.9508
vn 0.2585 0.0084 0.9660
vn 0.2786 0.7386 -0.6138
vn 0.3409 0.8451 -0.4118
vn -0.0214 0.0943 -0.9953
vn -0.0359 0.1516 -0.9878
vn -0.0472 0.0996 -0.9939
vn 0.0200 0.4059 -0.9137
vn 0.0750 0.4198 -0.9045
vn 0.0403 0.3272 -0.9441
vn 0.0092 0.3036 -0.9528
vn -0.0559 0.2704 -0.9611
vn -0.0968 0.1656 -0.9814
vn -0.0051 0.2332 -0.9724
vn 0.1794 -0.1332 0.9747
vn 0.1159 -0.1807 0.9767
vn 0.1228 -0.1802 0.9759
vn 0.1634 -0.1312 0.9778
vn -0.9397 -0.0833 0.3316
vn -0.9917 -0.0947 0.0869
vn -0.9632 -0.1079 0.2463
vn -0.0991 0.0968 -0.9904
vn 0.4034 -0.0930 -0.9103
vn 0.5052 -0.1878 -0.8423
vn 0.0561 -0.0924 -0.9941
vn 0.3181 0.7260 -0.6097
vn 0.3786 0.8344 -0.4005
vn 0.3461 0.9369 -0.0503
vn 0.3413 0.9384 0.0539
vn 0.3745 0.9251 0.0633
vn 0.3342 0.9409 0.0552
vn 0.3515 0.9356 0.0333
vn 0.1833 0.9803 0.0739
vn 0.1985 0.9772 0.0750
vn -0.9844 0.0007 -0.1761
vn -0.7524 0.6283 -0.1976
vn -0.7524 0.6292 -0.1949
vn -0.9913 -0.0004 -0.1317
vn 0.9916 0.1122 -0.0647
vn 0.9876 0.1130 0.1088
vn -0.0025 0.1987 -0.9800
vn -0.9744 -0.0148 -0.2244
vn -0.9795 0.0259 -0.2000
vn -0.9900 -0.0182 -0.1400
vn -0.9582 -0.0976 -0.2690
vn 0.2525 0.6190 -0.7437
vn 0.2649 0.6219 -0.7369
vn 0.3222 0.7315 -0.6009
vn 0.9912 0.1169 0.0614
vn 0.9629 0.1375 0.2322
vn 0.9294 0.3512 0.1129
vn 0.9458 0.3199 -0.0557
vn -0.5051 0.2213 0.8342
vn -0.3885 0.0842 0.9176
vn -0.3852 0.3009 0.8724
vn 0.0152 0.3727 -0.9278
vn -0.9810 -0.0172 0.1933
vn -0.9501 -0.0542 0.3072
vn -0.9581 -0.0795 0.2754
vn -0.9856 -0.0345 0.1654
vn -0.0197 0.4796 -0.8772
vn -0.0173 0.4720 -0.8814
vn -0.0086 0.5136 -0.8580
vn -0.0009 0.4690 -0.8832
vn -0.0003 0.5107 -0.8598
vn 0.0871 0.4914 -0.8665
vn 0.1248 0.5072 -0.8527
vn 0.0821 0.4499 -0.8893
vn 0.0233 0.4866 -0.8733
vn 0.0281 0.5324 -0.8460
vn 0.0925 0.5467 -0.8322
vn 0.1426 0.5347 -0.8329
vn 0.0824 0.4904 -0.8676
vn 0.1851 0.6015 -0.7771
vn 0.1517 0.5715 -0.8065
vn 0.1765 0.6295 -0.7567
vn 0.2032 0.6175 -0.7599
vn 0.1562 0.5620 -0.8122
vn 0.9683 -0.2496 -0.0105
vn 0.9932 -0.1124 -0.0291
vn 0.9562 -0.2904 0.0372
vn 0.7927 -0.5973 0.1216
vn 0.1001 0.5244 -0.8456
vn 0.2001 0.5330 -0.8221
vn 0.1866 0.5341 -0.8245
vn 0.1108 0.5856 -0.8030
vn 0.1453 0.5826 -0.7997
vn 0.2067 0.6486 -0.7325
vn 0.0086 -0.0753 0.9971
vn -0.0276 -0.4310 0.9019
vn 0.0560 -0.3731 0.9261
vn 0.0996 -0.0419 0.9941
vn 0.0482 0.5522 -0.8323
vn 0.0806 0.5342 -0.8415
vn 0.1112 0.4752 -0.8728
vn 0.0545 0.4317 -0.9003
vn 0.0635 0.4290 -0.9011
vn 0.1213 0.4722 -0.8731
vn 0.0333 0.4978 -0.8667
vn 0.0104 0.5269 -0.8498
vn -0.7035 -0.7069 0.0738
vn -0.6967 -0.7012 0.1513
vn -0.3243 0.9439 0.0626
vn -0.3294 0.9436 -0.0345
vn -0.3578 0.9316 -0.0634
vn -0.3622 0.9295 0.0704
vn 0.0027 0.5223 -0.8528
vn 0.0224 0.5316 -0.8467
vn 0.0256 0.3993 -0.9164
vn 0.0017 0.3882 -0.9216
vn 0.0217 0.4030 -0.9150
vn 0.0004 0.4681 -0.8837
vn 0.0121 0.4756 -0.8796
vn 0.0011 0.5126 -0.8586
vn 0.0001 0.5080 -0.8614
vn 0.9820 -0.0390 0.1850
vn 0.9841 -0.0323 0.1745
vn 0.9674 -0.0704 0.2432
vn 0.9745 -0.0095 0.2242
vn 0.6089 -0.5396 0.5814
vn 0.7694 -0.5080 0.3873
vn -0.3181 -0.8756 -0.3635
vn -0.1571 -0.8397 -0.5199
vn -0.0071 0.5212 -0.8534
vn -0.9619 0.0623 0.2662
vn -0.9695 0.0845 0.2302
vn -0.9833 0.1354 0.1213
vn -0.9807 0.1029 0.1661
vn -0.9501 -0.3073 -0.0534
vn -0.8887 -0.4542 0.0629
vn -0.8772 -0.4766 0.0579
vn 0.1626 -0.0084 -0.9867
vn 0.1503 -0.0141 -0.9885
vn 0.9923 -0.0221 -0.1219
vn 0.9927 -0.0237 -0.1183
vn 0.1331 -0.0031 -0.9911
vn 0.1468 0.0040 -0.9892
vn 0.0327 0.3563 -0.9338
vn 0.0095 0.2903 -0.9569
vn 0.0067 0.2844 -0.9587
vn 0.0301 0.3386 -0.9405
vn 0.0222 0.3667 -0.9301
vn -0.0047 0.2238 -0.9746
vn -0.0029 0.2225 -0.9749
vn -0.0031 0.2213 -0.9752
vn -0.0047 0.2233 -0.9747
vn 0.0817 -0.0189 -0.9965
vn 0.0619 -0.0258 -0.9977
vn 0.1360 -0.0210 -0.9905
vn 0.0045 -0.0539 -0.9985
vn 0.0218 -0.0423 -0.9989
vn 0.1203 -0.0305 -0.9923
vn 0.1031 -0.0427 -0.9938
vn 0.0414 -0.0333 -0.9986
vn 0.9822 0.1792 -0.0564
vn 0.9749 0.1466 -0.1675
vn 0.9785 0.1558 -0.1352
vn -0.9579 -0.0806 -0.2755
vn -0.9780 -0.0557 -0.2009
vn -0.6858 -0.7127 -0.1475
vn -0.6503 -0.7351 -0.1919
vn -0.8612 -0.1233 -0.4930
vn -0.7556 -0.2473 -0.6066
vn -0.9041 -0.0751 -0.4206
vn -0.9671 0.1272 -0.2204
vn -0.6667 0.2118 -0.7146
vn -0.6877 0.3244 -0.6495
vn -0.6891 0.3003 -0.6595
vn -0.6741 0.1192 -0.7289
vn 0.0565 -0.1583 -0.9858
vn -0.0062 -0.1546 -0.9880
vn -0.1195 -0.1920 -0.9741
vn 0.7940 -0.1086 0.5981
vn 0.8291 -0.1711 0.5323
vn 0.8203 -0.1786 0.5433
vn 0.7556 -0.1750 0.6312
vn -0.8669 -0.2138 -0.4503
vn -0.7740 -0.5030 -0.3845
vn 0.0099 -0.5393 -0.8420
vn 0.0106 -0.5229 -0.8523
vn -0.9967 -0.0781 0.0228
vn -0.9672 -0.0404 0.2506
vn -0.8829 0.2899 0.3695
vn -0.8118 0.1215 -0.5711
vn -0.7256 0.1356 -0.6746
vn -0.7358 0.1329 -0.6640
vn 0.0422 0.3964 -0.9171
vn 0.3698 0.0495 0.9278
vn 0.4684 0.0930 0.8786
vn 0.4439 0.1867 0.8764
vn 0.3541 0.1938 0.9149
vn -0.1657 -0.2687 -0.9489
vn -0.2682 -0.4454 -0.8542
vn -0.0780 0.1305 -0.9884
vn -0.9423 0.3349 0.0047
vn -0.9719 0.1475 -0.1834
vn 0.6932 -0.1864 0.6963
vn 0.5243 -0.1599 0.8364
vn 0.0398 0.3871 -0.9212
vn 0.0607 0.3837 -0.9215
vn 0.0028 0.2554 -0.9668
vn -0.9777 -0.2027 0.0542
vn -0.9548 -0.1837 0.2338
vn -0.9465 -0.1793 0.2683
vn -0.9755 -0.1998 0.0918
vn -0.2056 -0.2119 -0.9554
vn -0.8862 -0.0839 0.4557
vn 0.1898 0.9717 0.1409
vn 0.8683 0.4799 -0.1258
vn 0.8692 0.4718 -0.1481
vn 0.2344 0.9655 0.1136
vn -0.9141 -0.1096 -0.3904
vn -0.9242 -0.1082 -0.3663
vn -0.9229 0.0128 -0.3849
vn -0.9219 0.0044 -0.3875
vn -0.9870 0.1100 -0.1174
vn -0.9847 0.1187 -0.1276
vn -0.9915 0.0081 -0.1302
vn -0.9923 0.0030 -0.1239
vn -0.9973 0.0444 -0.0581
vn -0.9987 0.0502 -0.0104
vn -0.9834 0.1710 -0.0612
vn -0.9825 0.1827 -0.0365
vn -0.9913 0.1010 0.0848
vn -0.9787 0.0194 0.2045
vn -0.9988 -0.0049 -0.0490
vn -0.9799 0.0692 -0.1873
vn -0.9599 0.2500 -0.1272
vn -0.9612 0.2417 -0.1331
vn -0.9733 0.2246 0.0478
vn -0.9711 0.2291 0.0673
vn -0.9530 -0.0891 0.2897
vn -0.9812 0.0215 0.1916
vn -0.9587 -0.0891 0.2700
vn -0.9631 -0.1599 -0.2166
vn -0.9913 -0.0151 -0.1308
vn -0.9536 0.2009 -0.2244
vn -0.9414 0.2567 -0.2186
vn -0.8998 0.2640 -0.3474
vn -0.9128 0.1882 -0.3624
vn -0.9655 0.2170 -0.1441
vn -0.9580 0.2490 -0.1424
vn -0.3400 0.9223 -0.1835
vn -0.3318 0.8602 -0.3872
vn -0.3109 0.8611 -0.4022
vn -0.3464 0.9169 -0.1982
vn -0.9586 0.2492 -0.1374
vn -0.9618 0.2342 -0.1420
vn -0.9709 0.2274 0.0749
vn -0.9701 0.2318 0.0721
vn -0.9754 -0.2162 0.0435
vn -0.9729 -0.2304 0.0188
vn -0.9478 -0.2258 -0.2249
vn -0.9649 -0.2101 -0.1577
vn -0.9763 -0.1925 -0.0990
vn -0.9831 -0.1771 0.0464
vn -0.9963 -0.0815 0.0264
vn -0.9914 -0.1016 -0.0819
vn -0.3426 0.4234 -0.8387
vn -0.2726 0.4746 -0.8369
vn -0.3000 0.3394 -0.8915
vn -0.3564 0.2677 -0.8952
vn -0.9375 -0.1757 0.3005
vn -0.9384 -0.1553 0.3088
vn -0.9752 -0.1724 0.1387
vn -0.9722 -0.1965 0.1277
vn -0.9322 -0.1530 0.3280
vn -0.9793 -0.1762 0.0998
vn -0.9922 -0.1111 0.0573
vn -0.9325 -0.1724 0.3175
vn -0.8608 -0.2244 -0.4567
vn -0.8449 -0.4276 -0.3212
vn -0.9474 -0.1895 -0.2578
vn -0.9599 0.1533 0.2348
vn -0.9595 0.1495 0.2387
vn -0.9708 -0.1075 0.2145
vn -0.9743 -0.1081 0.1975
vn -0.9733 -0.2037 0.1056
vn -0.9752 -0.2081 0.0750
vn -0.9953 -0.0961 0.0145
vn -0.9513 -0.1808 0.2497
vn -0.9427 -0.1761 0.2834
vn -0.9526 -0.2152 -0.2150
vn -0.9833 -0.1350 -0.1221
vn -0.9748 -0.2200 0.0373
vn -0.9685 -0.2310 -0.0930
vn 0.9274 -0.0654 0.3683
vn 0.9041 0.3732 0.2080
vn 0.9195 0.2320 0.3174
vn 0.8529 -0.1716 0.4931
vn -0.9792 -0.2020 -0.0213
vn -0.9794 -0.2018 0.0001
vn -0.9575 -0.1817 0.2241
vn -0.9612 -0.1846 0.2049
vn -0.9790 -0.2027 0.0226
vn -0.9923 -0.1235 0.0117
vn -0.9748 0.2098 0.0752
vn -0.9965 0.0025 -0.0835
vn -0.9620 -0.1356 -0.2368
vn -0.9757 0.2032 -0.0821
vn -0.9757 0.2094 -0.0641
vn -0.9969 0.0580 -0.0540
vn -0.9961 0.0518 -0.0711
vn -0.9915 0.1244 -0.0393
vn -0.8709 0.4093 0.2718
vn -0.9218 0.3865 -0.0304
vn -0.8776 0.2925 0.3798
vn -0.8767 0.0062 0.4810
vn -0.8782 0.0060 0.4782
vn -0.9909 -0.1299 -0.0362
vn -0.8630 0.3983 0.3108
vn -0.8633 0.3979 0.3104
vn -0.9879 0.1369 -0.0730
vn -0.9721 0.1874 0.1410
vn -0.9139 0.3846 0.1298
vn -0.9486 0.3153 0.0276
vn -0.9043 0.4168 0.0919
vn -0.9086 0.4073 0.0928
vn -0.9885 0.1446 0.0446
vn -0.9859 0.1620 0.0426
vn -0.9100 0.3950 0.1256
vn -0.8921 0.4342 0.1251
vn -0.8980 0.4267 0.1072
vn -0.8681 0.4118 0.2770
vn -0.2038 -0.0612 0.9771
vn -0.1389 -0.1037 0.9849
vn -0.0308 -0.1102 0.9934
vn -0.0234 -0.0866 0.9960
vn -0.9829 -0.1830 -0.0218
vn -0.9817 0.1341 0.1354
vn -0.9985 -0.0351 -0.0417
vn -0.9323 -0.3051 -0.1942
vn -0.9971 0.0146 -0.0749
vn -0.9786 -0.0135 0.2055
vn -0.9664 0.1643 0.1978
vn -0.9568 -0.0643 0.2834
vn -0.1951 -0.7600 -0.6200
vn -0.1766 -0.7794 -0.6012
vn -0.1554 -0.7788 -0.6077
vn -0.9994 -0.0320 0.0112
vn -0.9423 0.0397 -0.3323
vn -0.9685 -0.0413 0.2456
vn -0.9972 0.0433 0.0609
vn -0.9618 -0.0700 -0.2647
vn 0.1737 0.3859 0.9060
vn -0.9591 0.2670 0.0940
vn -0.9778 -0.0139 0.2091
vn -0.9954 0.0410 -0.0862
vn -0.9767 0.1863 -0.1066
vn -0.9132 -0.1511 -0.3783
vn -0.9907 -0.0042 -0.1357
vn -0.9611 -0.0218 0.2753
vn -0.9914 -0.0593 -0.1167
vn -0.9399 -0.3080 0.1473
vn -0.9189 -0.3251 -0.2233
vn -0.9366 -0.3035 0.1752
vn -0.9892 0.0514 0.1371
vn -0.9790 0.0607 -0.1945
vn -0.8464 0.2630 -0.4631
vn -0.9288 0.1159 -0.3519
vn -0.9885 0.1158 0.0975
vn -0.9756 0.1473 -0.1627
vn -0.9657 0.2192 -0.1394
vn -0.9718 0.1907 0.1388
vn -0.9292 -0.3604 -0.0823
vn -0.9162 -0.3400 -0.2121
vn -0.9843 0.0431 -0.1711
vn -0.9731 0.1907 0.1295
vn -0.9902 0.1169 0.0770
vn -0.9684 0.1603 -0.1910
vn -0.5474 -0.0214 0.8366
vn -0.5154 -0.0346 0.8562
vn -0.6599 -0.0732 0.7477
vn -0.6905 -0.0618 0.7206
vn -0.9841 0.1373 -0.1126
vn -0.9668 0.1031 -0.2337
vn -0.9827 0.0918 -0.1606
vn -0.9808 0.1277 -0.1475
vn -0.9651 0.1269 -0.2291
vn -0.9956 0.0683 0.0642
vn -0.9964 0.0700 0.0485
vn -0.9857 0.0903 -0.1420
vn -0.9840 0.0906 -0.1532
vn -0.7790 -0.2494 -0.5754
vn -0.7892 -0.2337 -0.5679
vn -0.8829 -0.2239 -0.4128
vn -0.9403 -0.2150 -0.2637
vn 0.4192 0.6439 0.6401
vn 0.3702 0.6627 0.6509
vn 0.2290 0.7565 0.6125
vn 0.2790 0.7305 0.6233
vn -0.8961 -0.2068 -0.3928
vn -0.9362 -0.2242 -0.2705
vn -0.4246 0.2520 -0.8696
vn -0.4475 0.0751 -0.8911
vn -0.5636 0.0031 -0.8260
vn -0.5390 0.2364 -0.8084
vn -0.9027 -0.2404 -0.3568
vn 0.3434 0.0695 0.9366
vn 0.3232 0.0467 0.9452
vn 0.2163 0.0710 0.9737
vn -0.8487 -0.2446 -0.4688
vn -0.8056 -0.3956 -0.4410
vn -0.8536 -0.4002 -0.3335
vn -0.8601 0.1795 -0.4775
vn -0.9519 0.0551 -0.3013
vn -0.9623 0.2711 -0.0221
vn -0.9699 -0.2222 -0.0991
vn 0.9667 0.2193 -0.1317
vn 0.9938 0.1036 -0.0415
vn 0.9662 0.0641 -0.2499
vn 0.9382 0.1947 -0.2862
vn -0.9400 -0.2264 -0.2552
vn -0.9223 -0.1867 -0.3385
vn 0.7455 0.6101 0.2683
vn 0.7712 0.6223 0.1344
vn 0.7481 0.6506 0.1307
vn 0.7258 0.6333 0.2684
vn 0.0182 0.3213 -0.9468
vn 0.0009 0.2804 -0.9599
vn 0.9909 0.0559 0.1229
vn 0.9424 -0.1994 0.2686
vn 0.9568 -0.1311 0.2593
vn 0.9892 0.1000 0.1067
vn 0.5503 0.8058 -0.2188
vn 0.3476 0.9355 0.0632
vn 0.1468 0.9862 0.0770
vn 0.1926 0.9790 -0.0665
vn -0.9789 0.2016 0.0324
vn -0.9301 -0.0019 -0.3674
vn -0.8124 -0.1493 -0.5637
vn -0.6252 -0.2133 -0.7508
vn -0.5945 -0.1283 -0.7938
vn -0.8991 0.0273 -0.4368
vn -0.3272 -0.3372 -0.8828
vn -0.5018 -0.3205 -0.8034
vn -0.5968 -0.2508 -0.7622
vn -0.3222 -0.3213 -0.8905
vn -0.3792 -0.2604 -0.8879
vn -0.2810 -0.2958 -0.9130
vn -0.3500 -0.2302 -0.9080
vn -0.4645 -0.1609 -0.8708
vn -0.8057 0.1485 -0.5734
vn -0.7679 0.0355 -0.6396
vn -0.5348 -0.4449 -0.7183
vn -0.4402 0.1492 -0.8854
vn -0.5239 0.1564 -0.8373
vn -0.5481 -0.3221 -0.7719
vn -0.8998 -0.2643 -0.3472
vn -0.9151 0.0123 0.4030
vn -0.9753 -0.0083 0.2209
vn -0.9544 0.2769 0.1114
vn -0.8994 0.3084 0.3099
vn -0.9530 0.0658 -0.2957
vn -0.8924 0.0937 -0.4414
vn -0.9319 0.1249 -0.3404
vn -0.9425 0.1325 -0.3069
vn -0.8887 0.1182 -0.4430
vn 0.3229 0.2411 0.9152
vn 0.4459 0.1457 0.8831
vn 0.3320 0.0069 0.9432
vn 0.2294 0.0796 0.9701
vn -0.5411 0.1956 -0.8179
vn -0.5799 0.1972 -0.7905
vn -0.6652 0.1581 -0.7297
vn -0.6393 0.1594 -0.7523
vn 0.9247 -0.1479 0.3508
vn 0.8481 -0.5274 -0.0495
vn -0.4647 -0.4892 -0.7381
vn 0.5734 0.5732 0.5853
vn -0.9101 -0.0310 -0.4132
vn -0.9049 -0.1021 -0.4132
vn -0.8346 -0.1863 -0.5184
vn -0.8698 -0.0857 -0.4860
vn -0.8099 -0.0527 -0.5842
vn 0.1430 0.0048 -0.9897
vn 0.1103 0.0205 -0.9937
vn -0.5981 -0.2979 -0.7440
vn -0.5144 -0.2392 -0.8235
vn -0.5897 -0.2262 -0.7753
vn -0.6542 -0.2756 -0.7043
vn -0.1894 -0.1716 -0.9668
vn -0.1175 -0.2017 -0.9724
vn -0.5247 -0.1282 -0.8416
vn -0.2122 0.5147 -0.8307
vn -0.2344 0.3999 -0.8861
vn -0.1662 0.5375 -0.8267
vn -0.1716 0.4409 -0.8810
vn -0.1051 0.4615 -0.8809
vn -0.1276 0.5402 -0.8318
vn -0.2775 0.5836 -0.7632
vn -0.2210 0.6001 -0.7688
vn 0.3193 0.0309 0.9472
vn 0.5320 0.0889 0.8421
vn 0.6456 0.1490 0.7490
vn 0.4945 0.0994 0.8635
vn -0.1875 0.5981 -0.7792
vn -0.1695 0.5819 -0.7954
vn -0.1312 -0.0272 -0.9910
vn -0.1018 -0.0234 -0.9945
vn -0.2762 0.7341 -0.6203
vn -0.2462 0.7364 -0.6302
vn -0.1993 0.6178 -0.7607
vn -0.2211 0.6285 -0.7457
vn -0.0366 -0.1614 -0.9862
vn 0.0589 -0.1872 -0.9806
vn 0.0180 -0.1483 -0.9888
vn 0.0360 -0.2065 -0.9778
vn -0.1686 -0.1080 -0.9798
vn -0.2420 -0.1091 -0.9641
vn -0.1849 0.5243 -0.8312
vn -0.1430 0.5726 -0.8073
vn -0.2122 0.6470 -0.7323
vn -0.2633 0.6184 -0.7405
vn -0.3193 -0.1065 -0.9416
vn -0.1104 -0.1678 -0.9796
vn -0.2825 -0.0554 -0.9577
vn -0.3375 -0.0548 -0.9397
vn 0.0527 -0.1259 -0.9906
vn 0.0730 -0.0878 -0.9935
vn -0.0461 -0.0637 -0.9969
vn -0.1035 -0.0964 -0.9899
vn -0.2216 -0.0572 -0.9735
vn 0.7775 -0.5804 0.2422
vn -0.4122 -0.1893 -0.8912
vn -0.5645 -0.1329 -0.8146
vn -0.6168 -0.0926 -0.7817
vn -0.4887 -0.1578 -0.8581
vn -0.0682 -0.0210 -0.9974
vn 0.0855 -0.4310 0.8983
vn 0.1334 0.2984 0.9451
vn 0.0327 -0.0931 -0.9951
vn -0.7926 0.2652 -0.5491
vn -0.7334 0.2710 -0.6235
vn -0.7490 0.1963 -0.6328
vn -0.8097 0.1819 -0.5579
vn -0.7063 -0.1314 -0.6956
vn -0.6949 -0.2478 -0.6750
vn -0.6491 -0.0707 -0.7574
vn -0.6484 -0.1669 -0.7428
vn -0.6846 0.2757 -0.6748
vn -0.6192 0.2824 -0.7327
vn -0.6318 0.2186 -0.7437
vn -0.6963 0.2080 -0.6870
vn -0.5716 -0.0709 -0.8175
vn -0.4586 0.0248 -0.8883
vn -0.5138 0.2348 -0.8252
vn -0.3996 0.2709 -0.8757
vn -0.4147 0.3027 -0.8581
vn -0.5244 0.2931 -0.7994
vn 0.3491 0.9345 0.0697
vn 0.1743 0.9821 0.0715
vn 0.2034 0.9509 0.2331
vn 0.3811 0.8877 0.2584
vn 0.0639 0.3078 -0.9493
vn 0.1078 0.1694 -0.9796
vn 0.0279 0.1752 -0.9841
vn 0.0011 0.3315 -0.9434
vn -0.3180 0.1344 -0.9385
vn -0.3294 0.1064 -0.9382
vn -0.0427 0.4558 -0.8890
vn -0.0086 0.4212 -0.9069
vn -0.0962 0.3273 -0.9400
vn -0.0272 0.2894 -0.9568
vn -0.1009 0.2750 -0.9561
vn -0.0376 0.2204 -0.9747
vn -0.0950 0.1622 -0.9822
vn -0.0582 0.3294 -0.9424
vn -0.1568 0.3194 -0.9346
vn -0.2978 0.2590 -0.9188
vn -0.1835 0.2653 -0.9465
vn -0.1724 0.3040 -0.9370
vn -0.2920 0.3052 -0.9064
vn 0.3247 0.4062 0.8542
vn 0.2283 0.4203 0.8782
vn 0.2388 0.3329 0.9122
vn 0.3377 0.3156 0.8867
vn -0.9119 -0.2658 -0.3127
vn -0.9361 -0.3258 -0.1329
vn -0.4429 -0.8614 -0.2488
vn -0.0888 0.2732 -0.9578
vn -0.0359 0.2216 -0.9745
vn -0.0242 0.2776 -0.9604
vn -0.0117 0.3102 -0.9506
vn 0.0024 0.4955 0.8686
vn 0.0574 0.5060 0.8606
vn 0.0598 0.6196 0.7827
vn 0.0019 0.6120 0.7908
vn -0.0760 0.3053 -0.9492
vn -0.0093 0.2245 -0.9744
vn -0.0095 0.2242 -0.9745
vn 0.2948 0.7906 0.5367
vn 0.3697 0.8828 0.2900
vn 0.2514 0.9115 0.3254
vn 0.1912 0.8263 0.5298
vn -0.1092 0.0469 0.9929
vn 0.0523 0.0615 0.9967
vn -0.0863 0.0536 0.9948
vn -0.7754 -0.0630 -0.6283
vn -0.8649 -0.1879 -0.4654
vn -0.9127 -0.1450 -0.3820
vn -0.9503 -0.0554 -0.3064
vn -0.3628 0.9290 0.0725
vn -0.3507 0.9349 0.0539
vn -0.3225 0.9447 0.0597
vn -0.9163 -0.0273 -0.3996
vn -0.7001 -0.1118 -0.7052
vn 0.8421 -0.5176 0.1515
vn 0.8532 -0.4981 0.1551
vn -0.4533 -0.8793 0.1465
vn -0.4459 -0.8845 0.1375
vn -0.9444 -0.2840 -0.1657
vn -0.9100 -0.4141 0.0230
vn -0.9042 -0.3942 -0.1643
vn -0.4149 -0.1689 -0.8941
vn -0.3044 -0.2167 -0.9276
vn -0.0640 -0.2284 -0.9715
vn -0.0430 -0.2480 -0.9678
vn -0.2067 0.1278 -0.9700
vn -0.1872 0.2990 -0.9357
vn -0.2739 0.2461 -0.9297
vn 0.7445 0.1164 -0.6574
vn 0.7472 0.0927 -0.6581
vn 0.7531 0.2372 -0.6136
vn 0.7860 0.2331 -0.5726
vn 0.0001 0.5115 -0.8593
vn -0.0090 0.4729 -0.8811
vn -0.4562 -0.0623 -0.8877
vn -0.4854 -0.0636 -0.8720
vn -0.5511 -0.0919 -0.8293
vn -0.5068 -0.0942 -0.8569
vn -0.3924 -0.1027 -0.9140
vn -0.4551 -0.0985 -0.8850
vn -0.2893 -0.1605 -0.9437
vn -0.1980 -0.1677 -0.9657
vn -0.1423 0.4969 0.8561
vn -0.1779 0.5762 0.7977
vn -0.2350 0.6247 0.7447
vn -0.0094 -0.2185 -0.9758
vn -0.0767 -0.2204 -0.9724
vn -0.9739 0.0976 -0.2050
vn -0.9471 0.2554 -0.1946
vn -0.3842 -0.0571 -0.9215
vn -0.4231 -0.0605 -0.9041
vn -0.1893 -0.0404 -0.9811
vn -0.1601 -0.0334 -0.9865
vn -0.9921 -0.0325 -0.1213
vn -0.9997 0.0149 0.0192
vn -0.9995 0.0307 0.0064
vn -0.9930 -0.0893 0.0772
vn -0.9901 -0.0991 0.0997
vn 0.9915 -0.1120 0.0656
vn -0.1710 -0.2964 -0.9396
vn -0.3700 -0.2808 -0.8856
vn 0.7696 -0.1147 -0.6282
vn 0.4056 0.8623 0.3032
vn 0.4310 0.8825 0.1885
vn 0.6604 -0.1301 -0.7396
vn -0.8923 -0.0437 -0.4493
vn -0.8292 -0.0808 -0.5531
vn -0.3600 0.1604 -0.9190
vn -0.4029 0.0562 -0.9135
vn -0.0600 -0.2578 -0.9643
vn -0.1090 -0.2605 -0.9593
vn -0.4987 -0.1482 -0.8540
vn -0.4452 -0.0223 -0.8952
vn -0.3189 0.0703 -0.9452
vn -0.4346 0.1644 -0.8855
vn -0.4803 -0.0666 -0.8746
vn -0.5791 -0.1987 -0.7907
vn -0.4926 0.0331 -0.8696
vn -0.6616 -0.0504 -0.7481
vn -0.6292 -0.0883 -0.7722
vn 0.2858 0.7335 0.6168
vn 0.2294 0.7672 0.5990
vn 0.2547 0.7517 0.6083
vn 0.3025 0.7268 0.6166
vn -0.1603 -0.2148 -0.9634
vn -0.2494 -0.2076 -0.9459
vn -0.4899 0.2431 -0.8372
vn -0.5484 0.4161 -0.7253
vn -0.4930 0.4542 -0.7420
vn -0.4687 0.2925 -0.8336
vn -0.8822 -0.3129 -0.3519
vn -0.8309 -0.3143 -0.4591
vn -0.2169 -0.0462 -0.9751
vn -0.2405 -0.0518 -0.9693
vn 0.3622 0.8951 0.2600
vn 0.3358 0.8255 0.4536
vn 0.4109 0.7903 0.4544
vn 0.4317 0.8653 0.2549
vn -0.7435 0.2085 -0.6354
vn -0.2640 -0.0654 -0.9623
vn -0.7251 0.1540 -0.6712
vn -0.8627 0.3272 -0.3856
vn 0.9459 0.0809 0.3143
vn 0.9706 0.0693 0.2304
vn 0.9689 0.0763 0.2353
vn 0.9444 0.0825 0.3183
vn -0.7230 -0.1565 -0.6729
vn 0.1883 0.7770 0.6007
vn 0.2280 0.7857 0.5751
vn 0.3588 0.7256 0.5872
vn -0.9098 0.3937 0.1313
vn -0.9669 0.1776 0.1835
vn -0.7855 -0.3597 -0.5036
vn -0.8356 -0.4441 -0.3233
vn -0.7396 -0.4503 -0.5003
vn -0.6320 -0.3685 -0.6818
vn -0.3743 -0.1506 -0.9150
vn -0.2118 -0.3015 -0.9296
vn -0.9248 -0.2678 0.2702
vn -0.9174 -0.2106 0.3378
vn -0.8523 -0.2978 0.4300
vn -0.8697 -0.2815 0.4055
vn -0.9623 -0.0473 0.2679
vn -0.5245 -0.2720 -0.8068
vn -0.2676 -0.0692 -0.9610
vn -0.2587 -0.0595 -0.9641
vn -0.2606 -0.2492 -0.9327
vn -0.1794 -0.2582 -0.9493
vn -0.3351 -0.1997 -0.9208
vn 0.6190 0.7844 -0.0389
vn 0.7276 0.6858 -0.0150
vn -0.5112 -0.1392 -0.8481
vn -0.5361 -0.0666 -0.8415
vn -0.5125 -0.0670 -0.8561
vn -0.4485 -0.1435 -0.8822
vn -0.5912 -0.0925 -0.8012
vn -0.3982 -0.8980 -0.1870
vn -0.9108 -0.3086 -0.2744
vn -0.7891 -0.2947 -0.5389
vn -0.9372 -0.3423 -0.0666
vn -0.9938 -0.1111 0.0082
vn -0.7677 -0.1891 -0.6123
vn -0.6527 -0.2927 -0.6988
vn -0.4662 -0.3490 -0.8129
vn -0.3730 -0.3286 -0.8677
vn -0.5535 0.0856 -0.8284
vn -0.3470 -0.1182 -0.9304
vn -0.5193 -0.3186 -0.7930
vn -0.4390 0.5920 -0.6758
vn -0.3650 0.6415 -0.6748
vn -0.3512 0.5470 -0.7599
vn -0.4271 0.4990 -0.7540
vn -0.4574 0.6966 -0.5528
vn -0.3963 0.7281 -0.5593
vn -0.4121 0.3624 -0.8360
vn 0.9243 0.0497 0.3783
vn 0.6624 -0.6989 0.2697
vn 0.6603 -0.7304 0.1749
vn 0.9609 0.0094 0.2766
vn -0.6614 0.0359 -0.7491
vn -0.7057 -0.2240 -0.6722
vn -0.4940 -0.3187 -0.8090
vn -0.5972 -0.3253 -0.7331
vn -0.5984 0.0202 -0.8010
vn -0.5226 -0.1201 -0.8441
vn -0.4737 -0.2444 -0.8461
vn -0.6133 0.0061 -0.7898
vn -0.6496 0.1494 -0.7454
vn -0.8125 0.1681 -0.5583
vn -0.8632 0.1581 -0.4795
vn -0.8419 0.0269 -0.5390
vn -0.8000 0.0980 -0.5920
vn 0.7080 0.6078 -0.3595
vn -0.1576 -0.3158 -0.9356
vn -0.0015 -0.5846 -0.8113
vn 0.0193 0.2128 -0.9769
vn 0.0894 0.2018 -0.9753
vn 0.0688 -0.5845 -0.8085
vn -0.3229 0.9435 -0.0738
vn -0.3279 0.9198 -0.2156
vn -0.3530 0.9011 -0.2517
vn -0.3438 0.9316 -0.1178
vn -0.4312 0.8887 -0.1557
vn -0.4899 0.8575 -0.1570
vn -0.4919 0.8666 -0.0838
vn -0.4286 0.9017 -0.0572
vn -0.4286 0.8593 -0.2792
vn -0.4098 0.8112 -0.4172
vn -0.3588 0.7320 -0.5792
vn -0.4451 0.8031 -0.3961
vn -0.3261 0.8568 -0.3994
vn -0.3540 0.8374 -0.4165
vn -0.3178 0.7336 -0.6007
vn -0.6529 0.2600 -0.7115
vn -0.6680 0.2491 -0.7013
vn -0.5855 0.0821 -0.8065
vn -0.1126 0.0298 -0.9932
vn -0.6805 0.1902 -0.7076
vn -0.7466 0.2234 -0.6266
vn -0.3580 0.1061 -0.9277
vn 0.1534 -0.3853 0.9100
vn -0.6188 -0.3210 0.7170
vn -0.4004 -0.3394 0.8512
vn 0.1125 -0.2713 0.9559
vn -0.4194 -0.0458 -0.9067
vn -0.5841 0.1549 -0.7968
vn -0.3652 -0.0697 -0.9283
vn -0.1964 -0.2393 -0.9509
vn -0.7366 -0.1952 -0.6475
vn -0.7615 -0.1623 -0.6276
vn -0.1548 0.5587 -0.8148
vn -0.0389 -0.3435 -0.9384
vn 0.5240 0.1561 0.8373
vn 0.5574 0.1789 0.8107
vn 0.6986 0.3262 0.6368
vn 0.6856 0.2931 0.6664
vn 0.9979 0.0015 -0.0642
vn 0.9995 -0.0021 0.0311
vn 0.9981 0.0465 -0.0411
vn -0.7021 0.0585 -0.7097
vn -0.7861 -0.1892 -0.5884
vn -0.7133 0.2411 -0.6580
vn -0.5155 -0.7456 -0.4224
vn -0.6696 -0.3350 -0.6629
vn -0.4489 -0.7534 -0.4805
vn -0.6749 0.3491 -0.6502
vn -0.6744 0.2257 -0.7030
vn -0.6937 0.3019 -0.6539
vn -0.6735 0.3023 -0.6746
vn 0.9070 -0.3413 -0.2468
vn 0.9082 -0.2857 -0.3058
vn 0.8898 -0.3432 -0.3008
vn 0.0677 -0.0511 -0.9964
vn -0.1123 0.0597 -0.9919
vn -0.2073 -0.3257 -0.9225
vn 0.0001 -0.0845 -0.9964
vn -0.6414 0.3068 -0.7032
vn -0.3083 0.6629 -0.6823
vn -0.2633 0.6613 -0.7024
vn -0.0017 -0.2912 0.9567
vn -0.0071 -0.2941 0.9557
vn -0.0010 -0.2495 0.9684
vn 0.0028 -0.2464 0.9692
vn 0.7876 0.6102 -0.0852
vn 0.7687 0.6388 -0.0338
vn 0.7811 0.6232 0.0385
vn 0.8041 0.5939 -0.0247
vn -0.5526 0.1457 -0.8206
vn -0.3974 -0.1000 -0.9122
vn -0.0230 -0.4378 -0.8988
vn -0.2008 -0.3307 -0.9221
vn -0.0519 -0.4675 -0.8825
vn 0.0359 -0.4982 -0.8663
vn 0.0068 -0.5184 -0.8551
vn 0.0339 -0.5263 -0.8496
vn -0.5001 -0.6904 -0.5227
vn -0.6406 -0.2765 -0.7164
vn -0.5800 -0.6228 -0.5250
vn -0.6962 -0.2825 -0.6600
vn 0.2772 -0.4622 0.8423
vn 0.4648 -0.4001 0.7898
vn -0.9518 0.0362 0.3044
vn -0.9791 0.0701 0.1907
vn -0.9538 0.2177 0.2070
vn -0.9232 0.2042 0.3257
vn 0.5205 0.3915 0.7589
vn 0.6596 0.5409 0.5218
vn 0.6415 0.5597 0.5246
vn 0.5038 0.4079 0.7615
vn 0.8466 0.1557 -0.5090
vn 0.7901 0.1528 -0.5936
vn 0.8456 0.2459 -0.4739
vn 0.8831 0.1974 -0.4256
vn 0.0516 0.3629 -0.9304
vn 0.0126 0.3420 -0.9396
vn 0.0210 0.3310 -0.9434
vn 0.0375 0.3100 -0.9500
vn -0.3106 -0.6923 -0.6514
vn -0.4395 -0.6077 -0.6615
vn -0.3217 0.8640 -0.3874
vn -0.2906 0.7349 -0.6128
vn -0.3414 0.9195 -0.1950
vn -0.3072 0.8673 -0.3916
vn -0.3355 0.9212 -0.1970
vn 0.9359 -0.3419 0.0849
vn 0.9417 -0.3297 0.0670
vn 0.8617 -0.4808 0.1621
vn 0.8549 -0.4756 0.2073
vn -0.3460 -0.4930 -0.7982
vn -0.3805 -0.6717 -0.6356
vn -0.9495 -0.1692 -0.2642
vn -0.9467 -0.2308 -0.2246
vn -0.7920 -0.2832 -0.5408
vn -0.8046 -0.2380 -0.5440
vn 0.0892 -0.0620 -0.9941
vn -0.0039 0.0185 0.9998
vn -0.0029 0.0280 0.9996
vn 0.0243 0.0240 0.9994
vn 0.0074 0.0086 0.9999
vn -0.8081 0.1166 -0.5774
vn -0.1179 0.1087 -0.9871
vn -0.6275 0.1449 -0.7650
vn -0.7186 0.1333 -0.6825
vn 0.8525 0.5063 0.1300
vn 0.8323 0.4939 0.2517
vn -0.2399 0.1036 0.9653
vn -0.2342 0.0485 0.9710
vn -0.3538 0.1119 -0.9286
vn 0.7571 0.3285 0.5647
vn 0.6355 0.1916 0.7479
vn 0.7164 0.2097 0.6655
vn 0.8176 0.3255 0.4749
vn -0.2356 0.6464 -0.7257
vn 0.4989 0.8277 0.2570
vn 0.4366 0.7267 0.5304
vn 0.5485 0.6461 0.5307
vn 0.6111 0.7472 0.2612
vn -0.2779 0.0443 -0.9596
vn 0.1708 0.7653 0.6207
vn -0.7989 0.5965 -0.0772
vn -0.8703 0.3947 -0.2946
vn -0.3995 0.8618 0.3128
vn -0.2741 -0.0966 -0.9568
vn -0.3144 -0.7069 -0.6336
vn 0.7857 0.3518 -0.5088
vn 0.8351 0.4311 -0.3416
vn -0.3312 -0.4694 -0.8185
vn -0.3368 -0.3126 -0.8882
vn -0.2050 -0.1968 -0.9588
vn -0.3188 -0.5219 -0.7912
vn 0.0374 0.3603 -0.9321
vn 0.9917 0.1271 -0.0169
vn -0.8684 0.3968 -0.2974
vn 0.6907 -0.0099 -0.7230
vn 0.6156 -0.1034 -0.7813
vn 0.6577 -0.2383 -0.7146
vn 0.7356 -0.0905 -0.6713
vn 0.3008 0.5232 0.7973
vn 0.4068 0.3827 0.8295
vn 0.4155 0.2578 0.8723
vn 0.3141 0.4301 0.8464
vn -0.4776 0.2391 -0.8454
vn -0.4382 0.2370 -0.8671
vn -0.3261 0.2714 -0.9056
vn -0.3608 0.2769 -0.8906
vn -0.4455 -0.0498 -0.8939
vn -0.5355 -0.2393 0.8099
vn -0.3749 -0.2465 0.8937
vn -0.3704 -0.1805 0.9112
vn -0.5268 -0.1743 0.8319
vn -0.4123 -0.0298 -0.9106
vn -0.4339 -0.0382 -0.9001
vn -0.1048 0.0247 -0.9942
vn -0.0904 0.0199 -0.9957
vn -0.0826 0.4476 -0.8904
vn -0.1202 0.5078 -0.8531
vn -0.0794 0.4932 -0.8663
vn -0.0700 0.4201 -0.9048
vn 0.1993 0.9568 0.2115
vn 0.5806 0.7719 0.2588
vn 0.9833 -0.0812 0.1626
vn 0.9743 -0.0074 0.2251
vn 0.9980 -0.0155 -0.0611
vn 0.9930 -0.0817 -0.0852
vn -0.2156 0.2895 -0.9326
vn -0.2393 0.3084 -0.9207
vn -0.1774 -0.0618 -0.9822
vn -0.7459 0.1392 -0.6513
vn -0.6897 0.1624 -0.7056
vn -0.6151 0.1965 -0.7635
vn -0.8604 -0.3497 0.3707
vn -0.9073 -0.1610 0.3884
vn -0.9012 -0.1158 0.4177
vn 0.9935 0.1042 -0.0453
vn -0.3116 0.7380 0.5986
vn -0.2644 0.7587 0.5954
vn -0.2696 0.7252 0.6336
vn -0.3049 0.7147 0.6295
vn -0.3203 0.7351 -0.5975
vn -0.3268 0.7415 -0.5860
vn -0.2772 0.6223 -0.7321
vn -0.2764 0.3011 -0.9127
vn -0.5288 0.8383 -0.1324
vn -0.5314 0.8425 -0.0887
vn 0.8947 -0.1380 -0.4248
vn 0.9228 -0.1331 -0.3614
vn 0.9313 -0.0483 -0.3610
vn 0.9095 -0.0185 -0.4152
vn -0.2767 -0.2043 0.9390
vn -0.2838 -0.3055 0.9089
vn -0.9828 0.1334 -0.1278
vn -0.7892 0.5797 -0.2028
vn -0.7985 0.5955 -0.0881
vn 0.2099 -0.0581 -0.9760
vn 0.3705 -0.1557 -0.9157
vn 0.5839 0.1704 -0.7938
vn 0.5419 0.2074 -0.8144
vn -0.6674 0.7377 -0.1022
vn -0.5990 0.7933 -0.1088
vn -0.5929 0.7738 -0.2230
vn -0.6696 0.7109 -0.2151
vn -0.6610 0.6617 -0.3539
vn -0.6513 0.5451 -0.5279
vn -0.6905 0.6343 -0.3476
vn -0.9949 -0.0828 0.0573
vn -0.9971 -0.0483 0.0586
vn -0.9855 -0.1042 -0.1336
vn -0.9811 -0.1387 -0.1351
vn 0.1909 -0.4129 -0.8905
vn -0.5779 0.7318 -0.3614
vn -0.6052 0.4607 -0.6492
vn -0.5731 0.4007 -0.7149
vn -0.7003 0.6690 0.2491
vn -0.6613 0.7109 0.2393
vn -0.6661 0.7431 0.0645
vn -0.6990 0.7109 0.0781
vn -0.3734 -0.0652 -0.9254
vn -0.4814 0.2403 -0.8429
vn -0.8153 0.5717 0.0917
vn -0.8175 0.5759 -0.0065
vn -0.4339 0.1700 0.8848
vn -0.5138 0.1200 0.8495
vn -0.6469 0.2727 0.7122
vn -0.5350 -0.3097 -0.7860
vn -0.7130 -0.4675 -0.5226
vn -0.5682 -0.5691 -0.5943
vn -0.4111 -0.3594 -0.8378
vn -0.4066 0.8852 0.2261
vn -0.9385 -0.3441 0.0278
vn -0.4933 -0.6058 -0.6242
vn -0.3694 -0.3788 -0.8485
vn -0.3595 -0.0714 -0.9304
vn -0.2741 0.9607 0.0432
vn -0.8673 -0.4415 -0.2299
vn -0.9293 -0.3689 -0.0203
vn 0.0964 0.0464 -0.9943
vn -0.6579 -0.3687 -0.6567
vn -0.5223 -0.3104 -0.7942
vn 0.3747 -0.7798 -0.5015
vn 0.7933 0.6072 -0.0450
vn 0.7891 0.6064 -0.0981
vn -0.9332 -0.3500 -0.0816
vn -0.9288 -0.3488 0.1249
vn -0.9303 -0.1989 0.3083
vn -0.9293 -0.2558 0.2663
vn -0.9253 -0.2920 0.2421
vn -0.9757 -0.1765 0.1298
vn -0.1583 -0.0500 -0.9861
vn -0.0972 -0.0226 -0.9950
vn -0.9854 -0.1651 0.0403
vn -0.9386 -0.2475 0.2405
vn -0.9609 -0.2009 0.1906
vn -0.9938 -0.1115 0.0009
vn -0.9888 0.1126 0.0983
vn -0.9840 0.1766 -0.0239
vn -0.9993 0.0335 -0.0159
vn -0.9855 -0.0397 0.1651
vn -0.9060 -0.2906 0.3079
vn -0.9957 -0.0615 -0.0692
vn -0.9881 -0.0629 -0.1405
vn -0.9909 0.0466 -0.1263
vn -0.9975 0.0514 -0.0480
vn -0.9950 0.0611 -0.0790
vn -0.9984 -0.0545 -0.0127
vn -0.9984 -0.0561 0.0038
vn -0.9882 0.0907 -0.1232
vn -0.9301 0.0493 -0.3641
vn -0.9886 -0.1205 -0.0900
vn -0.9906 -0.0948 0.0983
vn 0.0010 0.0083 -1.0000
vn -0.0308 -0.0128 -0.9994
vn -0.9872 0.0236 0.1577
vn -0.5145 0.8213 -0.2467
vn -0.4901 0.7873 -0.3741
vn -0.4761 0.8358 -0.2735
vn -0.9911 0.1065 0.0796
vn -0.9956 0.0773 -0.0522
vn -0.9942 0.0827 -0.0692
vn -0.9682 0.1167 -0.2212
vn -0.9861 0.0615 -0.1540
vn -0.9778 0.1667 -0.1272
vn 0.9888 -0.1466 0.0265
vn -0.9755 -0.1739 0.1344
vn -0.9894 -0.1124 0.0919
vn 0.1679 0.0049 -0.9858
vn 0.1486 0.0146 -0.9888
vn -0.9539 0.0443 -0.2969
vn -0.9916 0.1281 -0.0176
vn -0.9984 -0.0242 0.0505
vn 0.1301 0.0264 -0.9912
vn -0.4030 -0.0066 0.9152
vn -0.3492 0.0338 0.9364
vn -0.4624 0.1639 0.8714
vn -0.6511 -0.6958 0.3032
vn -0.6189 -0.6884 0.3783
vn 0.6026 -0.7674 -0.2188
vn 0.6358 -0.7583 -0.1440
vn -0.9552 -0.1081 0.2755
vn -0.9339 -0.0788 0.3489
vn -0.2711 -0.1125 -0.9560
vn 0.1054 0.0045 -0.9944
vn 0.0888 -0.0393 -0.9953
vn -0.4199 -0.1578 -0.8938
vn -0.5140 -0.1640 -0.8420
vn -0.3516 0.9342 -0.0601
vn -0.3382 0.9393 -0.0568
vn -0.3369 0.9385 0.0753
vn -0.3543 0.9318 0.0790
vn -0.8642 -0.1300 0.4860
vn -0.9121 0.0977 0.3982
vn -0.9370 0.2264 0.2659
vn -0.9090 -0.0690 0.4110
vn -0.4146 0.7459 0.5212
vn -0.4849 0.8401 0.2429
vn -0.5748 0.7833 0.2367
vn -0.5147 0.6803 0.5217
vn -0.5872 -0.1464 -0.7961
vn -0.6497 -0.2031 -0.7326
vn -0.7683 0.6394 -0.0286
vn -0.7597 0.6430 -0.0971
vn -0.2162 0.9759 -0.0282
vn -0.2128 0.9771 -0.0035
vn -0.4242 -0.8966 0.1268
vn -0.4274 -0.9020 -0.0606
vn -0.4586 -0.8860 -0.0686
vn -0.4575 -0.8816 0.1157
vn -0.8977 -0.2992 -0.3234
vn -0.6928 -0.2395 -0.6802
vn 0.0015 0.2857 -0.9583
vn -0.0024 0.2156 -0.9765
vn 0.0119 0.2081 -0.9780
vn 0.0144 0.2774 -0.9606
vn 0.2887 0.1242 0.9493
vn 0.2879 -0.1431 0.9469
vn 0.3405 -0.0999 0.9349
vn 0.3226 0.1386 0.9363
vn -0.2760 0.7459 -0.6061
vn -0.2330 0.7169 -0.6570
vn 0.0061 -0.0162 -0.9999
vn 0.0528 0.0257 -0.9983
vn -0.1957 -0.8943 0.4024
vn -0.7326 -0.2678 -0.6257
vn -0.6354 -0.2383 -0.7345
vn 0.7629 0.6465 0.0017
vn 0.7247 0.6791 0.1166
vn -0.2465 -0.0128 -0.9690
vn -0.3215 -0.1069 -0.9409
vn -0.8458 -0.3883 0.3658
vn -0.8250 -0.3635 0.4327
vn -0.7808 0.0415 0.6235
vn -0.8179 -0.0083 0.5753
vn -0.0217 0.5316 -0.8467
vn -0.0157 0.4872 -0.8731
vn -0.0846 0.5469 -0.8329
vn -0.7722 -0.2930 -0.5638
vn -0.5653 -0.6361 -0.5251
vn 0.8244 0.0467 -0.5641
vn 0.9782 -0.0823 -0.1907
vn 0.0102 0.2137 -0.9768
vn 0.0458 0.2070 -0.9773
vn 0.0857 0.0739 -0.9936
vn 0.0189 0.0878 -0.9960
vn -0.3736 0.9138 -0.1592
vn -0.3455 0.9381 0.0241
vn -0.3772 0.9159 -0.1374
vn -0.7045 0.3080 -0.6394
vn 0.1170 0.0632 -0.9911
vn 0.0884 0.1568 -0.9837
vn 0.0361 0.0554 -0.9978
vn -0.1105 0.0340 -0.9933
vn -0.3699 0.8510 -0.3727
vn -0.3695 0.8569 -0.3594
vn -0.2655 0.9136 -0.3081
vn -0.2377 0.8234 -0.5152
vn 0.2657 0.0717 0.9614
vn 0.2881 0.0742 0.9547
vn 0.3454 0.0092 0.9384
vn 0.2919 0.0030 0.9564
vn 0.0375 0.2017 -0.9787
vn -0.0397 0.3275 -0.9440
vn -0.0200 0.3704 -0.9286
vn -0.0118 0.4065 -0.9136
vn 0.0332 0.3967 -0.9174
vn 0.0409 0.2959 -0.9543
vn -0.0019 0.3054 -0.9522
vn 0.0491 0.2678 -0.9622
vn -0.3282 0.9214 0.2083
vn -0.3059 0.9374 0.1663
vn 0.0009 0.2322 -0.9727
vn 0.0155 0.4714 -0.8818
vn -0.9620 0.2590 0.0866
vn -0.9688 0.2435 0.0461
vn -0.9756 -0.2194 0.0112
vn -0.9745 -0.2200 0.0441
vn -0.7160 0.3857 -0.5818
vn 0.0221 0.4790 -0.8775
vn -0.2749 -0.0094 0.9614
vn -0.2718 0.0192 0.9622
vn -0.2309 0.0198 0.9728
vn -0.2285 -0.0145 0.9734
vn -0.0982 0.5213 -0.8477
vn -0.1800 0.6035 -0.7768
vn -0.0836 0.4864 -0.8698
vn -0.1408 0.5329 -0.8344
vn -0.1056 0.5794 -0.8082
vn -0.1455 0.5730 -0.8065
vn -0.1747 0.6289 -0.7576
vn 0.0833 0.2683 -0.9597
vn 0.0169 0.2792 -0.9601
vn -0.0199 0.3910 -0.9202
vn 0.0009 0.3924 -0.9198
vn -0.0173 0.3964 -0.9179
vn -0.1980 0.5238 -0.8285
vn -0.0907 0.5826 -0.8077
vn -0.1101 0.4596 -0.8813
vn -0.4430 0.8950 0.0520
vn -0.4335 0.8875 -0.1564
vn -0.6825 0.6890 -0.2438
vn -0.5857 0.8101 0.0267
vn -0.0710 0.5238 -0.8489
vn -0.0411 0.5456 -0.8370
vn -0.1132 0.7815 0.6136
vn -0.0829 0.7671 0.6361
vn -0.1458 0.6629 0.7344
vn -0.2020 0.6783 0.7065
vn -0.0265 0.4913 -0.8706
vn -0.0067 0.5232 -0.8522
vn -0.0463 0.4209 -0.9059
vn -0.0547 0.4163 -0.9076
vn 0.0080 0.5127 -0.8585
vn 0.0092 0.5199 -0.8542
vn 0.8735 -0.2100 0.4391
vn 0.8696 -0.2507 0.4253
vn 0.7360 0.0986 0.6697
vn 0.7464 0.1421 0.6502
vn 0.8211 -0.1852 0.5400
vn 0.8463 0.2757 0.4558
vn 0.9486 0.2348 0.2122
vn 0.9340 -0.2507 0.2546
vn -0.1237 0.0526 0.9909
vn -0.0853 0.0499 0.9951
vn -0.1279 0.0155 0.9917
vn -0.1815 0.0194 0.9832
vn -0.0800 -0.0250 0.9965
vn -0.0452 -0.0272 0.9986
vn -0.0475 -0.0435 0.9979
vn -0.0586 -0.0436 0.9973
vn -0.3692 -0.0160 0.9292
vn -0.4025 -0.1270 0.9066
vn -0.2720 -0.0792 0.9590
vn -0.2528 0.0155 0.9674
vn -0.1248 -0.0232 0.9919
vn -0.0781 0.0075 0.9969
vn -0.0505 0.0374 0.9980
vn -0.0248 0.0184 0.9995
vn -0.0395 -0.0025 0.9992
vn -0.1747 -0.5020 0.8470
vn -0.1899 -0.4471 0.8741
vn -0.2559 -0.4189 0.8712
vn -0.2434 -0.4822 0.8416
vn -0.0098 0.0162 0.9998
vn -0.0126 0.0030 0.9999
vn -0.1287 -0.4990 0.8570
vn -0.1329 -0.4343 0.8909
vn -0.1187 -0.4252 0.8973
vn -0.1160 -0.4925 0.8626
vn -0.1480 -0.0686 0.9866
vn -0.1350 -0.4709 0.8718
vn -0.1032 -0.4661 0.8787
vn -0.0814 -0.0854 0.9930
vn -0.0509 -0.4940 0.8680
vn 0.4670 0.0309 0.8837
vn 0.5419 -0.0872 0.8359
vn 0.5628 -0.1878 0.8050
vn 0.4737 -0.0443 0.8796
vn -0.1768 -0.0191 0.9841
vn -0.3038 0.0173 0.9526
vn -0.3148 -0.0063 0.9491
vn -0.0901 -0.1934 0.9770
vn -0.1218 -0.1939 0.9734
vn -0.3281 0.0154 0.9445
vn -0.2955 0.0164 0.9552
vn -0.3820 -0.0059 0.9241
vn -0.4127 -0.0091 0.9108
vn -0.1935 0.0433 0.9801
vn -0.1607 0.0492 0.9858
vn 0.7885 0.6149 0.0083
vn -0.3491 -0.0080 0.9370
vn -0.3789 -0.0146 0.9253
vn -0.3554 0.0052 0.9347
vn -0.3304 0.0131 0.9438
vn -0.2446 0.0308 0.9691
vn -0.2211 0.0370 0.9746
vn -0.2676 0.0237 0.9632
vn -0.4046 -0.0255 0.9141
vn -0.4285 -0.0303 0.9030
vn 0.1782 -0.2185 0.9594
vn 0.1986 -0.3753 0.9054
vn 0.1022 -0.2986 0.9489
vn 0.1656 -0.2678 0.9491
vn -0.8458 -0.1780 0.5030
vn -0.8428 -0.0125 0.5382
vn 0.9818 0.0619 0.1795
vn 0.9701 0.0623 0.2348
vn 0.9575 0.1719 0.2317
vn 0.9759 0.1514 0.1572
vn -0.1268 -0.0795 0.9887
vn -0.3015 -0.6928 0.6551
vn -0.1405 -0.7049 0.6953
vn -0.4211 0.1082 0.9006
vn -0.4394 0.0300 0.8978
vn -0.4563 0.0117 0.8897
vn -0.4726 0.1259 0.8722
vn 0.1819 -0.1529 0.9714
vn 0.2356 -0.3894 0.8904
vn 0.0772 -0.0720 0.9944
vn 0.1225 0.0882 0.9885
vn 0.0667 0.1020 0.9925
vn -0.1088 -0.0893 0.9900
vn -0.2924 0.0757 0.9533
vn -0.0608 -0.1490 0.9870
vn -0.2852 0.0462 0.9574
vn -0.3428 0.0355 0.9387
vn -0.4154 0.1964 0.8882
vn -0.2394 0.0370 0.9702
vn -0.7209 -0.0967 0.6862
vn -0.8682 -0.0650 0.4920
vn -0.8849 0.0745 0.4599
vn -0.7354 0.1299 0.6651
vn 0.1031 0.5942 -0.7977
vn 0.1656 0.6496 -0.7420
vn 0.9979 -0.0620 -0.0160
vn 0.9644 0.2592 -0.0523
vn 0.9632 0.2669 -0.0309
vn -0.4756 0.2992 0.8272
vn -0.3445 0.1252 0.9304
vn -0.1956 -0.0471 0.9796
vn -0.3868 0.2003 0.9002
vn 0.0991 -0.2678 0.9584
vn -0.0312 -0.1917 0.9810
vn 0.0357 -0.1357 0.9901
vn 0.0779 -0.0970 0.9922
vn 0.0886 -0.0370 0.9954
vn 0.0900 0.0131 0.9959
vn -0.0721 -0.1367 0.9880
vn -0.0954 -0.1705 0.9807
vn -0.1405 -0.3572 0.9234
vn -0.1149 -0.3148 0.9422
vn 0.5757 0.3858 -0.7209
vn 0.6138 0.3625 -0.7013
vn 0.6102 0.1894 -0.7692
vn -0.0188 0.0432 0.9989
vn 0.0038 0.0842 0.9964
vn -0.0327 -0.1060 0.9938
vn -0.2278 0.9731 -0.0346
vn -0.7593 0.6318 -0.1556
vn 0.0307 0.1039 0.9941
vn 0.0201 -0.0839 0.9963
vn 0.0970 0.0968 0.9906
vn 0.1708 0.0775 0.9822
vn 0.1571 -0.1322 0.9787
vn 0.0729 -0.1156 0.9906
vn -0.1007 -0.1058 0.9893
vn -0.0689 -0.2795 0.9577
vn -0.1635 -0.1216 0.9790
vn -0.3604 -0.9328 0.0028
vn -0.9293 -0.3694 -0.0011
vn -0.9280 -0.3720 -0.0213
vn -0.3556 -0.9346 -0.0072
vn -0.9154 -0.1313 0.3806
vn -0.9265 -0.0872 0.3660
vn -0.9381 -0.0956 0.3329
vn -0.9365 -0.1208 0.3292
vn -0.0830 0.1469 0.9857
vn -0.1569 0.1662 0.9735
vn -0.9405 -0.1601 0.2998
vn -0.9333 -0.1582 0.3225
vn -0.9364 -0.1702 0.3071
vn -0.0186 -0.1046 0.9943
vn 0.0050 0.1227 0.9924
vn 0.1615 0.0072 0.9868
vn 0.1170 -0.3007 0.9465
vn 0.1892 -0.2368 0.9530
vn 0.2115 0.0543 0.9759
vn -0.9886 -0.0074 0.1507
vn -0.9997 -0.0092 -0.0234
vn -0.9826 0.0642 -0.1743
vn -0.9560 -0.1237 0.2662
vn -0.9773 -0.0591 0.2035
vn -0.9948 -0.0132 0.1009
vn -0.9202 -0.1798 0.3477
vn -0.9322 -0.1511 0.3290
vn -0.9860 -0.1652 0.0248
vn -0.9870 -0.1560 0.0378
vn -0.9914 -0.1133 0.0659
vn -0.9605 -0.1789 0.2133
vn -0.9557 -0.1646 0.2439
vn -0.9561 -0.1751 0.2351
vn -0.9623 -0.1832 0.2013
vn -0.8966 -0.3987 -0.1930
vn -0.9598 -0.2132 -0.1826
vn -0.9573 -0.1916 -0.2166
vn -0.8911 -0.3976 -0.2188
vn -0.8997 -0.1650 0.4040
vn -0.8999 -0.1668 0.4029
vn -0.9710 0.2247 0.0814
vn -0.9729 0.2290 0.0315
vn -0.9399 0.2732 0.2046
vn -0.8943 -0.4469 0.0234
vn -0.8718 -0.4685 0.1427
vn -0.9582 -0.2284 0.1724
vn -0.9438 -0.1603 0.2889
vn -0.9492 -0.1424 0.2807
vn 0.0231 -0.4939 0.8692
vn 0.0218 -0.4721 0.8813
vn 0.0777 -0.5059 0.8591
vn 0.0800 -0.4923 0.8667
vn -0.9773 -0.1956 0.0819
vn -0.9794 -0.1984 0.0370
vn -0.9788 -0.1946 0.0640
vn -0.9750 -0.1914 0.1129
vn -0.9795 -0.1993 0.0281
vn -0.9505 -0.1278 0.2833
vn -0.9445 -0.1157 0.3076
vn -0.9590 -0.1478 0.2416
vn -0.9798 -0.1996 0.0115
vn -0.9586 -0.1769 0.2231
vn -0.9426 -0.1784 0.2824
vn -0.9920 -0.1262 -0.0070
vn -0.9583 -0.1785 0.2232
vn -0.9417 -0.1701 0.2903
vn -0.9755 -0.0820 0.2040
vn -0.9644 -0.0412 0.2612
vn -0.9470 0.1110 0.3015
vn -0.9084 0.3745 0.1859
vn -0.9041 0.3874 0.1802
vn -0.9459 0.1409 0.2922
vn -0.9733 0.1697 0.1546
vn -0.9039 0.4023 0.1455
vn -0.9086 0.4006 0.1181
vn -0.9915 0.1263 -0.0305
vn 0.9858 0.0627 0.1558
vn 0.9876 -0.0829 0.1330
vn 0.9853 -0.0939 0.1429
vn -0.9593 0.2177 0.1799
vn -0.9074 0.4009 0.1263
vn -0.9249 0.3802 0.0041
vn -0.9260 0.3774 0.0041
vn -0.9828 0.1433 0.1168
vn 0.6802 0.0844 -0.7281
vn -0.9492 0.1577 0.2724
vn -0.9112 0.3855 0.1454
vn -0.9416 0.2617 0.2121
vn -0.9219 0.3857 -0.0369
vn -0.9261 0.3360 0.1716
vn -0.9528 0.0463 0.3000
vn -0.9364 -0.0386 0.3489
vn -0.9128 -0.0915 0.3981
vn -0.9191 -0.1084 0.3788
vn -0.9721 -0.0814 0.2198
vn -0.9760 -0.0781 0.2033
vn -0.9146 -0.1001 0.3917
vn -0.9318 0.1145 0.3446
vn -0.9303 0.0623 0.3615
vn -0.9132 -0.3224 -0.2491
vn -0.9941 -0.0509 -0.0960
vn -0.9426 -0.3297 -0.0531
vn -0.8814 -0.1930 0.4312
vn 0.9879 0.0638 0.1416
vn -0.8735 0.3903 0.2909
vn -0.8879 0.3653 0.2795
vn 0.9699 0.2201 0.1042
vn 0.9099 0.2339 0.3426
vn 0.8797 0.2260 0.4185
vn 0.9673 0.2327 0.1012
vn -0.9493 0.2393 0.2038
vn -0.2865 0.1954 0.9379
vn -0.3079 0.0900 0.9472
vn -0.2928 0.0330 0.9556
vn -0.9997 0.0097 -0.0230
vn -0.9993 0.0377 0.0011
vn -0.9900 -0.1365 0.0364
vn -0.9994 -0.0251 0.0252
vn -0.9908 0.1245 0.0535
vn -0.9779 0.1963 0.0726
vn -0.9700 0.2164 -0.1105
vn -0.9809 0.1442 -0.1304
vn -0.0080 0.0530 0.9986
vn -0.9987 0.0506 0.0013
vn -0.9798 0.0611 -0.1903
vn -0.9163 0.0037 0.4004
vn -0.8957 0.1987 0.3977
vn -0.9886 0.1262 0.0819
vn -0.9815 0.1763 0.0752
vn -0.9722 0.2341 0.0098
vn -0.9967 0.0816 0.0033
vn -0.9789 0.0969 -0.1800
vn -0.9513 0.2542 -0.1744
vn 0.4637 0.1256 0.8770
vn 0.4833 -0.0761 0.8721
vn -0.9936 0.0893 0.0693
vn -0.8425 -0.0730 0.5338
vn -0.9084 -0.4178 -0.0174
vn -0.9744 -0.2245 -0.0067
vn -0.9548 -0.0977 0.2807
vn -0.9227 -0.1392 0.3595
vn -0.3733 -0.2940 0.8799
vn -0.3793 -0.2246 0.8976
vn -0.5248 -0.1635 0.8354
vn -0.5164 -0.2981 0.8028
vn -0.8485 -0.4378 0.2972
vn -0.9201 -0.2146 0.3275
vn 0.9630 -0.1849 0.1962
vn 0.9781 -0.2042 0.0391
vn 0.9579 -0.2809 0.0596
vn 0.9416 -0.2610 0.2127
vn -0.8859 0.2527 0.3890
vn -0.9046 0.2708 0.3293
vn -0.9030 -0.1714 0.3940
vn -0.9262 -0.1509 0.3454
vn -0.9160 -0.1309 0.3792
vn -0.8839 -0.1515 0.4425
vn -0.9041 -0.0925 0.4173
vn -0.9765 -0.0468 -0.2105
vn -0.9803 -0.0217 -0.1962
vn -0.9270 0.0412 -0.3728
vn -0.9159 0.0004 -0.4014
vn -0.9211 -0.1864 0.3418
vn -0.8625 0.3795 0.3346
vn -0.9253 0.1559 0.3456
vn -0.2089 -0.2509 0.9452
vn -0.3440 -0.2307 0.9102
vn -0.9780 -0.2063 -0.0321
vn -0.9594 -0.2778 -0.0481
vn -0.9632 -0.2670 -0.0301
vn -0.9816 -0.1905 -0.0123
vn -0.9262 -0.1554 0.3435
vn -0.9566 0.0163 0.2910
vn -0.9540 0.0995 0.2828
vn -0.9424 0.2802 0.1829
vn -0.9277 0.3359 0.1628
vn -0.6698 -0.0826 0.7379
vn -0.7944 -0.1270 0.5939
vn -0.9142 -0.0622 0.4005
vn -0.9032 -0.0176 0.4289
vn -0.8896 -0.1457 0.4330
vn -0.9127 -0.1073 0.3944
vn -0.9392 0.0391 0.3411
vn -0.8468 0.3439 0.4058
vn -0.9021 0.1760 0.3940
vn -0.8541 0.1835 0.4867
vn -0.8701 0.0035 0.4928
vn -0.4128 -0.8775 -0.2440
vn -0.8170 0.3161 0.4823
vn -0.1824 -0.7228 0.6666
vn -0.9829 -0.1840 0.0085
vn -0.9852 -0.1711 -0.0128
vn -0.9819 -0.1873 -0.0284
vn -0.8847 0.3141 0.3445
vn -0.9658 -0.0334 0.2573
vn -0.8666 0.0187 0.4987
vn -0.8291 0.3057 0.4682
vn -0.9795 -0.0496 0.1952
vn -0.9118 0.0432 0.4084
vn -0.4869 0.8734 -0.0104
vn -0.7152 0.1200 0.6886
vn -0.7539 0.0168 0.6568
vn -0.6317 0.0941 0.7694
vn 0.4838 0.8463 0.2231
vn 0.4877 0.8368 0.2489
vn 0.9121 0.3295 0.2440
vn 0.9097 0.3312 0.2507
vn 0.9953 0.0807 0.0537
vn 0.9996 -0.0211 0.0165
vn 0.8524 0.2310 0.4691
vn 0.8483 0.2701 0.4555
vn -0.8679 -0.1660 0.4682
vn -0.8970 -0.3296 0.2946
vn -0.9075 -0.1827 0.3782
vn -0.8824 -0.1358 0.4505
vn -0.8664 -0.0986 0.4895
vn 0.0001 0.1992 0.9800
vn -0.0026 0.0743 0.9972
vn -0.0104 0.0748 0.9971
vn -0.0162 0.2028 0.9791
vn 0.6991 0.0538 -0.7129
vn 0.5973 0.0057 -0.8020
vn -0.7566 -0.2585 0.6006
vn -0.8354 -0.0924 0.5419
vn -0.8779 -0.0861 0.4710
vn -0.6043 -0.1566 0.7812
vn -0.7042 -0.2169 0.6761
vn -0.8644 0.0389 0.5013
vn -0.8109 -0.0705 0.5809
vn -0.7910 -0.1295 0.5980
vn 0.0019 0.6757 0.7372
vn -0.0438 0.6871 0.7252
vn -0.0485 0.6198 0.7832
vn -0.2871 0.6375 0.7150
vn -0.2977 0.5899 0.7506
vn -0.2208 0.6826 0.6966
vn -0.2321 0.7172 0.6571
vn -0.3969 0.4060 0.8232
vn -0.3418 0.5143 0.7865
vn -0.2505 0.6204 0.7432
vn -0.2923 0.5386 0.7902
vn -0.1602 0.7661 0.6225
vn -0.1792 0.7230 0.6672
vn -0.4644 -0.0938 0.8807
vn -0.1554 -0.0567 0.9862
vn -0.3056 -0.0071 0.9521
vn -0.0947 -0.0282 0.9951
vn -0.0539 -0.0377 0.9978
vn -0.0717 -0.0440 0.9965
vn 0.6148 0.4578 -0.6422
vn 0.7526 0.3942 0.5274
vn 0.8753 0.4068 0.2615
vn 0.8997 0.3453 0.2671
vn 0.7768 0.3334 0.5342
vn -0.9073 -0.4190 0.0356
vn -0.9340 -0.2836 -0.2171
vn 0.1627 -0.4805 0.8618
vn -0.3141 -0.2124 0.9253
vn -0.2800 -0.3594 0.8902
vn -0.8462 0.2358 0.4779
vn -0.8603 0.2671 0.4343
vn -0.7755 0.3118 0.5489
vn -0.7492 0.2959 0.5926
vn 0.8044 0.1705 0.5691
vn 0.8641 0.2668 0.4268
vn 0.8633 0.3546 0.3592
vn 0.8347 0.3106 0.4548
vn -0.3254 -0.0737 0.9427
vn -0.6375 0.3035 0.7082
vn -0.6861 -0.1291 0.7160
vn -0.6681 -0.3125 0.6752
vn 0.7082 0.1648 0.6865
vn 0.7872 0.2030 0.5824
vn -0.4159 0.1204 0.9014
vn 0.8498 -0.1382 -0.5086
vn 0.3110 -0.6753 -0.6687
vn 0.3802 -0.6860 -0.6203
vn -0.2929 -0.2945 0.9097
vn -0.1736 0.6647 0.7266
vn -0.1170 0.5348 0.8368
vn -0.1168 0.6385 0.7607
vn -0.2091 0.7362 0.6437
vn -0.1506 0.7265 0.6704
vn -0.1316 0.7588 0.6378
vn -0.1865 0.7585 0.6244
vn -0.2264 0.6978 0.6795
vn -0.0896 0.8326 0.5466
vn -0.0639 0.8345 0.5473
vn -0.1011 0.7087 0.6982
vn -0.2407 -0.4333 0.8685
vn -0.1764 -0.4509 0.8750
vn -0.2683 -0.0027 0.9633
vn -0.2660 0.1926 0.9445
vn -0.2475 -0.3958 0.8844
vn 0.9976 -0.0479 0.0495
vn 0.9950 -0.0528 -0.0848
vn 0.9941 -0.1018 -0.0376
vn 0.9977 -0.0615 0.0294
vn -0.9961 0.0533 0.0699
vn -0.9981 0.0511 0.0336
vn -0.9956 -0.0846 0.0404
vn -0.2138 -0.0346 0.9763
vn -0.7938 0.0926 0.6010
vn -0.6614 -0.0228 0.7497
vn 0.8199 0.0905 0.5654
vn 0.8896 0.1453 0.4330
vn 0.9124 0.0534 0.4058
vn 0.8507 0.0381 0.5243
vn -0.9017 -0.1033 0.4199
vn -0.8642 -0.1140 0.4900
vn -0.8116 -0.1382 0.5676
vn 0.8346 0.3384 -0.4347
vn 0.8762 0.4040 -0.2629
vn -0.7886 -0.1117 0.6046
vn -0.7656 -0.1056 0.6346
vn 0.5724 -0.2989 0.7636
vn 0.5955 -0.3966 0.6987
vn 0.6185 -0.1678 0.7676
vn 0.5005 -0.1324 0.8555
vn -0.7292 -0.0594 0.6817
vn -0.0204 0.8067 0.5905
vn 0.0033 0.7962 0.6051
vn 0.0033 0.7420 0.6703
vn -0.0437 0.7495 0.6606
vn 0.8053 -0.4522 0.3835
vn 0.5292 -0.7723 0.3513
vn -0.0492 0.5060 0.8611
vn -0.3621 0.7405 0.5662
vn -0.3422 0.7081 0.6177
vn 0.3858 0.8519 0.3541
vn 0.3930 0.8455 0.3614
vn -0.5638 -0.0199 0.8257
vn -0.0426 0.7216 0.6910
vn 0.0024 0.7084 0.7059
vn -0.1352 -0.1155 0.9841
vn -0.2175 -0.0711 0.9735
vn -0.1546 -0.0775 0.9849
vn -0.0729 -0.1203 0.9901
vn -0.2665 -0.0272 0.9635
vn -0.6116 0.3563 0.7064
vn -0.0501 -0.0560 0.9972
vn -0.9207 0.0323 -0.3888
vn -0.9155 0.0885 -0.3926
vn -0.9312 0.0917 -0.3529
vn -0.9351 0.0318 -0.3529
vn -0.8440 -0.1610 0.5116
vn -0.8736 -0.1276 0.4697
vn -0.7553 0.0441 0.6539
vn -0.7670 -0.0112 0.6415
vn -0.4553 -0.0361 0.8896
vn -0.9230 0.3515 0.1567
vn -0.9250 0.3313 0.1859
vn -0.8645 0.1216 0.4878
vn -0.0843 0.4498 0.8891
vn -0.0882 0.4432 0.8921
vn -0.5394 -0.0154 0.8419
vn -0.3731 -0.0432 0.9268
vn -0.3949 -0.0459 0.9176
vn -0.2562 -0.0373 0.9659
vn 0.9805 0.0014 0.1967
vn 0.9537 -0.2374 0.1845
vn 0.0844 0.4097 0.9083
vn 0.0738 0.4100 0.9091
vn 0.1156 0.8842 0.4525
vn 0.1320 0.8824 0.4515
vn -0.9396 0.0644 0.3362
vn -0.9508 0.2023 0.2348
vn -0.9387 0.2794 0.2021
vn -0.8905 0.3313 0.3118
vn -0.9149 0.0281 0.4027
vn -0.9378 0.1740 0.3003
vn -0.9107 0.1971 0.3631
vn 0.3181 -0.2775 -0.9065
vn 0.2499 -0.0981 -0.9633
vn -0.1561 -0.3346 -0.9293
vn -0.1982 -0.5869 -0.7850
vn -0.5393 -0.1073 0.8352
vn -0.8564 0.1497 0.4942
vn -0.7495 0.0062 0.6620
vn 0.0392 0.4185 0.9074
vn 0.0908 0.4507 0.8880
vn 0.1263 0.5369 0.8341
vn -0.3116 -0.0635 0.9481
vn -0.3396 -0.0603 0.9386
vn -0.0333 0.4181 0.9078
vn -0.0440 0.4095 0.9112
vn -0.0151 0.3917 0.9200
vn 0.9994 0.0051 0.0341
vn -0.2713 -0.0661 0.9602
vn 0.1190 0.0147 0.9928
vn 0.1256 0.0624 0.9901
vn 0.3838 0.0070 0.9234
vn 0.3753 -0.0403 0.9260
vn -0.3040 -0.0350 0.9520
vn -0.3434 -0.0373 0.9385
vn 0.7739 0.3212 0.5458
vn 0.7095 0.3637 0.6036
vn 0.5914 0.7154 0.3721
vn 0.6413 0.6875 0.3408
vn -0.9258 0.2925 0.2393
vn -0.9212 0.2698 0.2802
vn -0.8868 0.1621 0.4329
vn -0.8199 -0.0103 0.5724
vn -0.6662 -0.0710 0.7423
vn -0.4933 -0.0913 0.8650
vn -0.3473 -0.0953 0.9329
vn -0.4913 -0.0491 0.8696
vn -0.2318 -0.0729 0.9700
vn -0.2437 -0.0747 0.9670
vn -0.3273 -0.0546 0.9433
vn -0.2888 -0.0575 0.9557
vn -0.2875 0.6147 0.7345
vn -0.3086 0.4496 0.8382
vn -0.3714 0.2404 0.8968
vn -0.4969 0.4237 0.7573
vn 0.9718 -0.0766 0.2229
vn -0.2416 0.6625 0.7090
vn -0.2551 -0.0958 0.9622
vn -0.2358 -0.0903 0.9676
vn -0.4227 -0.0122 0.9062
vn -0.8657 -0.1661 0.4722
vn -0.2779 -0.0767 0.9575
vn -0.7838 -0.0369 0.6200
vn -0.8089 0.2474 0.5333
vn 0.3886 0.8999 -0.1980
vn 0.3529 0.9098 -0.2185
vn -0.2497 -0.0789 0.9651
vn -0.2838 -0.0539 0.9574
vn -0.2715 0.8055 0.5267
vn -0.3399 0.8940 0.2919
vn -0.4258 0.8659 0.2624
vn -0.3520 0.7749 0.5251
vn -0.3369 0.9415 -0.0074
vn -0.2298 0.9146 0.3328
vn -0.1704 0.8383 0.5180
vn -0.4656 0.8782 0.1098
vn -0.2163 -0.4224 0.8802
vn -0.2387 -0.2024 0.9498
vn -0.3864 -0.1693 0.9067
vn -0.3054 -0.3882 0.8695
vn -0.3075 -0.0634 0.9494
vn -0.3701 -0.0384 0.9282
vn -0.3642 -0.0043 0.9313
vn 0.3515 0.9234 0.1543
vn 0.3517 0.9348 0.0498
vn 0.3681 0.9241 0.1024
vn -0.8121 0.1854 0.5533
vn 0.9884 -0.1516 0.0054
vn 0.9835 -0.1785 -0.0311
vn -0.1562 0.8394 0.5206
vn -0.4642 0.2501 0.8497
vn -0.3480 0.0201 0.9373
vn -0.7826 0.1512 0.6038
vn -0.2731 -0.0717 0.9593
vn -0.4632 0.1329 0.8762
vn -0.4235 0.2875 0.8590
vn -0.5094 0.2295 0.8294
vn -0.5728 0.0730 0.8165
vn -0.8311 -0.1874 -0.5236
vn -0.8177 -0.2245 -0.5301
vn -0.9342 -0.2405 -0.2634
vn -0.9418 -0.2176 -0.2564
vn -0.5960 -0.0361 0.8021
vn -0.5191 -0.1640 0.8388
vn -0.5812 -0.0615 0.8114
vn -0.6263 -0.0559 0.7775
vn -0.4096 0.1495 0.8999
vn -0.2792 -0.0285 0.9598
vn -0.5218 0.3957 0.7557
vn -0.6062 0.6007 0.5211
vn -0.6393 0.5619 0.5249
vn -0.3773 0.0597 0.9242
vn -0.9651 -0.1996 0.1693
vn -0.9618 -0.2192 0.1639
vn -0.4568 0.1544 0.8761
vn 0.0735 -0.4606 0.8846
vn 0.0333 0.9860 -0.1637
vn 0.4006 0.1558 0.9029
vn 0.2357 0.2416 0.9413
vn 0.0213 0.9762 -0.2158
vn -0.7787 0.3003 0.5508
vn -0.6267 -0.1419 0.7662
vn -0.5777 0.1312 0.8056
vn -0.7030 0.2547 0.6640
vn -0.5550 -0.2451 -0.7949
vn -0.5862 -0.1742 -0.7912
vn -0.5412 0.1777 0.8219
vn -0.5477 0.2210 0.8070
vn -0.5541 -0.0199 0.8322
vn -0.4911 -0.1609 0.8561
vn -0.3182 0.9469 0.0459
vn -0.2206 0.1809 0.9584
vn -0.2189 0.8110 0.5426
vn -0.1689 -0.0487 0.9844
vn -0.3219 0.0631 0.9447
vn -0.0484 -0.0037 0.9988
vn 0.9629 0.2596 -0.0740
vn 0.9757 0.1945 -0.1014
vn 0.9578 0.1814 -0.2229
vn 0.9523 0.2508 -0.1737
vn -0.0469 -0.1230 0.9913
vn -0.6001 -0.0971 0.7940
vn -0.5857 -0.0647 0.8079
vn -0.5124 -0.1088 0.8519
vn -0.5391 -0.0488 0.8408
vn -0.9857 0.0550 0.1590
vn -0.1663 -0.4013 0.9007
vn -0.1376 -0.1977 0.9706
vn -0.6985 -0.1284 0.7040
vn -0.2034 0.7742 0.5993
vn 0.9934 0.0492 -0.1032
vn 0.9948 0.0532 -0.0868
vn 0.9961 -0.0235 -0.0849
vn -0.4184 -0.0470 0.9071
vn -0.2492 -0.0487 0.9672
vn -0.1157 -0.0370 0.9926
vn -0.6776 0.1878 0.7110
vn -0.8115 0.0769 0.5792
vn -0.4116 0.2836 0.8661
vn -0.3699 0.1831 0.9108
vn -0.5139 0.1357 0.8470
vn -0.5440 0.2176 0.8104
vn -0.4182 -0.2636 0.8693
vn -0.8500 -0.0044 0.5268
vn 0.2533 0.4919 0.8330
vn 0.1861 0.9172 0.3523
vn 0.1824 0.9411 0.2846
vn 0.3246 0.5456 0.7726
vn -0.2115 -0.1555 0.9649
vn -0.2465 -0.2066 0.9469
vn -0.2893 0.0941 0.9526
vn -0.3153 0.1229 0.9410
vn -0.6380 -0.6172 -0.4604
vn -0.6915 -0.5841 -0.4250
vn -0.4206 -0.2923 0.8589
vn -0.7152 0.6980 -0.0354
vn -0.8014 0.5974 -0.0302
vn -0.7938 0.6011 0.0923
vn -0.7194 0.6888 0.0899
vn 0.5714 -0.8203 0.0238
vn -0.2632 -0.2612 0.9287
vn -0.1509 0.7790 0.6086
vn -0.2668 0.6735 0.6894
vn -0.3476 0.6409 0.6844
vn -0.2176 0.7475 0.6276
vn -0.6389 0.1971 0.7436
vn -0.5639 0.1462 0.8128
vn -0.7160 0.1843 0.6733
vn -0.7416 0.2005 0.6402
vn 0.1556 -0.0216 -0.9876
vn 0.1729 0.0231 -0.9847
vn 0.1108 0.0407 -0.9930
vn 0.1003 -0.0063 -0.9949
vn 0.9815 -0.1911 0.0106
vn 0.1064 0.8875 -0.4484
vn 0.1305 0.8867 -0.4435
vn 0.0141 0.9817 0.1900
vn 0.0091 0.9820 0.1885
vn -0.5078 0.3181 0.8006
vn -0.4334 0.4188 0.7980
vn -0.5293 0.8471 -0.0464
vn -0.5155 0.8536 0.0752
vn -0.7199 0.6451 0.2560
vn -0.6552 0.5422 0.5261
vn -0.7651 0.4149 0.4924
vn -0.7196 0.4725 0.5087
vn -0.7844 0.5675 0.2502
vn -0.8304 0.5015 0.2427
vn 0.8627 -0.0441 -0.5038
vn 0.8338 -0.0215 -0.5516
vn 0.8569 0.0240 -0.5150
vn -0.6657 0.7419 -0.0800
vn -0.6671 0.7425 -0.0602
vn -0.5991 0.7984 -0.0612
vn -0.5994 0.7960 -0.0841
vn -0.7243 0.1494 0.6731
vn 0.9214 0.3884 -0.0108
vn 0.7989 0.5874 0.1293
vn 0.9092 0.4006 0.1132
vn -0.5920 0.8036 0.0614
vn -0.9865 0.1503 0.0643
vn -0.9879 0.1500 0.0401
vn -0.5347 0.3811 0.7542
vn -0.3874 0.2226 0.8946
vn -0.5989 0.3226 0.7330
vn -0.4980 0.1156 0.8594
vn -0.3479 0.0483 0.9363
vn -0.2969 0.0399 0.9541
vn -0.2867 0.0777 0.9549
vn -0.2892 0.0310 0.9568
vn -0.2805 0.0853 0.9561
vn -0.3993 0.2121 0.8919
vn -0.4315 0.0787 0.8987
vn -0.8863 -0.4476 0.1185
vn -0.9083 -0.3906 0.1499
vn -0.4790 0.0890 0.8733
vn -0.7352 0.1051 0.6696
vn -0.7505 -0.1058 0.6524
vn -0.7725 -0.0962 0.6277
vn -0.8493 -0.1518 0.5056
vn -0.8633 -0.0877 0.4970
vn -0.7861 -0.0320 0.6173
vn -0.8116 -0.3381 0.4764
vn 0.0050 0.2056 0.9786
vn -0.0631 0.2012 0.9775
vn -0.0718 0.0383 0.9967
vn -0.0109 0.0467 0.9988
vn -0.7972 -0.3275 0.5072
vn -0.7409 -0.6113 0.2780
vn -0.9077 -0.2532 0.3347
vn -0.8481 -0.1700 0.5017
vn -0.9180 -0.3281 0.2229
vn -0.9581 -0.2791 0.0639
vn -0.9638 -0.2121 0.1616
vn -0.8788 -0.4675 0.0955
vn -0.9408 -0.3386 -0.0146
vn -0.9447 -0.3276 0.0159
vn 0.2360 0.4637 -0.8540
vn 0.0437 0.5112 -0.8584
vn -0.0985 0.0814 -0.9918
vn -0.7600 -0.6118 0.2191
vn 0.9909 0.1060 -0.0833
vn -0.9945 -0.0991 -0.0325
vn -0.9880 -0.0606 -0.1422
vn -0.9932 -0.0215 -0.1142
vn -0.9764 0.0250 -0.2145
vn -0.9712 -0.0773 -0.2255
vn -0.7435 -0.1927 0.6404
vn -0.3527 -0.7978 0.4890
vn -0.3892 -0.8358 0.3872
vn -0.8195 -0.2479 0.5168
vn -0.9924 0.0032 0.1229
vn -0.9974 0.0383 -0.0604
vn -0.9994 0.0339 0.0083
vn -0.9766 -0.2095 -0.0480
vn -0.3024 0.9530 0.0181
vn 0.3635 0.8779 -0.3117
vn 0.0061 0.0688 0.9976
vn 0.0158 0.2013 0.9794
vn -0.9856 0.0786 -0.1496
vn -0.9450 0.0562 -0.3221
vn -0.9743 -0.0642 -0.2157
vn -0.9808 0.0067 -0.1951
vn -0.9862 -0.0300 -0.1625
vn -0.9937 -0.0902 -0.0672
vn -0.9963 0.0554 -0.0651
vn -0.9896 0.0633 -0.1291
vn 0.0218 0.9757 0.2181
vn -0.0075 0.9062 -0.4228
vn 0.0369 0.8963 -0.4420
vn 0.0159 0.9802 0.1976
vn -0.9627 0.0457 -0.2668
vn -0.8984 -0.0394 -0.4374
vn -0.9770 -0.0763 -0.1989
vn -0.9977 0.0683 -0.0003
vn -0.9935 0.0647 -0.0933
vn -0.9788 -0.0486 0.1992
vn -0.9565 -0.1207 0.2655
vn -0.5568 0.0089 0.8306
vn -0.3653 0.0680 0.9284
vn -0.3419 -0.0301 0.9393
vn -0.5325 -0.0888 0.8418
vn 0.9505 0.3106 -0.0016
vn 0.9344 0.3411 -0.1025
vn -0.0150 -0.0177 0.9997
vn 0.0112 0.0588 0.9982
vn -0.0308 -0.0381 0.9988
vn 0.0392 0.0502 0.9980
vn -0.0169 0.0680 0.9975
vn 0.0559 0.0649 0.9963
vn -0.0752 -0.0492 0.9960
vn 0.3541 -0.0714 0.9325
vn 0.4059 -0.0934 0.9091
vn 0.3879 -0.3261 0.8621
vn 0.3418 -0.3430 0.8750
vn -0.1523 0.0313 0.9878
vn -0.1987 0.1268 0.9718
vn -0.2047 0.0788 0.9756
vn -0.5364 0.1425 0.8318
vn -0.5285 0.1899 0.8274
vn -0.7746 -0.3408 0.5328
vn -0.4925 -0.0664 0.8678
vn -0.5313 -0.1969 0.8240
vn -0.3412 0.8756 0.3420
vn -0.3497 0.9108 0.2194
vn -0.6090 -0.1347 0.7817
vn -0.2820 0.7760 0.5642
vn -0.3197 0.8274 0.4617
vn -0.3625 0.9092 0.2049
vn -0.3526 0.8119 0.4652
vn -0.3258 0.7494 0.5764
vn 0.9145 -0.2586 -0.3112
vn 0.9300 0.2528 -0.2667
vn 0.6418 0.3298 -0.6923
vn 0.5729 -0.1473 -0.8063
vn -0.7087 -0.3275 0.6249
vn -0.6379 -0.2719 0.7205
vn -0.7035 -0.2054 0.6803
vn -0.7903 -0.2585 0.5556
vn 0.9284 0.2484 0.2765
vn 0.9386 0.3333 0.0897
vn 0.9669 0.2341 0.1013
vn 0.8060 0.2362 0.5428
vn 0.0260 0.2055 0.9783
vn 0.0004 0.3258 0.9454
vn -0.3167 0.4087 0.8559
vn -0.3904 0.3894 0.8342
vn -0.3333 0.3195 0.8870
vn 0.0132 0.3443 0.9388
vn -0.0507 0.3458 0.9369
vn -0.3431 0.6174 0.7079
vn -0.5654 0.6573 0.4984
vn -0.2657 0.9055 0.3308
vn -0.1112 0.8765 0.4683
vn -0.2454 0.1886 0.9509
vn -0.2364 0.3354 0.9119
vn -0.3527 0.1699 0.9202
vn -0.1498 0.1961 0.9691
vn -0.1418 0.3427 0.9287
vn -0.2244 0.4220 0.8784
vn 0.0002 0.3975 0.9176
vn -0.6785 -0.0039 0.7345
vn -0.6098 0.1437 0.7794
vn -0.4024 -0.9133 0.0628
vn -0.3593 -0.9331 0.0178
vn 0.8884 -0.4263 -0.1706
vn 0.8520 -0.4718 -0.2267
vn -0.2780 0.8850 -0.3736
vn -0.4082 0.8986 -0.1606
vn -0.7230 0.6296 -0.2846
vn -0.5509 0.6146 -0.5646
vn -0.7801 -0.0854 0.6198
vn -0.7226 0.0465 0.6897
vn -0.8092 -0.0516 0.5852
vn -0.8622 -0.1686 0.4777
vn 0.5397 0.7860 -0.3017
vn 0.8142 0.1906 -0.5483
vn 0.1178 0.0372 0.9923
vn -0.3614 0.8826 0.3007
vn -0.3757 0.8064 0.4568
vn -0.4297 0.7867 0.4433
vn -0.3964 0.8797 0.2624
vn 0.0931 0.4450 0.8907
vn 0.0486 0.4111 0.9103
vn 0.0165 0.4181 0.9083
vn -0.0105 0.4003 0.9163
vn -0.0158 0.3297 0.9440
vn 0.0039 0.4184 0.9083
vn 0.0035 0.4244 0.9055
vn 0.0627 0.2029 0.9772
vn 0.0531 0.3472 0.9363
vn -0.0131 0.3455 0.9383
vn -0.0074 0.2069 0.9783
vn -0.1339 0.4555 0.8801
vn -0.1318 0.4295 0.8934
vn -0.0475 0.4284 0.9024
vn -0.0601 0.4473 0.8924
vn 0.0065 0.4187 0.9081
vn -0.0122 0.4350 0.9003
vn 0.3105 0.7724 -0.5541
vn 0.1712 0.8028 -0.5711
vn -0.2215 0.4566 0.8617
vn -0.3124 0.4500 0.8366
vn -0.3802 0.4410 0.8130
vn -0.2932 0.6747 0.6774
vn -0.2924 0.6541 0.6976
vn -0.5029 0.4191 0.7560
vn -0.4306 0.4337 0.7915
vn -0.4908 0.4111 0.7682
vn -0.1566 0.4787 0.8639
vn -0.2604 0.5668 0.7816
vn -0.2346 0.4914 0.8387
vn -0.9722 -0.2341 -0.0120
vn -0.9815 -0.1907 -0.0195
vn -0.9846 -0.1749 0.0012
vn -0.9758 -0.2185 0.0097
vn -0.5365 0.2980 0.7895
vn -0.4503 0.3567 0.8186
vn -0.3233 0.7201 0.6139
vn -0.5994 0.3806 0.7042
vn -0.6883 0.3141 0.6539
vn -0.7449 0.0997 0.6597
vn -0.6532 0.2081 0.7280
vn 0.9211 0.3592 -0.1504
vn 0.8452 0.3534 -0.4009
vn 0.8657 0.2900 -0.4079
vn 0.9429 0.2942 -0.1563
vn 0.7012 0.6503 0.2924
vn -0.3159 0.4885 0.8134
vn -0.0142 0.4159 0.9093
vn -0.0034 0.4077 0.9131
vn -0.0404 0.4328 0.9006
vn -0.2893 0.6619 0.6915
vn -0.3106 0.5684 0.7619
vn -0.1127 0.1522 -0.9819
vn -0.1318 0.2139 -0.9679
vn -0.7447 0.2404 0.6226
vn -0.6403 0.3196 0.6985
vn -0.6695 0.2605 0.6956
vn -0.5735 0.3672 0.7323
vn -0.2826 0.7202 0.6336
vn 0.7713 0.6098 -0.1821
vn 0.5792 0.6677 -0.4676
vn -0.1431 0.8057 0.5748
vn -0.3628 0.8715 0.3301
vn -0.9587 -0.2191 -0.1815
vn -0.7078 -0.1260 -0.6951
vn -0.7230 -0.0625 -0.6880
vn -0.9713 -0.1548 -0.1804
vn -0.7844 -0.0087 0.6203
vn -0.3968 0.8863 0.2389
vn -0.4252 0.7942 0.4340
vn -0.4335 0.6942 0.5746
vn -0.2927 0.7705 0.5663
vn -0.3008 0.8540 0.4246
vn -0.3361 0.9282 0.1597
vn -0.2251 0.7675 0.6003
vn -0.2811 0.7505 0.5981
vn 0.9413 0.3373 -0.0141
vn 0.9390 0.3331 0.0851
vn 0.9736 0.1948 0.1191
vn 0.9788 0.2046 -0.0033
vn -0.4079 -0.1246 0.9045
vn -0.4267 -0.1301 0.8950
vn -0.7110 -0.1544 0.6861
vn 0.8506 0.0576 0.5226
vn 0.9157 0.0259 0.4011
vn 0.9141 0.0262 0.4047
vn 0.8492 0.0551 0.5252
vn 0.9881 0.0673 0.1382
vn 0.9907 0.0550 0.1241
vn 0.9968 0.0441 0.0663
vn 0.9951 0.0585 0.0801
vn 0.4035 -0.1539 0.9019
vn 0.2910 -0.0897 0.9525
vn -0.0291 0.0711 0.9970
vn 0.9917 -0.0357 0.1237
vn 0.6491 -0.7558 0.0864
vn 0.6467 -0.7565 0.0978
vn 0.9952 -0.0300 0.0928
vn -0.0646 0.0610 0.9960
vn -0.0519 -0.4434 0.8948
vn 0.0713 0.0700 0.9950
vn 0.1533 -0.5302 0.8339
vn -0.0451 0.0677 0.9967
vn 0.0807 0.0703 0.9943
vn 0.1145 -0.3100 -0.9438
vn -0.1343 0.0416 0.9901
vn 0.0261 0.0598 0.9979
vn -0.1636 0.0390 0.9857
vn 0.7605 0.1312 -0.6359
vn 0.6710 0.0740 -0.7377
vn 0.6601 0.1331 -0.7393
vn 0.7519 0.1931 -0.6303
vn -0.1850 0.0206 0.9825
vn -0.1000 -0.0460 0.9939
vn 0.0675 -0.1369 0.9883
vn -0.0091 -0.0091 0.9999
vn 0.0677 -0.2432 0.9676
vn 0.1809 -0.3523 0.9182
vn -0.9047 -0.4259 -0.0028
vn -0.0037 -0.2520 0.9677
vn 0.0697 -0.2360 0.9693
vn -0.9959 0.0871 0.0252
vn -0.0345 -0.0381 -0.9987
vn 0.2658 -0.0306 -0.9635
vn 0.3733 0.0736 -0.9248
vn 0.9631 -0.1397 0.2299
vn 0.9350 -0.1965 0.2953
vn 0.9652 -0.0246 0.2605
vn 0.9749 -0.0582 0.2147
vn 0.9532 -0.0871 0.2897
vn 0.9461 -0.0444 0.3209
vn 0.6152 -0.2582 0.7449
vn 0.6276 -0.2513 0.7369
vn 0.7299 -0.2312 0.6433
vn 0.7235 -0.2856 0.6284
vn 0.2163 -0.9467 0.2386
vn 0.2572 -0.9105 0.3236
vn 0.9528 -0.2939 0.0763
vn 0.9957 -0.0806 -0.0449
vn 0.9763 0.0009 0.2162
vn 0.9900 -0.0124 0.1402
vn 0.9645 -0.0948 0.2466
vn 0.9787 0.0444 0.2006
vn 0.9770 0.0283 0.2115
vn 0.9620 -0.0967 0.2553
vn 0.9943 0.0818 -0.0688
vn 0.9933 0.0864 0.0769
vn 0.9608 -0.1070 0.2557
vn 0.9747 -0.0275 0.2217
vn 0.9929 -0.0345 0.1136
vn 0.9466 -0.1234 0.2978
vn 0.9280 -0.2512 0.2750
vn 0.9248 -0.2600 0.2778
vn 0.9390 -0.1970 0.2819
vn 0.9377 -0.2018 0.2828
vn 0.9235 -0.1551 0.3509
vn 0.9371 -0.1080 0.3320
vn 0.9484 -0.1269 0.2906
vn 0.9315 -0.1789 0.3168
vn 0.3645 0.7646 0.5315
vn 0.2964 0.6036 0.7401
vn 0.3547 0.5469 0.7583
vn 0.9977 -0.0284 0.0615
vn 0.9097 -0.2648 0.3198
vn 0.9683 -0.2208 0.1171
vn 0.9318 -0.2477 0.2654
vn 0.9427 0.0538 0.3292
vn 0.9717 0.0483 0.2312
vn 0.9921 0.0490 -0.1154
vn 0.9887 0.0506 -0.1412
vn 0.9515 -0.1815 0.2483
vn 0.9740 -0.2047 0.0971
vn 0.9397 -0.2043 0.2743
vn 0.9395 -0.2206 0.2621
vn 0.9621 -0.1437 0.2319
vn 0.9664 -0.1720 0.1912
vn 0.9250 -0.2010 0.3226
vn 0.9536 -0.0967 0.2852
vn 0.9940 0.1077 -0.0166
vn 0.9927 0.0238 0.1185
vn 0.9212 0.3863 0.0465
vn 0.9201 0.3901 0.0342
vn 0.9583 0.2368 0.1601
vn 0.9726 0.1842 0.1415
vn 0.9626 -0.1810 0.2016
vn 0.9746 0.1560 0.1610
vn 0.9663 0.2560 0.0275
vn 0.9761 -0.0957 0.1951
vn 0.9962 -0.0820 0.0303
vn 0.9591 0.2531 -0.1267
vn 0.9149 0.3994 0.0590
vn 0.9463 0.2503 -0.2046
vn 0.9343 0.3331 -0.1272
vn -0.9835 -0.1588 -0.0863
vn -0.9835 -0.1600 -0.0846
vn -0.9802 -0.1755 -0.0916
vn -0.9805 -0.1755 -0.0879
vn 0.9131 0.4049 -0.0467
vn 0.9995 -0.0265 0.0187
vn 0.9753 0.1629 0.1491
vn 0.9707 0.2319 0.0633
vn 0.9017 0.4271 0.0669
vn 0.8945 0.4306 0.1204
vn 0.9641 0.0492 0.2608
vn 0.9122 -0.2187 0.3464
vn 0.9389 -0.2257 0.2597
vn -0.1598 -0.2938 -0.9424
vn -0.1258 -0.3116 -0.9418
vn -0.1235 0.4074 -0.9049
vn 0.9191 0.3845 0.0861
vn 0.9228 0.3780 -0.0749
vn 0.9192 0.3705 -0.1331
vn 0.9781 0.1371 0.1566
vn 0.9647 -0.0257 0.2621
vn 0.9143 0.3800 0.1399
vn 0.9232 0.3799 0.0584
vn 0.9346 0.3227 0.1500
vn -0.9897 0.1264 0.0671
vn 0.9985 -0.0182 -0.0518
vn 0.9935 -0.0157 0.1125
vn -0.0930 0.9909 -0.0975
vn -0.1030 0.9902 -0.0946
vn 0.4624 0.8718 0.1615
vn 0.4474 0.8653 0.2260
vn 0.9971 0.0541 0.0527
vn 0.9930 0.0490 -0.1079
vn 0.9915 0.0683 -0.1104
vn 0.9964 0.0682 0.0509
vn 0.9941 0.0686 -0.0836
vn 0.9744 -0.1158 0.1925
vn 0.3493 0.6999 0.6231
vn 0.3132 0.7266 0.6116
vn 0.3453 0.7334 0.5855
vn 0.3868 0.7093 0.5894
vn 0.9950 0.0640 0.0769
vn 0.9898 0.1194 0.0773
vn 0.9852 0.1176 0.1249
vn 0.9897 0.0555 0.1320
vn 0.9886 0.1125 0.1003
vn 0.9918 0.1083 -0.0681
vn 0.9843 0.1270 0.1223
vn 0.9689 0.1068 0.2232
vn 0.9869 0.1177 -0.1099
vn 0.9916 0.1180 0.0533
vn 0.1825 0.5795 0.7943
vn 0.1781 0.6689 0.7217
vn 0.1309 0.6396 0.7575
vn -0.3604 -0.1783 0.9156
vn 0.9762 0.1587 -0.1479
vn 0.9793 0.1245 -0.1594
vn 0.9254 -0.1075 0.3634
vn 0.9208 -0.0565 0.3859
vn 0.9097 -0.2065 0.3602
vn 0.8969 -0.1265 0.4237
vn 0.9478 -0.1265 0.2926
vn 0.3398 0.1393 0.9301
vn 0.3873 -0.1612 0.9077
vn 0.3670 -0.1703 0.9145
vn 0.3358 0.1194 0.9343
vn 0.9510 -0.0048 0.3092
vn 0.9065 0.0981 0.4107
vn 0.9137 -0.1286 0.3855
vn -0.9765 -0.0235 -0.2142
vn 0.9377 0.2927 0.1874
vn 0.9495 -0.0249 0.3127
vn 0.9189 0.3346 0.2090
vn 0.9207 -0.1034 0.3763
vn 0.9086 -0.1848 0.3745
vn -0.7745 -0.5895 -0.2296
vn -0.9784 0.1563 -0.1355
vn -0.9784 0.1631 -0.1268
vn -0.7878 -0.5791 -0.2096
vn 0.6429 -0.5814 -0.4987
vn 0.7606 -0.5655 -0.3190
vn 0.8891 0.1919 -0.4155
vn 0.6825 0.1702 -0.7108
vn 0.9508 0.0587 0.3041
vn 0.9523 0.1527 0.2643
vn 0.7960 -0.1964 -0.5726
vn 0.9046 -0.1808 0.3859
vn 0.8589 -0.0982 0.5027
vn 0.8975 0.1080 0.4276
vn 0.9067 0.1783 0.3823
vn 0.8904 0.3767 0.2557
vn 0.6782 0.3350 0.6541
vn 0.6639 0.3391 0.6665
vn 0.7061 0.3746 0.6010
vn 0.6948 0.2763 0.6640
vn 0.9114 0.3082 0.2726
vn 0.6956 -0.0458 0.7170
vn 0.6804 0.0718 0.7293
vn 0.5530 0.1242 0.8239
vn 0.5862 -0.0787 0.8064
vn 0.2678 -0.0374 -0.9627
vn 0.2496 -0.0816 -0.9649
vn -0.7668 -0.5224 -0.3731
vn 0.9593 -0.0651 0.2747
vn 0.9852 -0.0591 0.1610
vn 0.8922 -0.0469 0.4491
vn 0.6235 0.0877 0.7769
vn 0.5198 0.1183 0.8461
vn 0.9398 0.0908 0.3293
vn 0.8829 0.0685 0.4645
vn 0.8850 0.0768 0.4592
vn 0.9519 0.0604 0.3004
vn 0.9530 -0.1358 0.2708
vn 0.9050 -0.1298 0.4050
vn -0.6883 -0.1611 -0.7073
vn -0.3986 -0.8350 -0.3793
vn -0.7261 -0.2408 -0.6440
vn 0.8089 0.1507 0.5683
vn 0.7862 -0.0305 0.6172
vn 0.7238 -0.0191 0.6897
vn 0.7274 0.2054 0.6547
vn -0.9269 -0.3731 0.0396
vn -0.9462 -0.2832 -0.1564
vn -0.9238 -0.3577 -0.1366
vn 0.9332 0.1721 0.3155
vn 0.2074 -0.6337 -0.7453
vn -0.5568 -0.0236 -0.8303
vn 0.5656 0.1752 0.8058
vn 0.7065 0.1484 0.6920
vn 0.6981 0.0295 0.7154
vn 0.5741 0.0136 0.8187
vn 0.1380 0.0182 0.9903
vn 0.1110 0.0441 0.9928
vn 0.1479 0.0493 0.9878
vn 0.1764 0.0161 0.9842
vn 0.5989 0.1644 0.7838
vn 0.7418 0.1643 0.6501
vn 0.7500 0.0744 0.6572
vn 0.6084 0.0758 0.7900
vn 0.8677 -0.1690 0.4675
vn 0.8931 -0.0679 0.4448
vn 0.8539 -0.0963 0.5114
vn 0.6638 -0.1039 0.7406
vn 0.6710 -0.1822 0.7187
vn 0.5628 -0.2100 0.7995
vn 0.8668 -0.1475 0.4763
vn 0.7858 -0.1502 0.6000
vn 0.8180 -0.1839 0.5450
vn 0.8570 -0.2778 0.4339
vn 0.7984 -0.3013 0.5214
vn 0.0564 0.6869 0.7246
vn 0.0550 0.7215 0.6902
vn 0.7564 -0.0614 0.6513
vn 0.7281 -0.1383 0.6713
vn 0.7053 -0.1973 0.6809
vn -0.6083 -0.1556 -0.7783
vn -0.7474 -0.1604 -0.6447
vn -0.4526 -0.7978 -0.3983
vn -0.3464 -0.7932 -0.5008
vn -0.9841 -0.1629 0.0704
vn -0.9815 -0.1786 0.0686
vn -0.9706 -0.1833 0.1563
vn -0.9719 -0.1794 0.1525
vn 0.3511 0.4976 0.7932
vn 0.3033 0.5777 0.7578
vn 0.3791 0.4827 0.7895
vn 0.4463 0.3981 0.8015
vn 0.9934 0.0585 0.0983
vn 0.9893 0.0531 -0.1359
vn 0.9934 0.0606 0.0975
vn 0.4055 -0.1349 0.9041
vn 0.3426 0.1608 0.9256
vn 0.2304 0.7090 0.6665
vn 0.2877 0.6283 0.7228
vn 0.2276 0.6704 0.7063
vn 0.5507 0.0409 0.8337
vn 0.7520 0.0747 0.6550
vn 0.7397 0.0156 0.6727
vn 0.5955 0.0393 0.8024
vn -0.4567 -0.8881 -0.0520
vn -0.9663 -0.2555 0.0314
vn -0.9633 -0.2527 -0.0900
vn -0.4535 -0.8697 -0.1947
vn 0.2614 0.6065 0.7509
vn -0.6913 0.7186 -0.0758
vn -0.7127 0.6980 -0.0694
vn -0.6948 0.7176 -0.0477
vn 0.3485 -0.0510 0.9359
vn 0.4926 -0.1247 0.8613
vn 0.5771 -0.0245 0.8163
vn 0.2108 -0.4515 0.8670
vn 0.2705 -0.3954 0.8778
vn 0.2330 -0.1894 0.9539
vn 0.3792 0.0100 0.9253
vn 0.3597 0.0205 0.9328
vn 0.0801 0.0342 0.9962
vn -0.9655 0.1266 -0.2278
vn -0.9725 0.0661 -0.2231
vn 0.1970 0.0134 0.9803
vn 0.1158 0.0182 0.9931
vn 0.1905 0.0067 0.9817
vn 0.9446 0.1493 0.2922
vn 0.9488 0.0664 0.3088
vn 0.9022 -0.1526 0.4034
vn 0.9133 -0.0847 0.3983
vn 0.2788 0.7801 0.5600
vn 0.3235 0.8262 0.4613
vn 0.3605 0.8057 0.4700
vn 0.3249 0.7495 0.5768
vn 0.1919 -0.0168 0.9813
vn 0.1014 -0.0033 0.9948
vn 0.3613 -0.0365 0.9317
vn 0.3507 -0.0234 0.9362
vn 0.4628 0.0484 0.8851
vn 0.4685 0.0326 0.8829
vn 0.6096 0.0642 0.7901
vn 0.6063 0.1189 0.7863
vn 0.8038 0.5676 -0.1784
vn 0.7778 0.5972 -0.1959
vn 0.0564 0.0105 0.9984
vn 0.4604 -0.8860 -0.0556
vn 0.4568 -0.8564 -0.2408
vn 0.4266 -0.8718 -0.2406
vn 0.4295 -0.9016 -0.0514
vn 0.8039 0.1117 0.5842
vn 0.7310 0.1576 0.6639
vn 0.8266 0.1307 0.5473
vn 0.7498 0.0692 0.6580
vn 0.8404 0.1203 0.5284
vn 0.7438 0.1300 0.6557
vn -0.9971 0.0070 0.0762
vn -0.9954 0.0105 0.0953
vn -0.9751 -0.0292 0.2200
vn 0.2726 0.2589 -0.9267
vn 0.3750 0.2363 -0.8964
vn 0.2645 0.6104 0.7466
vn 0.2951 0.6757 0.6756
vn 0.2397 0.6268 0.7414
vn 0.2067 0.5530 0.8071
vn 0.3163 0.1753 0.9323
vn 0.3146 -0.0118 0.9491
vn 0.1800 0.7780 0.6020
vn 0.2025 0.7520 0.6272
vn 0.3459 0.5349 0.7709
vn 0.3836 0.4659 0.7973
vn 0.4360 0.4308 0.7901
vn 0.3322 -0.3043 0.8928
vn 0.3152 -0.2081 0.9259
vn 0.3243 -0.0638 0.9438
vn 0.2263 0.7055 0.6716
vn 0.4326 0.0721 0.8987
vn 0.3964 0.0019 0.9181
vn 0.4005 0.0485 0.9150
vn 0.0786 0.8391 0.5382
vn 0.0636 0.8233 0.5641
vn 0.3007 -0.1225 0.9458
vn 0.3038 -0.2108 0.9291
vn 0.3189 -0.3312 0.8880
vn 0.3169 0.1487 0.9367
vn 0.2465 0.0924 0.9647
vn -0.0893 -0.5709 -0.8162
vn -0.0710 -0.5742 -0.8156
vn 0.4734 0.0055 0.8808
vn 0.7094 0.0695 0.7013
vn 0.1570 -0.5190 0.8402
vn 0.2021 -0.4986 0.8430
vn 0.9910 0.0417 -0.1272
vn 0.6539 -0.4296 0.6229
vn 0.7947 -0.0830 0.6013
vn 0.8647 -0.0732 0.4969
vn 0.8935 -0.1028 0.4371
vn 0.8606 -0.2141 0.4622
vn 0.8495 -0.0204 0.5272
vn 0.6928 0.5267 0.4926
vn 0.8016 -0.0257 0.5974
vn 0.8218 0.0494 0.5676
vn 0.8416 0.0939 0.5319
vn 0.8613 0.0516 0.5054
vn 0.0332 0.8073 0.5892
vn -0.4369 0.6952 0.5707
vn -0.3679 0.7001 0.6120
vn 0.3959 -0.0370 0.9175
vn 0.6282 0.0300 0.7775
vn 0.2835 -0.0328 0.9584
vn 0.2840 -0.0515 0.9574
vn 0.3164 -0.0029 0.9486
vn 0.9366 0.1760 0.3030
vn 0.9337 0.0035 0.3580
vn -0.3229 -0.6976 0.6396
vn -0.1120 -0.7268 0.6777
vn 0.2271 -0.0201 0.9737
vn 0.1960 -0.0100 0.9805
vn 0.2269 0.0190 0.9737
vn 0.1834 0.0536 0.9816
vn 0.1711 -0.0499 0.9840
vn 0.1576 0.0310 0.9870
vn 0.0712 0.0428 0.9965
vn 0.0844 -0.0291 0.9960
vn 0.8320 0.0777 0.5494
vn 0.8982 -0.1010 0.4278
vn 0.8820 -0.0788 0.4646
vn 0.1950 0.2518 -0.9479
vn 0.3296 0.1622 -0.9301
vn 0.3269 0.2305 -0.9165
vn 0.1479 0.4978 0.8546
vn 0.8919 -0.0229 0.4517
vn 0.9017 0.0485 0.4296
vn 0.9215 0.0596 0.3839
vn 0.3417 0.0835 0.9361
vn 0.3564 0.0537 0.9328
vn 0.4826 -0.0029 0.8758
vn 0.7901 0.0383 0.6118
vn 0.0310 -0.2829 0.9586
vn -0.0798 -0.8509 0.5193
vn -0.0988 -0.8514 0.5152
vn 0.1487 0.4889 0.8596
vn 0.2706 0.0623 0.9607
vn 0.3377 0.0120 0.9412
vn 0.4599 0.1487 0.8754
vn 0.3788 0.2136 0.9005
vn 0.3264 -0.0440 0.9442
vn 0.3472 0.0064 0.9378
vn 0.3568 -0.0687 0.9316
vn 0.5319 -0.0321 0.8462
vn 0.2819 -0.0166 0.9593
vn 0.7022 -0.0222 0.7116
vn 0.8882 0.1019 0.4479
vn 0.2800 0.0290 0.9596
vn 0.7731 -0.1170 0.6235
vn 0.6787 -0.0209 0.7341
vn 0.7077 -0.2117 0.6741
vn 0.7891 -0.2730 0.5503
vn 0.9121 0.3338 0.2380
vn 0.9171 0.2547 0.3066
vn -0.8964 -0.3898 -0.2110
vn 0.8989 0.0921 0.4284
vn 0.3885 -0.0575 0.9197
vn 0.4722 -0.0838 0.8775
vn 0.0191 0.3925 0.9196
vn 0.0025 0.4075 0.9132
vn 0.0019 0.3871 0.9220
vn -0.1144 -0.4006 0.9091
vn -0.0657 -0.9458 0.3181
vn -0.0228 -0.9491 0.3141
vn -0.0318 -0.4152 0.9092
vn -0.1581 -0.4120 0.8974
vn -0.1176 -0.3369 0.9342
vn -0.1464 -0.3492 0.9256
vn 0.4086 0.1046 0.9067
vn 0.4243 0.0805 0.9019
vn 0.3828 0.1493 0.9117
vn 0.3864 0.1660 0.9073
vn 0.9155 0.0222 0.4018
vn 0.4274 -0.2966 0.8541
vn 0.4309 -0.1229 0.8940
vn 0.1958 0.0760 0.9777
vn -0.3515 0.5445 -0.7616
vn -0.2484 0.4388 -0.8636
vn 0.7795 -0.2784 0.5611
vn 0.7140 -0.3728 0.5927
vn 0.8591 -0.1937 0.4738
vn 0.6402 -0.4452 0.6260
vn 0.6584 -0.4300 0.6178
vn 0.7544 -0.3593 0.5493
vn 0.6323 -0.3091 0.7104
vn 0.6237 -0.2206 0.7499
vn 0.6419 -0.4257 0.6377
vn 0.6375 -0.3781 0.6713
vn 0.6117 0.2356 0.7552
vn 0.6519 0.3464 0.6746
vn 0.6308 0.3036 0.7141
vn 0.5672 0.0980 0.8177
vn 0.3184 0.3411 0.8845
vn 0.4419 0.4705 0.7638
vn 0.9896 -0.1347 0.0510
vn 0.9878 -0.1160 0.1043
vn 0.3429 0.2713 0.8993
vn 0.4213 -0.0193 0.9067
vn 0.5745 -0.1156 0.8103
vn 0.0032 0.7032 0.7110
vn 0.0752 0.7133 0.6968
vn 0.0673 0.7656 0.6398
vn 0.0034 0.7563 0.6542
vn 0.3125 0.1015 0.9445
vn 0.2741 0.0833 0.9581
vn 0.9523 -0.0128 0.3048
vn 0.1770 0.0714 0.9816
vn -0.0045 0.0600 0.9982
vn -0.0254 0.0446 0.9987
vn 0.1854 0.0344 0.9821
vn 0.5905 0.1732 0.7882
vn 0.7089 -0.0382 0.7043
vn 0.6987 -0.0333 0.7147
vn 0.7164 -0.0387 0.6966
vn 0.6242 0.2191 0.7499
vn 0.7070 -0.0440 0.7059
vn 0.6962 -0.0506 0.7161
vn 0.4388 0.8584 0.2657
vn -0.1254 -0.5603 -0.8188
vn 0.1938 0.0756 0.9781
vn 0.2716 0.0744 0.9595
vn 0.2744 0.0400 0.9608
vn 0.1850 0.0412 0.9819
vn 0.2104 -0.0360 0.9770
vn 0.4684 -0.0480 0.8822
vn 0.4170 0.8989 0.1345
vn 0.3127 0.9311 0.1876
vn 0.4885 0.8720 -0.0315
vn 0.4408 0.8976 0.0029
vn 0.4729 0.8753 0.1008
vn 0.1523 0.8385 0.5232
vn 0.1651 0.7567 0.6326
vn 0.1959 0.7083 0.6782
vn 0.2493 -0.4081 0.8783
vn 0.3270 -0.4005 0.8560
vn 0.4214 -0.1533 0.8938
vn 0.2303 -0.1861 0.9552
vn 0.6858 -0.0522 0.7259
vn 0.6191 0.1006 0.7788
vn 0.6357 -0.0502 0.7703
vn 0.5678 -0.0396 0.8222
vn 0.5840 -0.7662 -0.2682
vn 0.5783 -0.7519 -0.3167
vn -0.5025 0.0354 0.8638
vn -0.7397 0.0371 0.6719
vn -0.9641 -0.2034 -0.1709
vn -0.9637 -0.2092 -0.1662
vn 0.8386 0.2458 0.4861
vn 0.7592 0.3313 0.5602
vn 0.7819 0.2411 0.5749
vn 0.2372 -0.3578 0.9032
vn 0.2787 -0.2468 0.9281
vn 0.3095 -0.2455 0.9187
vn 0.2564 -0.3577 0.8979
vn 0.7118 0.1331 0.6896
vn 0.5294 -0.1390 0.8369
vn 0.6255 -0.0049 0.7802
vn 0.2545 0.6502 0.7159
vn 0.7909 -0.0101 0.6119
vn 0.8333 -0.0814 0.5468
vn 0.5304 -0.0491 0.8463
vn 0.4656 -0.2387 0.8522
vn 0.4876 -0.1954 0.8509
vn 0.2170 -0.0983 0.9712
vn -0.9457 -0.2768 -0.1703
vn -0.9472 -0.2757 -0.1638
vn 0.2909 -0.3572 0.8876
vn 0.4202 -0.3230 0.8480
vn 0.9245 0.3805 -0.0200
vn 0.9523 0.3044 -0.0231
vn 0.9452 0.3264 0.0014
vn 0.9102 0.4142 0.0047
vn 0.4909 0.8712 0.0074
vn 0.5025 0.8600 0.0888
vn -0.1312 0.9893 0.0635
vn -0.1260 0.9908 0.0501
vn 0.6375 -0.0521 0.7687
vn 0.7007 0.0383 0.7125
vn 0.7272 0.0437 0.6851
vn 0.2567 -0.3743 0.8910
vn -0.3421 -0.6485 -0.6800
vn -0.3917 -0.7057 -0.5905
vn -0.5069 0.0302 -0.8615
vn -0.3772 0.1122 -0.9193
vn -0.7691 0.6387 -0.0232
vn -0.2114 0.9774 -0.0078
vn -0.2079 0.9652 -0.1589
vn 0.5414 -0.1038 0.8344
vn 0.4468 0.8921 -0.0667
vn 0.3475 0.9359 0.0570
vn 0.4257 0.1203 0.8968
vn 0.4563 -0.1324 0.8799
vn 0.4303 -0.1395 0.8919
vn 0.2052 0.9035 0.3763
vn 0.2082 0.8170 0.5377
vn 0.2609 0.8646 0.4294
vn 0.3469 0.9354 0.0683
vn -0.9743 -0.1846 0.1292
vn -0.9599 -0.2614 0.1011
vn -0.9617 -0.2533 0.1049
vn -0.9746 -0.1814 0.1313
vn 0.4088 0.0572 0.9108
vn 0.3563 0.0436 0.9333
vn 0.3363 0.0885 0.9376
vn 0.2831 -0.0708 0.9565
vn -0.2225 0.9375 0.2677
vn -0.1906 0.9279 0.3205
vn -0.4162 0.5085 0.7538
vn -0.5123 0.5321 0.6741
vn 0.7989 0.0440 0.5998
vn 0.7309 0.0093 0.6824
vn 0.7627 -0.0032 0.6468
vn 0.7799 0.0041 0.6259
vn 0.2990 0.7385 0.6043
vn 0.3714 0.1168 0.9211
vn 0.4325 0.1557 0.8881
vn 0.4852 -0.0728 0.8714
vn 0.0884 -0.3778 -0.9216
vn 0.1379 -0.3685 -0.9193
vn 0.1666 0.3507 -0.9216
vn -0.6836 -0.1799 0.7074
vn -0.6873 -0.1756 0.7049
vn -0.5212 -0.1783 0.8346
vn 0.3221 -0.0464 0.9456
vn 0.9793 -0.0244 0.2008
vn 0.9531 0.0786 0.2923
vn 0.3859 -0.0326 0.9220
vn 0.3573 -0.0341 0.9334
vn 0.4217 -0.0481 0.9055
vn 0.0680 0.0010 -0.9977
vn 0.3505 0.2449 0.9040
vn 0.4955 0.4239 0.7582
vn 0.5216 0.2890 0.8028
vn 0.6309 -0.0924 0.7704
vn 0.5439 -0.1858 0.8183
vn 0.4740 -0.0274 0.8801
vn 0.3670 0.1616 0.9161
vn -0.7243 0.6356 0.2670
vn -0.7620 0.5947 0.2561
vn 0.4257 0.1836 0.8860
vn 0.4302 -0.0859 0.8986
vn 0.4839 -0.2418 0.8411
vn 0.4337 -0.2648 0.8613
vn 0.3139 0.1040 0.9437
vn 0.4235 0.0429 0.9049
vn 0.5088 0.1028 0.8547
vn 0.5084 0.4086 0.7580
vn 0.3722 0.2292 0.8994
vn 0.3652 0.2272 0.9028
vn -0.0270 0.9034 0.4279
vn 0.0172 0.8979 0.4398
vn 0.0015 0.4314 0.9022
vn -0.0693 0.4499 0.8904
vn 0.9253 0.3790 0.0142
vn 0.9468 0.3214 0.0154
vn 0.3952 -0.2696 0.8781
vn 0.3613 -0.2642 0.8942
vn 0.3213 -0.2548 0.9121
vn 0.3337 -0.1683 0.9275
vn 0.2303 -0.1475 0.9619
vn 0.2889 -0.1596 0.9440
vn -0.9748 -0.1704 0.1437
vn 0.8982 0.1000 0.4280
vn 0.5441 0.0148 -0.8389
vn 0.6822 0.0520 -0.7293
vn 0.6661 0.1169 -0.7366
vn 0.5309 0.0754 -0.8441
vn 0.7118 0.6509 0.2640
vn 0.6206 0.7783 0.0958
vn 0.3595 0.1770 0.9162
vn 0.5499 0.1852 0.8144
vn 0.2280 0.0727 0.9709
vn -0.9921 0.0026 -0.1255
vn -0.9913 -0.0447 -0.1239
vn -0.9779 -0.0091 -0.2089
vn 0.0574 -0.0453 -0.9973
vn -0.2880 -0.0946 -0.9529
vn -0.2994 -0.0966 -0.9492
vn 0.0465 -0.0489 -0.9977
vn 0.5262 0.8490 -0.0485
vn 0.6382 0.5650 0.5229
vn 0.6140 0.3053 0.7279
vn 0.9970 -0.0203 -0.0744
vn 0.9968 -0.0212 -0.0773
vn 0.9953 -0.0244 -0.0935
vn 0.9956 -0.0232 -0.0908
vn 0.3368 -0.0557 0.9399
vn 0.2824 -0.0079 0.9593
vn 0.7963 0.2597 0.5464
vn 0.6362 0.1336 0.7599
vn 0.6769 0.2020 0.7078
vn 0.7663 0.3293 0.5517
vn 0.5141 -0.0209 0.8575
vn 0.4713 0.0353 0.8813
vn 0.7716 0.0233 0.6357
vn 0.7771 0.1927 0.5991
vn 0.5575 0.0840 0.8259
vn 0.4910 0.0595 0.8691
vn 0.8539 -0.4630 0.2377
vn 0.8731 -0.1508 0.4636
vn 0.8476 -0.4391 0.2979
vn 0.8654 -0.0555 0.4980
vn -0.7634 -0.6081 0.2176
vn -0.6800 -0.6299 0.3753
vn 0.8394 -0.3840 0.3845
vn 0.9653 -0.2607 0.0149
vn 0.9330 -0.3454 0.1006
vn 0.9653 -0.2579 0.0419
vn 0.9661 -0.2412 0.0924
vn 0.9291 -0.3431 0.1380
vn 0.9159 -0.3359 0.2197
vn 0.9608 -0.2006 0.1913
vn -0.0094 0.2298 -0.9732
vn 0.0011 0.2953 -0.9554
vn 0.0061 0.2949 -0.9555
vn -0.0027 0.2293 -0.9734
vn -0.3536 -0.2020 0.9133
vn -0.7639 -0.2411 0.5986
vn -0.7160 -0.2483 0.6525
vn -0.4405 -0.1557 0.8841
vn 0.9988 -0.0474 0.0108
vn 0.9907 -0.1355 0.0135
vn 0.9844 -0.0709 0.1610
vn 0.9962 -0.0185 0.0848
vn 0.9599 -0.2801 -0.0139
vn 0.9507 -0.3052 0.0555
vn 0.9509 -0.2541 0.1766
vn 0.9647 -0.2491 0.0859
vn 0.9745 0.0361 -0.2216
vn 0.9855 -0.0936 -0.1413
vn 0.9810 -0.1933 -0.0133
vn -0.7004 -0.7138 0.0047
vn -0.7091 -0.7051 -0.0060
vn -0.9980 -0.0453 -0.0439
vn -0.9982 -0.0512 -0.0317
vn 0.5192 0.8504 0.0856
vn -0.9887 -0.1460 0.0346
vn -0.9859 -0.1468 0.0808
vn -0.9853 -0.0823 0.1499
vn -0.9922 -0.0755 0.0997
vn 0.9885 -0.0353 0.1474
vn 0.9713 -0.0693 0.2274
vn 0.9777 0.0722 -0.1970
vn 0.9948 0.0812 -0.0615
vn -0.8980 -0.1861 0.3987
vn -0.1054 0.9911 -0.0807
vn -0.1920 0.9778 -0.0838
vn -0.2081 -0.0876 -0.9742
vn -0.0128 0.0679 0.9976
vn -0.0271 0.2071 0.9780
vn 0.1449 0.3424 0.9283
vn 0.1531 0.1968 0.9684
vn 0.0328 -0.0099 0.9994
vn 0.0092 0.0548 0.9985
vn 0.5005 -0.2171 0.8381
vn 0.1972 0.7717 0.6047
vn 0.2567 0.7583 0.5993
vn 0.3954 0.8016 0.4485
vn 0.4100 0.7908 0.4545
vn 0.3990 0.8736 0.2787
vn 0.6756 0.1522 -0.7214
vn 0.3712 0.9046 0.2095
vn 0.3544 0.8685 0.3465
vn -0.0280 0.3381 0.9407
vn 0.8935 -0.2984 0.3357
vn 0.9174 -0.2711 0.2913
vn 0.8628 -0.2957 0.4100
vn -0.0178 0.4082 0.9127
vn 0.5743 0.0636 0.8162
vn 0.6059 -0.1388 0.7833
vn -0.9790 0.2031 -0.0150
vn -0.7704 0.6359 0.0458
vn -0.7441 0.6650 0.0637
vn -0.9779 0.2090 0.0007
vn -0.0958 -0.8528 0.5134
vn 0.1352 0.4288 0.8932
vn -0.8885 -0.1301 0.4401
vn -0.8997 -0.0782 0.4295
vn 0.3994 0.7296 -0.5552
vn 0.3751 0.4009 -0.8358
vn -0.1803 -0.3711 0.9109
vn -0.2392 -0.3528 0.9046
vn 0.4314 0.2848 0.8560
vn 0.4063 0.3871 0.8277
vn -0.9951 -0.0799 0.0590
vn -0.9942 -0.1053 0.0235
vn -0.0013 0.2278 -0.9737
vn 0.0004 0.2267 -0.9740
vn 0.6005 0.4014 0.6916
vn 0.5226 0.4095 0.7478
vn 0.5372 0.3152 0.7823
vn 0.6207 0.2489 0.7434
vn 0.6039 0.1410 0.7845
vn 0.6908 0.0132 0.7230
vn 0.5169 0.2305 0.8245
vn 0.1255 -0.1117 0.9858
vn 0.3198 -0.1795 0.9303
vn 0.8505 -0.2154 0.4799
vn 0.7683 -0.1392 0.6247
vn -0.6977 -0.7135 0.0644
vn 0.6538 -0.7564 -0.0205
vn 0.6525 -0.7374 0.1745
vn -0.6758 -0.6965 0.2412
vn 0.8209 -0.2821 0.4966
vn -0.9926 -0.0339 -0.1163
vn 0.0005 0.4167 0.9090
vn -0.0033 0.4191 0.9079
vn -0.0029 0.4259 0.9048
vn 0.1608 0.4801 0.8624
vn 0.1378 0.4559 0.8793
vn 0.2271 0.4560 0.8605
vn 0.2415 0.4915 0.8367
vn -0.0045 0.4195 0.9077
vn 0.0513 0.4287 0.9020
vn 0.5125 0.3796 0.7702
vn 0.5950 0.3245 0.7353
vn 0.4698 0.3593 0.8064
vn 0.4552 0.4204 0.7849
vn 0.3970 0.4340 0.8087
vn 0.5396 0.0099 -0.8419
vn 0.5215 0.0293 -0.8527
vn 0.6876 0.0651 -0.7232
vn 0.6858 0.0474 -0.7262
vn 0.3220 0.4476 0.8343
vn 0.2662 0.5658 0.7804
vn 0.2081 0.5346 0.8191
vn 0.6562 0.2688 0.7051
vn 0.8186 0.0493 0.5723
vn 0.6875 0.3803 0.6186
vn 0.7231 0.1576 0.6725
vn 0.7722 0.6200 0.1386
vn 0.7317 0.6242 0.2737
vn 0.7551 0.5999 0.2645
vn 0.0055 0.4087 0.9126
vn 0.0011 0.4058 0.9139
vn 0.2000 -0.8031 0.5612
vn 0.1632 -0.8619 0.4800
vn 0.3147 0.5641 0.7634
vn 0.3807 -0.6704 0.6369
vn 0.2643 -0.7373 0.6217
vn -0.2199 -0.7729 -0.5952
vn 0.3239 0.4862 0.8116
vn 0.2714 0.7333 0.6234
vn 0.2911 0.7372 0.6097
vn -0.2917 -0.0706 -0.9539
vn 0.0505 -0.0116 -0.9987
vn 0.0646 -0.0352 -0.9973
vn -0.2719 -0.1070 -0.9563
vn 0.3749 0.7165 0.5883
vn 0.2517 0.8632 0.4377
vn 0.3768 -0.2693 -0.8863
vn 0.4914 -0.1616 -0.8558
vn -0.9812 0.0745 0.1782
vn -0.0825 0.9965 -0.0093
vn -0.8260 -0.0035 0.5637
vn -0.7880 -0.0337 0.6148
vn -0.7925 -0.0811 0.6044
vn -0.8295 -0.0509 0.5562
vn -0.4527 -0.8524 0.2617
vn -0.9273 -0.3743 -0.0022
vn -0.9860 -0.1397 -0.0911
vn -0.9826 -0.0582 -0.1762
vn -0.6800 -0.7159 -0.1585
vn 0.3377 0.7035 0.6253
vn 0.3730 0.8634 0.3398
vn 0.3745 0.9061 0.1967
vn 0.3708 0.8752 0.3108
vn 0.3777 0.9229 0.0751
vn 0.0011 0.2932 -0.9560
vn 0.0055 0.2930 -0.9561
vn 0.1442 0.8066 0.5732
vn -0.1191 -0.3393 0.9331
vn -0.1379 -0.3519 0.9258
vn -0.9828 -0.1837 0.0215
vn -0.9651 -0.1954 0.1743
vn -0.9668 -0.1652 0.1952
vn -0.9927 -0.1208 0.0023
vn 0.6371 0.0837 -0.7662
vn 0.7294 0.1057 -0.6759
vn 0.7903 0.1421 -0.5960
vn 0.7203 0.1328 -0.6809
vn -0.9440 -0.0642 0.3237
vn -0.9512 -0.0983 0.2926
vn -0.9938 -0.0399 0.1042
vn -0.9830 -0.1782 0.0435
vn -0.9858 -0.1613 0.0467
vn -0.9693 -0.1224 0.2133
vn -0.9621 -0.1483 0.2291
vn -0.9883 -0.0832 0.1276
vn -0.9756 -0.2006 -0.0898
vn -0.9780 -0.2041 0.0433
vn -0.9559 -0.2496 0.1545
vn -0.9233 -0.3281 0.1997
vn -0.8608 -0.2626 0.4360
vn -0.4294 -0.8369 0.3394
vn -0.9853 -0.0260 0.1688
vn -0.9282 -0.1396 0.3449
vn -0.9662 -0.2511 0.0585
vn -0.9884 -0.0295 0.1493
vn -0.9832 -0.0343 0.1792
vn -0.9788 -0.0512 0.1985
vn -0.9820 -0.0503 0.1820
vn 0.9749 0.2095 -0.0756
vn 0.9309 0.3611 -0.0555
vn -0.9351 -0.0741 0.3464
vn -0.8877 0.4598 0.0238
vn -0.9924 -0.0127 0.1227
vn -0.9802 -0.0883 0.1775
vn 0.1335 0.9369 -0.3232
vn 0.8570 0.4423 -0.2645
vn 0.8910 0.4469 -0.0800
vn 0.9751 0.2120 0.0655
vn 0.9588 -0.1687 0.2287
vn 0.9846 -0.0983 0.1445
vn 0.9795 -0.1833 0.0836
vn 0.9960 -0.0625 0.0636
vn 0.9987 0.0517 0.0044
vn -0.0102 -0.5712 0.8208
vn -0.7243 -0.4827 0.4924
vn -0.6886 -0.4830 0.5409
vn -0.4594 -0.4868 0.7430
vn -0.1173 -0.4578 0.8813
vn 0.5746 -0.3218 0.7525
vn 0.8591 -0.4845 -0.1652
vn 0.9734 0.2056 -0.1007
vn 0.9728 0.2011 -0.1147
vn 0.8390 -0.5071 -0.1972
vn 0.1283 -0.1113 0.9855
vn 0.3121 -0.7760 0.5481
vn 0.3154 -0.7446 0.5883
vn 0.1430 -0.0655 0.9875
vn 0.5313 -0.2225 0.8174
vn 0.6115 0.0575 0.7892
vn 0.6240 -0.1819 0.7600
vn 0.3380 -0.1381 0.9310
vn 0.3157 -0.0659 0.9466
vn 0.4345 -0.0788 0.8972
vn 0.3726 0.0035 0.9280
vn -0.8639 0.2391 -0.4434
vn 0.3115 -0.0678 0.9478
vn 0.2346 -0.0089 0.9720
vn -0.8286 0.5300 -0.1806
vn -0.8939 0.2448 -0.3755
vn -0.7969 0.6041 -0.0020
vn -0.8724 0.0854 -0.4812
vn 0.1533 0.7458 0.6483
vn -0.2540 -0.0363 -0.9665
vn 0.4419 -0.1953 -0.8755
vn 0.2922 -0.0095 0.9563
vn 0.4810 0.0645 0.8743
vn 0.5421 0.0883 0.8357
vn 0.3237 0.0034 0.9462
vn 0.0065 -0.1063 0.9943
vn 0.3766 -0.2395 0.8949
vn -0.2997 -0.2886 0.9094
vn -0.8383 -0.2132 0.5017
vn -0.8238 0.1682 -0.5413
vn -0.7840 0.2704 -0.5588
vn 0.4597 -0.0065 -0.8881
vn 0.1936 -0.1820 -0.9641
vn 0.7596 0.0911 -0.6440
vn 0.7407 0.2427 -0.6265
vn 0.7631 0.0855 -0.6406
vn -0.2851 -0.1183 -0.9512
vn -0.4779 0.0969 -0.8730
vn 0.2581 -0.0193 -0.9659
vn 0.4028 -0.0259 -0.9149
vn 0.2098 -0.1678 0.9632
vn -0.0238 -0.0629 0.9977
vn 0.1156 -0.0230 0.9930
vn -0.7201 -0.1715 -0.6724
vn -0.6726 -0.0908 -0.7344
vn 0.1314 -0.0162 0.9912
vn 0.4133 0.0329 0.9100
vn -0.9770 -0.1598 0.1413
vn -0.9773 -0.1825 0.1074
vn -0.9841 -0.1471 0.0999
vn 0.0166 -0.0177 0.9997
vn 0.0131 -0.0207 0.9997
vn 0.3241 0.0507 0.9447
vn -0.9816 -0.1896 0.0243
vn -0.9818 -0.1898 0.0065
vn -0.9514 -0.2013 -0.2333
vn -0.9790 -0.1984 -0.0480
vn 0.8482 0.1443 -0.5096
vn 0.8115 0.1298 -0.5697
vn 0.6432 0.1245 -0.7555
vn -0.9635 -0.1953 0.1830
vn -0.9837 -0.1778 -0.0253
vn -0.9614 -0.1654 0.2198
vn 0.9409 0.1387 -0.3090
vn 0.8827 0.1525 -0.4444
vn 0.9500 0.1505 -0.2736
vn -0.6985 -0.2128 0.6832
vn -0.4182 -0.1867 0.8890
vn 0.1124 -0.1353 0.9844
vn 0.0911 -0.0817 0.9925
vn -0.0908 -0.1048 0.9903
vn -0.0456 -0.1536 0.9871
vn -0.1031 -0.1262 0.9866
vn 0.3062 0.0897 0.9477
vn 0.6713 0.2332 0.7036
vn 0.0987 -0.1089 0.9891
vn -0.7955 -0.2913 -0.5314
vn -0.8312 -0.3118 -0.4604
vn -0.7914 -0.2929 -0.5366
vn 0.3133 -0.7784 0.5440
vn 0.2172 -0.7734 0.5955
vn 0.5452 0.0265 -0.8379
vn 0.3566 -0.0312 -0.9337
vn 0.3383 0.0321 -0.9405
vn 0.5297 0.0858 -0.8438
vn 0.3339 0.0390 -0.9418
vn 0.3444 -0.0082 -0.9388
vn 0.0925 -0.1007 -0.9906
vn -0.2382 -0.1750 -0.9553
vn 0.6132 -0.6579 -0.4373
vn 0.5344 -0.6828 -0.4981
vn 0.9938 0.0455 0.1019
vn 0.4186 -0.7126 -0.5629
vn -0.6010 -0.1493 -0.7852
vn -0.6063 -0.1499 -0.7810
vn 0.0492 -0.7899 -0.6112
vn -0.9753 -0.1670 0.1445
vn 0.2580 -0.7491 -0.6101
vn 0.1342 -0.0019 0.9910
vn 0.1669 -0.0611 0.9841
vn 0.1437 -0.0062 0.9896
vn 0.1357 -0.0670 0.9885
vn 0.1208 -0.0503 0.9914
vn 0.5168 0.0829 -0.8521
vn 0.5577 -0.8295 -0.0285
vn 0.9739 -0.2194 0.0580
vn 0.5616 0.1126 -0.8197
vn 0.7682 0.1199 -0.6289
vn 0.8283 0.2301 0.5109
vn 0.8642 0.2101 0.4571
vn 0.9162 0.2310 0.3275
vn 0.9002 0.2788 0.3345
vn 0.1595 0.9654 0.2061
vn 0.3882 0.6148 0.6866
vn 0.0948 0.4938 -0.8644
vn 0.0035 0.9706 -0.2406
vn -0.0070 0.9795 -0.2014
vn 0.1560 0.5382 -0.8282
vn 0.7928 -0.5378 -0.2868
vn 0.9418 0.2405 -0.2348
vn -0.4936 -0.0641 -0.8673
vn 0.9638 0.2408 0.1142
vn 0.9596 0.2467 0.1356
vn 0.9581 0.2218 -0.1813
vn 0.9670 0.2075 -0.1481
vn 0.5664 0.1212 0.8152
vn 0.4809 0.0755 0.8735
vn 0.6557 0.1591 0.7380
vn 0.7799 0.2263 0.5836
vn -0.6953 -0.0060 -0.7186
vn 0.5041 0.1151 0.8560
vn -0.8738 0.0604 -0.4825
vn -0.7995 -0.0275 -0.6000
vn -0.2872 -0.7109 -0.6419
vn -0.1641 -0.7061 -0.6888
vn 0.1030 -0.0471 0.9936
vn 0.9472 0.2457 0.2061
vn 0.9321 0.3043 0.1964
vn 0.9378 0.2986 0.1772
vn 0.8516 0.1599 -0.4992
vn 0.8698 0.1508 -0.4698
vn 0.9204 0.1992 -0.3363
vn 0.9018 0.2223 -0.3707
vn 0.9261 0.2919 -0.2389
vn 0.9368 0.2711 -0.2213
vn 0.9442 0.2825 0.1694
vn 0.8813 0.2336 -0.4108
vn 0.9186 0.3022 -0.2547
vn 0.8595 0.2365 -0.4530
vn 0.6980 0.0956 -0.7097
vn 0.6934 0.0742 -0.7167
vn 0.5002 0.0383 -0.8651
vn 0.4785 0.0577 -0.8762
vn 0.8892 0.1337 -0.4375
vn 0.2302 0.0462 -0.9720
vn 0.9601 0.2572 0.1098
vn 0.3505 0.0214 0.9363
vn 0.2494 0.0799 0.9651
vn 0.8201 0.1928 0.5388
vn 0.7446 0.1838 0.6417
vn 0.6289 0.1504 0.7628
vn 0.7363 0.1816 0.6518
vn 0.4802 0.1650 0.8615
vn 0.4154 0.0400 0.9088
vn -0.1002 0.4629 -0.8807
vn 0.3220 -0.0814 0.9432
vn 0.3833 0.0182 0.9235
vn 0.8694 0.3350 -0.3633
vn 0.8131 0.2472 -0.5270
vn 0.8226 0.2593 -0.5061
vn 0.8354 0.1956 -0.5137
vn 0.9175 0.1632 -0.3627
vn 0.9252 0.2346 -0.2983
vn 0.1767 0.4534 0.8736
vn 0.1738 0.8988 0.4023
vn 0.2724 0.0268 -0.9618
vn -0.0450 0.0040 -0.9990
vn 0.9212 0.3738 0.1077
vn 0.9060 0.3591 0.2241
vn 0.9433 0.3167 0.0991
vn 0.9763 0.2163 0.0093
vn 0.8662 -0.4995 0.0141
vn 0.8674 -0.4907 0.0827
vn 0.9650 0.2616 0.0162
vn 0.9002 0.3091 -0.3066
vn 0.8273 0.3671 0.4252
vn 0.8139 0.4143 0.4075
vn 0.8375 0.4173 0.3528
vn 0.6427 0.3118 0.6998
vn 0.7285 0.1089 -0.6763
vn 0.7144 -0.0959 -0.6932
vn 0.8793 0.4488 -0.1595
vn 0.8779 0.4348 -0.2007
vn 0.7639 0.1379 -0.6304
vn 0.2147 -0.0513 0.9753
vn 0.2640 -0.0543 0.9630
vn 0.1810 -0.0958 0.9788
vn 0.1947 -0.1139 0.9742
vn -0.0444 -0.0914 0.9948
vn 0.0643 -0.1430 0.9876
vn 0.2895 -0.0344 0.9566
vn 0.9546 0.1982 -0.2225
vn 0.9584 0.2225 -0.1790
vn 0.6545 0.5549 0.5136
vn 0.8811 0.4418 0.1686
vn 0.8962 0.4436 0.0092
vn 0.7954 0.4010 0.4545
vn 0.8792 0.4173 0.2301
vn -0.9875 -0.0256 0.1553
vn -0.9739 -0.2038 0.1003
vn 0.6756 0.5401 -0.5018
vn 0.7502 0.5817 -0.3144
vn 0.0014 -0.7275 -0.6861
vn 0.1200 -0.6328 -0.7650
vn -0.4447 -0.8954 -0.0216
vn -0.4233 -0.9036 -0.0660
vn -0.9496 -0.2963 -0.1027
vn -0.9728 -0.2318 -0.0010
vn -0.9753 -0.2201 0.0207
vn 0.9454 0.2683 0.1847
vn 0.9252 0.3303 0.1867
vn -0.9661 -0.2496 -0.0657
vn -0.2948 -0.0887 0.9514
vn -0.5979 -0.7652 -0.2385
vn -0.2096 -0.1424 0.9674
vn 0.4489 -0.1494 -0.8810
vn 0.3414 -0.1191 -0.9323
vn 0.1508 -0.7424 -0.6527
vn -0.4655 -0.1591 0.8707
vn 0.8780 -0.4621 0.1247
vn 0.9239 0.3338 0.1872
vn -0.7036 -0.2224 0.6750
vn -0.9125 -0.2319 0.3371
vn -0.6983 -0.2231 0.6802
vn 0.9059 0.3253 -0.2713
vn 0.9075 0.3178 -0.2749
vn 0.3365 -0.0126 -0.9416
vn -0.0972 -0.4406 0.8924
vn -0.0847 -0.4701 0.8785
vn -0.1415 -0.5165 0.8445
vn 0.9255 0.2546 -0.2802
vn 0.9059 0.4233 0.0124
vn 0.8981 0.4189 0.1340
vn 0.8725 0.3987 0.2826
vn 0.8987 0.4241 -0.1119
vn 0.9756 0.1932 -0.1040
vn 0.9382 0.1738 -0.2992
vn 0.2328 -0.6919 -0.6834
vn 0.1834 -0.7254 -0.6635
vn 0.1700 -0.7481 -0.6415
vn 0.2170 -0.7163 -0.6632
vn -0.1179 -0.7632 -0.6353
vn 0.8037 0.1446 -0.5772
vn 0.8302 0.1512 -0.5365
vn 0.7542 0.1894 0.6288
vn 0.9524 0.2620 0.1560
vn 0.7941 0.1961 0.5752
vn 0.7231 0.1915 0.6637
vn 0.9479 0.2449 -0.2037
vn 0.9994 -0.0200 0.0294
vn 0.9786 -0.0601 -0.1967
vn 0.0287 0.4210 0.9066
vn 0.0434 0.4152 0.9087
vn 0.0754 -0.8309 0.5512
vn -0.0209 -0.8475 0.5304
vn 0.1145 -0.2650 0.9574
vn 0.2372 -0.2290 0.9441
vn -0.8414 -0.1691 -0.5132
vn 0.8447 0.4146 -0.3384
vn 0.1659 0.9350 -0.3135
vn 0.4316 0.0506 0.9006
vn -0.3378 -0.0612 -0.9392
vn 0.0082 -0.0200 -0.9998
vn 0.3094 0.0111 -0.9509
vn -0.6040 -0.1304 -0.7862
vn 0.6832 -0.6193 -0.3870
vn 0.7776 0.1256 -0.6161
vn 0.7873 0.1230 -0.6042
vn 0.7594 0.1847 -0.6239
vn -0.9420 -0.0602 0.3303
vn 0.2256 0.9704 -0.0860
vn -0.8164 0.5086 0.2734
vn -0.7720 0.4685 0.4297
vn 0.1202 0.9519 0.2819
vn -0.9322 0.3579 -0.0534
vn -0.8543 0.4933 0.1635
vn 0.3078 0.9473 0.0885
vn 0.9826 0.0522 -0.1784
vn -0.9843 -0.1766 0.0058
vn -0.9721 -0.1782 0.1524
vn -0.9442 -0.2067 0.2564
vn -0.9775 -0.1234 0.1710
vn 0.9793 -0.0529 -0.1956
vn 0.9477 0.2276 -0.2238
vn -0.3828 -0.0342 -0.9232
vn -0.6532 -0.0831 -0.7526
vn -0.6803 -0.0709 -0.7295
vn -0.6288 -0.1110 -0.7696
vn 0.9402 0.2845 0.1871
vn 0.9215 0.2798 -0.2693
vn 0.6215 0.1221 0.7738
vn 0.8388 0.2107 0.5021
vn 0.3686 0.7154 0.5936
vn 0.2968 0.7499 0.5912
vn 0.8255 0.2625 -0.4996
vn 0.1828 -0.0646 0.9810
vn 0.3344 0.0351 0.9418
vn 0.9153 0.4028 -0.0045
vn 0.9447 0.3279 -0.0009
vn 0.9139 0.3972 0.0834
vn 0.9232 0.2784 -0.2650
vn -0.4362 -0.1913 0.8793
vn 0.4321 0.8999 0.0590
vn 0.9939 0.0469 -0.0998
vn 0.9952 0.0509 -0.0834
vn 0.8429 0.2130 -0.4941
vn 0.7542 -0.5709 -0.3245
vn -0.9080 -0.1004 0.4067
vn -0.8877 0.4538 0.0777
vn -0.7901 0.4266 0.4401
vn 0.9932 0.0522 -0.1039
vn -0.9940 -0.0028 0.1091
vn -0.8827 -0.1884 0.4305
vn -0.7274 -0.0553 -0.6839
vn -0.0851 0.9104 0.4050
vn 0.0798 0.2667 -0.9605
vn 0.9792 -0.1906 0.0693
vn -0.9923 -0.0198 0.1225
vn 0.8422 -0.3359 0.4219
vn 0.6810 -0.2486 0.6888
vn 0.6357 0.0830 0.7674
vn 0.7540 0.0116 0.6567
vn -0.6283 0.5618 -0.5382
vn -0.7497 -0.1141 -0.6519
vn 0.9562 0.2819 -0.0792
vn 0.8900 -0.4384 -0.1251
vn 0.1193 0.4274 0.8961
vn 0.0312 -0.2373 0.9709
vn 0.0937 0.4138 0.9055
vn 0.8657 0.3115 0.3919
vn -0.9822 -0.1798 -0.0540
vn 0.2008 0.5770 -0.7917
vn 0.1249 0.5111 -0.8504
vn 0.6811 0.1541 -0.7158
vn -0.9755 -0.2033 -0.0841
vn -0.9756 -0.2028 -0.0844
vn -0.7895 -0.6097 -0.0702
vn 0.5343 -0.8210 -0.2013
vn 0.5425 -0.8388 -0.0462
vn 0.9810 0.1922 -0.0260
vn 0.9811 0.1937 -0.0032
vn -0.2769 -0.5974 -0.7526
vn -0.2006 -0.5685 -0.7978
vn -0.9861 -0.0963 0.1351
vn -0.9146 -0.3553 0.1928
vn 0.9978 -0.0500 -0.0425
vn 0.7446 0.6226 -0.2405
vn -0.9097 -0.3622 0.2029
vn -0.8503 -0.4665 0.2438
vn -0.9671 -0.1346 0.2159
vn -0.9269 0.2554 -0.2750
vn -0.6476 0.7533 0.1148
vn 0.9443 0.3032 0.1275
vn -0.6999 0.6652 0.2603
vn -0.3624 0.9171 0.1662
vn 0.4109 0.8316 -0.3736
vn 0.3582 0.7322 -0.5793
vn 0.0372 0.3956 -0.9177
vn 0.0425 0.4657 -0.8839
vn 0.3112 0.6293 -0.7122
vn -0.4133 0.8549 0.3135
vn -0.4469 0.8214 0.3543
vn -0.8603 -0.2119 -0.4637
vn 0.2379 0.5391 -0.8079
vn 0.0031 0.2877 -0.9577
vn 0.0030 0.4285 -0.9035
vn -0.4661 0.8230 0.3248
vn 0.2546 0.7288 0.6357
vn -0.4523 0.8836 0.1210
vn 0.1575 0.7811 0.6042
vn 0.2036 0.7482 0.6315
vn -0.4712 0.8492 0.2385
vn 0.0065 0.9613 -0.2755
vn 0.0031 0.9632 -0.2689
vn 0.0065 0.4536 -0.8912
vn 0.0045 0.3833 -0.9236
vn 0.1387 0.8044 0.5777
vn -0.3837 0.9234 0.0093
vn -0.0291 0.4585 -0.8882
vn -0.0270 0.3882 -0.9212
vn -0.2802 0.9582 -0.0580
vn 0.1307 0.8033 0.5811
vn 0.1077 0.7854 0.6096
vn -0.0826 0.4828 -0.8718
vn -0.0766 0.4130 -0.9075
vn -0.1378 0.4581 -0.8782
vn -0.1442 0.5270 -0.8375
vn -0.2413 0.5999 -0.7628
vn -0.2354 0.5323 -0.8131
vn 0.0053 0.9980 -0.0633
vn -0.3265 0.6329 -0.7020
vn -0.3267 0.6972 -0.6381
vn 0.2137 0.9734 -0.0823
vn 0.1192 0.9896 -0.0811
vn 0.2084 -0.0907 -0.9738
vn -0.0568 0.7667 0.6395
vn -0.3678 0.7406 -0.5624
vn -0.3463 0.7989 -0.4917
vn -0.0871 0.7843 0.6142
vn -0.3709 0.8933 0.2539
vn -0.3670 0.8178 0.4434
vn 0.3859 0.8663 0.3172
vn 0.3966 0.8899 0.2254
vn -0.5836 0.6569 -0.4775
vn -0.4058 0.8347 -0.3722
vn 0.3053 0.9515 -0.0383
vn -0.1032 0.7906 0.6035
vn -0.3616 0.9260 -0.1089
vn -0.3511 0.8838 -0.3092
vn -0.1258 0.7734 0.6214
vn 0.3932 0.9177 0.0570
vn -0.4541 0.8537 0.2549
vn -0.4467 0.7735 0.4497
vn -0.5676 0.6006 0.5631
vn -0.6542 0.6131 0.4429
vn -0.5944 0.7006 0.3947
vn -0.1799 0.7331 0.6559
vn -0.4307 0.6972 0.5730
vn 0.0066 0.2927 -0.9562
vn 0.0064 0.2936 -0.9559
vn -0.2699 0.7044 0.6565
vn -0.4104 0.6697 0.6189
vn -0.7254 -0.1387 0.6742
vn -0.5659 0.0138 0.8244
vn -0.1375 0.2881 0.9477
vn -0.2350 0.9470 -0.2189
vn -0.2519 0.9460 -0.2043
vn -0.0611 0.3207 0.9452
vn 0.0103 0.9608 -0.2770
vn -0.5708 -0.1996 -0.7965
vn 0.0099 0.9670 -0.2547
vn 0.0005 -0.0795 -0.9968
vn 0.0928 0.9932 -0.0702
vn 0.2126 0.9771 -0.0108
vn 0.3187 0.9475 0.0238
vn 0.8574 -0.2739 0.4357
vn 0.3808 0.9212 0.0799
vn 0.9175 -0.3340 0.2158
vn -0.1910 0.0349 0.9810
vn 0.9266 -0.2445 -0.2856
vn 0.9416 -0.3158 -0.1170
vn -0.2276 -0.5860 0.7777
vn -0.3001 -0.6697 0.6793
vn -0.3346 -0.6497 0.6826
vn 0.5551 -0.1547 -0.8173
vn 0.8912 -0.1826 -0.4152
vn 0.2272 0.7485 0.6230
vn 0.2772 0.7184 0.6380
vn -0.3805 -0.7470 0.5452
vn -0.3936 -0.8510 0.3476
vn -0.1965 -0.7614 -0.6178
vn -0.9695 -0.2282 -0.0895
vn -0.8922 -0.0109 0.4515
vn 0.4241 -0.8402 0.3378
vn 0.1371 -0.7633 -0.6313
vn -0.3286 -0.7670 -0.5511
vn 0.4502 -0.8833 0.1303
vn 0.4375 -0.7866 -0.4359
vn 0.2899 -0.6984 -0.6543
vn 0.3538 -0.7054 -0.6142
vn -0.9422 -0.0157 -0.3348
vn -0.9306 -0.0261 -0.3650
vn -0.9820 -0.0966 -0.1626
vn -0.9926 0.1162 -0.0355
vn -0.9985 0.0021 -0.0552
vn -0.9803 -0.1096 -0.1646
vn -0.9807 -0.0741 -0.1807
vn -0.9834 -0.0317 -0.1784
vn -0.9851 -0.0706 -0.1569
vn -0.7592 -0.6237 0.1861
vn -0.4746 -0.7457 0.4676
vn -0.5412 -0.2766 0.7941
vn -0.5640 -0.2482 0.7876
vn 0.2283 -0.6147 0.7550
vn 0.7600 -0.5820 0.2893
vn -0.7405 -0.3695 0.5613
vn -0.6108 0.0962 0.7859
vn -0.6289 0.0584 0.7753
vn -0.3272 -0.0049 0.9449
vn -0.3240 0.0410 0.9452
vn -0.3826 0.0852 0.9200
vn 0.3267 0.7430 -0.5842
vn 0.2311 0.8156 -0.5305
vn 0.2052 0.7279 -0.6543
vn 0.2580 0.6659 -0.7000
vn 0.4375 -0.3393 -0.8327
vn 0.3101 -0.4622 -0.8308
vn -0.9758 -0.2133 0.0484
vn -0.1231 0.0458 -0.9913
vn -0.7830 0.4113 -0.4666
vn -0.7361 0.4669 -0.4901
vn -0.6920 0.3892 -0.6080
vn -0.7405 0.3406 -0.5794
vn -0.7735 0.5452 -0.3232
vn -0.8209 0.4811 -0.3077
vn -0.8427 0.5040 -0.1891
vn -0.5799 0.4005 -0.7094
vn -0.9705 0.2025 -0.1312
vn -0.7776 0.6248 -0.0704
vn -0.7856 0.5629 0.2570
vn -0.3193 -0.0747 -0.9447
vn -0.5496 0.2080 -0.8091
vn -0.6493 0.3477 -0.6763
vn -0.4844 0.2613 -0.8349
vn -0.8470 0.5240 0.0899
vn -0.8592 0.5109 -0.0276
vn -0.9955 0.0894 0.0313
vn -0.9767 0.0940 0.1931
vn -0.9792 0.0266 -0.2013
vn -0.9481 -0.0652 -0.3111
vn -0.3309 -0.0712 -0.9410
vn 0.7278 0.6018 -0.3289
vn 0.8529 0.4863 -0.1901
vn 0.5853 0.4717 -0.6595
vn 0.7004 0.3706 -0.6100
vn 0.6744 0.3100 -0.6701
vn 0.6524 0.5517 -0.5196
vn 0.4247 -0.6567 -0.6233
vn 0.9047 0.4012 -0.1435
vn 0.9960 0.0666 0.0602
vn 0.9457 0.2995 -0.1260
vn 0.2752 0.9592 -0.0644
vn 0.8836 0.3549 -0.3054
vn 0.9414 -0.2836 -0.1826
vn 0.9263 -0.2913 -0.2389
vn 0.9541 -0.1776 -0.2411
vn 0.2559 0.9077 -0.3325
vn 0.3759 0.8414 -0.3883
vn 0.4351 0.6240 -0.6491
vn 0.5354 0.7010 -0.4711
vn 0.4136 0.8360 -0.3605
vn 0.2097 0.9728 -0.0983
vn 0.3783 0.9099 -0.1702
vn 0.2501 0.4461 -0.8593
vn 0.0564 0.5568 -0.8287
vn -0.0897 0.7443 0.6617
vn -0.4568 0.6207 -0.6372
vn 0.3994 0.9049 0.1470
vn -0.3684 0.9268 0.0727
vn -0.5253 0.7625 -0.3776
vn -0.3493 0.7399 -0.5750
vn -0.3293 0.9426 0.0559
vn -0.1431 0.3639 -0.9204
vn -0.1133 0.4994 -0.8589
vn 0.9961 0.0414 0.0779
vn -0.9963 -0.0747 -0.0417
vn -0.0777 0.3177 -0.9450
vn -0.0605 0.4556 -0.8881
vn -0.0280 0.2922 -0.9560
vn -0.0206 0.4318 -0.9017
vn -0.0462 0.5452 -0.8370
vn -0.9872 0.1587 -0.0153
vn -0.7958 -0.6055 0.0081
vn -0.7798 -0.6004 0.1773
vn -0.9804 0.1494 0.1286
vn -0.0149 0.5240 -0.8516
vn -0.1896 0.7364 0.6495
vn -0.2562 0.7019 0.6646
vn -0.1456 0.7462 0.6496
vn -0.1097 0.7348 0.6693
vn -0.0444 0.8241 0.5646
vn -0.0830 0.6387 0.7649
vn -0.0646 0.7145 0.6966
vn 0.8098 -0.1574 -0.5651
vn -0.3446 0.6717 0.6558
vn -0.4391 0.6099 0.6597
vn 0.1622 0.6617 0.7320
vn 0.1277 0.7351 0.6658
vn 0.0930 0.6376 0.7647
vn -0.3071 0.7113 0.6322
vn -0.7230 0.6530 0.2255
vn -0.4849 0.8523 0.1961
vn -0.2742 0.9351 0.2245
vn -0.4997 0.6072 0.6177
vn 0.1650 0.7568 0.6325
vn 0.2175 0.6869 0.6935
vn 0.2650 0.7014 0.6617
vn 0.1930 0.7648 0.6147
vn 0.1804 0.7878 0.5890
vn 0.1477 0.8012 0.5799
vn 0.0857 0.8504 0.5191
vn 0.1047 0.8389 0.5341
vn -0.9791 -0.2032 -0.0074
vn 0.1287 0.7879 0.6022
vn 0.1008 0.7664 0.6344
vn 0.0554 0.7495 0.6597
vn 0.0027 0.6249 0.7807
vn 0.9831 0.0953 0.1564
vn 0.7544 0.4346 0.4919
vn 0.8346 0.4896 0.2526
vn 0.8655 0.5007 0.0123
vn 0.8721 0.4891 0.0158
vn 0.8565 0.4991 0.1318
vn -0.0902 0.4562 0.8853
vn 0.8781 -0.3051 0.3687
vn 0.3480 -0.6553 0.6704
vn 0.7786 -0.5620 0.2792
vn -0.2897 -0.8014 0.5233
vn 0.9998 -0.0042 -0.0218
vn 0.9997 -0.0110 0.0223
vn 0.6282 -0.7358 0.2530
vn -0.2464 -0.9077 0.3397
vn 0.9891 0.0242 0.1452
vn 0.9696 -0.2302 0.0827
vn 0.3144 0.6901 0.6519
vn 0.5700 0.6795 0.4619
vn 0.4959 0.6391 0.5879
vn 0.4487 0.7901 0.4176
vn 0.8642 0.4970 -0.0785
vn 0.8691 0.4935 -0.0333
vn 0.8707 0.4911 -0.0256
vn 0.8713 0.4856 -0.0713
vn 0.3267 0.6978 0.6375
vn -0.9161 -0.0780 0.3934
vn 0.3748 0.8028 0.4638
vn 0.2683 -0.5962 -0.7567
vn -0.0181 -0.7943 0.6072
vn 0.4640 -0.5962 -0.6551
vn -0.8180 0.5676 -0.0939
vn -0.9641 -0.2547 -0.0752
vn 0.9801 -0.0605 0.1889
vn 0.9337 -0.1863 -0.3056
vn -0.6787 -0.0132 0.7343
vn 0.4346 0.8889 -0.1448
vn 0.0117 0.9822 0.1877
vn 0.0786 0.8889 -0.4513
vn 0.3364 0.5410 -0.7708
vn 0.2959 -0.8289 0.4748
vn 0.2659 -0.8032 0.5331
vn -0.6826 -0.0430 0.7295
vn -0.6562 -0.1401 0.7415
vn 0.7493 -0.6051 0.2691
vn 0.9952 -0.0140 0.0973
vn 0.5700 -0.7312 -0.3748
vn -0.5201 -0.7336 0.4374
vn -0.4784 -0.7586 0.4424
vn 0.5559 -0.7061 -0.4386
vn -0.9670 0.2156 -0.1357
vn -0.9887 0.1496 0.0001
vn 0.7313 -0.1735 0.6596
vn 0.6701 -0.1297 0.7309
vn 0.6844 -0.0841 0.7242
vn 0.7486 -0.1288 0.6504
vn 0.5503 -0.0310 -0.8344
vn 0.0624 0.9968 0.0495
vn 0.6497 -0.7507 0.1200
vn -0.3494 0.9328 0.0882
vn -0.6199 -0.0658 -0.7819
vn -0.4136 -0.7726 -0.4816
vn 0.0778 0.9886 0.1292
vn 0.3669 0.9302 -0.0085
vn 0.0054 0.2914 -0.9566
vn 0.2923 -0.1228 0.9484
vn 0.2780 -0.0257 0.9602
vn 0.2901 -0.1133 0.9503
vn -0.3434 -0.7622 0.5488
vn -0.9268 -0.3453 -0.1475
vn -0.9763 -0.2064 0.0651
vn 0.9683 -0.1311 0.2125
vn 0.9624 -0.0871 0.2574
vn -0.9768 -0.2103 0.0409
vn -0.8611 0.5057 -0.0529
vn -0.7652 0.6409 -0.0612
vn 0.3884 -0.8542 0.3456
vn 0.4074 -0.8018 -0.4373
vn -0.9787 -0.0414 0.2012
vn -0.9978 -0.0504 0.0424
vn -0.6343 -0.4830 0.6036
vn -0.9538 -0.2402 0.1804
vn 0.4172 -0.1237 0.9003
vn -0.8162 0.5225 0.2465
vn 0.9124 0.1224 -0.3906
vn 0.6430 0.3323 -0.6900
vn 0.6624 0.2687 -0.6993
vn 0.9968 -0.0801 0.0057
vn -0.9791 0.1542 -0.1326
vn -0.9885 0.1504 -0.0157
vn -0.7832 -0.6167 -0.0789
vn -0.7563 -0.6345 -0.1597
vn -0.7790 0.2355 0.5812
vn -0.9171 0.2503 0.3103
vn 0.9690 -0.2257 -0.1008
vn 0.9869 -0.1507 0.0574
vn 0.9732 -0.2267 0.0395
vn 0.9061 -0.2940 -0.3040
vn -0.9888 0.0558 -0.1385
vn -0.9946 0.0902 0.0521
vn -0.7069 0.6197 -0.3410
vn -0.6688 0.5333 -0.5179
vn -0.4893 0.2439 -0.8373
vn -0.5900 0.3911 -0.7063
vn -0.6231 0.4483 -0.6409
vn -0.9909 -0.0548 -0.1226
vn -0.9864 -0.0547 -0.1552
vn -0.9993 -0.0190 0.0329
vn -0.9224 -0.0728 -0.3793
vn -0.9326 -0.0771 -0.3525
vn -0.8577 0.5082 -0.0775
vn -0.9806 -0.1083 -0.1632
vn -0.9757 -0.0383 -0.2157
vn 0.2964 0.4314 -0.8521
vn 0.2930 0.4425 -0.8475
vn 0.1780 0.0082 -0.9840
vn -0.3587 -0.8571 0.3698
vn -0.4136 -0.8583 0.3038
vn 0.5401 -0.5486 -0.6382
vn -0.9038 0.4035 0.1425
vn 0.0928 0.8872 0.4520
vn 0.0589 0.4119 0.9093
vn 0.0679 0.8903 0.4502
vn -0.8115 -0.3757 -0.4475
vn -0.8571 -0.3722 -0.3563
vn -0.8808 -0.3091 -0.3586
vn -0.9802 0.1536 0.1248
vn -0.9720 0.2061 0.1130
vn -0.9709 0.2093 0.1166
vn 0.0013 0.2253 -0.9743
vn 0.9471 0.3090 0.0866
vn 0.9739 0.1960 0.1148
vn -0.9784 0.1904 0.0804
vn 0.8548 0.0219 -0.5186
vn -0.0168 -0.2335 0.9722
vn -0.0848 -0.2216 0.9714
vn -0.5061 -0.8420 0.1868
vn 0.7266 -0.5703 -0.3832
vn 0.6503 -0.5655 -0.5072
vn -0.4692 -0.8491 0.2427
vn -0.0918 0.9957 -0.0092
vn -0.1273 0.9867 -0.1015
vn -0.2430 0.7566 -0.6070
vn -0.3630 0.9311 0.0352
vn 0.5318 -0.8469 -0.0050
vn 0.9923 -0.0491 0.1136
vn -0.9284 -0.2952 -0.2259
vn -0.9273 -0.2913 -0.2350
vn -0.9475 -0.2762 -0.1613
vn -0.9469 -0.2792 -0.1594
vn -0.9789 0.0245 -0.2028
vn -0.9752 0.0473 -0.2162
vn 0.9381 -0.3436 0.0440
vn 0.4174 -0.8981 0.1385
vn 0.5367 0.8321 -0.1397
vn -0.0587 0.9972 0.0454
vn -0.8054 0.5897 -0.0601
vn -0.5396 -0.7842 -0.3063
vn 0.6354 -0.6717 0.3809
vn -0.6592 -0.0915 -0.7464
vn -0.5779 0.0042 -0.8161
vn 0.0059 0.2918 -0.9565
vn -0.2409 -0.1238 0.9626
vn 0.9664 -0.1925 0.1704
vn 0.9700 -0.1780 0.1656
vn -0.2707 -0.8235 0.4986
vn -0.1927 -0.8376 0.5112
vn 0.2873 -0.6095 -0.7389
vn 0.3902 -0.6286 -0.6728
vn 0.9800 -0.1894 0.0607
vn -0.2130 -0.7292 0.6503
vn -0.3030 -0.7611 0.5735
vn -0.9657 -0.2113 0.1509
vn -0.9646 -0.2144 0.1533
vn -0.9739 -0.2121 -0.0804
vn 0.8502 0.2119 -0.4818
vn 0.9383 0.3382 -0.0727
vn 0.9357 0.3403 0.0928
vn 0.1367 -0.5934 -0.7932
vn 0.1557 -0.5864 -0.7949
vn -0.0836 0.0563 -0.9949
vn -0.1019 0.0448 -0.9938
vn -0.9987 0.0055 0.0505
vn -0.9992 0.0086 0.0399
vn -0.9062 -0.1051 0.4095
vn -0.9929 -0.1191 0.0048
vn -0.9780 -0.2083 0.0116
vn 0.9676 0.1942 -0.1616
vn 0.8249 -0.5384 -0.1719
vn 0.8494 -0.5217 -0.0794
vn 0.8436 -0.5026 -0.1892
vn -0.3068 -0.0791 -0.9485
vn -0.1241 0.0106 -0.9922
vn 0.5364 0.2198 -0.8148
vn 0.9863 -0.1482 0.0723
vn 0.9971 0.0514 0.0569
vn 0.9759 -0.1550 0.1536
vn 0.9655 -0.2258 0.1295
vn 0.9744 -0.1656 0.1523
vn 0.9728 -0.1754 0.1513
vn -0.6982 -0.6626 -0.2710
vn -0.9199 0.1563 -0.3598
vn -0.7386 0.1384 -0.6598
vn -0.6009 -0.6849 -0.4122
vn -0.7899 -0.6043 0.1039
vn -0.9742 0.1905 0.1210
vn -0.9265 0.2031 0.3169
vn 0.5594 -0.8064 -0.1918
vn -0.7853 -0.5916 0.1826
vn 0.5483 -0.8201 0.1638
vn -0.1866 -0.4313 0.8827
vn -0.1835 -0.3688 0.9112
vn -0.2291 -0.3516 0.9077
vn -0.2117 -0.4160 0.8844
vn -0.4554 -0.7041 -0.5449
vn -0.0678 -0.7692 -0.6354
vn -0.1232 -0.7033 -0.7001
vn -0.5301 -0.6564 0.5368
vn -0.1195 -0.7183 -0.6854
vn 0.0582 -0.7604 0.6468
vn 0.1901 -0.7837 0.5914
vn 0.3287 -0.9294 0.1677
vn -0.4352 -0.8996 -0.0366
vn 0.0631 0.0787 -0.9949
vn 0.8035 -0.2296 0.5492
vn -0.4672 -0.8647 -0.1847
vn 0.8579 -0.5138 0.0075
vn 0.3118 -0.8717 0.3781
vn -0.4780 -0.8772 0.0450
vn -0.2364 0.9477 0.2143
vn -0.5819 0.5541 0.5953
vn 0.8514 -0.5202 -0.0666
vn -0.3431 0.0151 -0.9392
vn -0.3631 0.0766 -0.9286
vn 0.8487 -0.4898 0.1995
vn 0.2507 0.1162 0.9611
vn 0.5711 0.1886 0.7990
vn 0.3767 -0.5942 0.7106
vn -0.6761 -0.2234 -0.7021
vn -0.2231 -0.8507 -0.4760
vn 0.1294 -0.6439 0.7541
vn -0.0691 -0.6907 0.7198
vn -0.4184 -0.8854 0.2026
vn -0.3913 -0.9119 -0.1236
vn -0.9103 -0.3021 0.2828
vn -0.7287 0.6796 -0.0847
vn 0.0252 0.9705 0.2396
vn 0.0229 0.9687 0.2471
vn -0.9755 0.2183 -0.0277
vn -0.7495 0.6521 -0.1144
vn -0.9680 0.2146 -0.1299
vn -0.7588 0.6401 0.1203
vn -0.7305 0.6752 0.1023
vn -0.4297 0.0902 -0.8984
vn -0.9649 0.2385 0.1103
vn -0.1018 0.0321 -0.9943
vn -0.7887 0.1883 0.5853
vn -0.4596 0.0989 -0.8826
vn -0.4760 0.1001 -0.8738
vn -0.5943 0.0050 -0.8042
vn -0.0511 -0.5772 -0.8150
vn -0.0558 0.5650 0.8232
vn 0.1586 -0.0359 -0.9867
vn 0.5624 -0.0885 0.8221
vn 0.5734 -0.0419 0.8182
vn 0.2216 0.5025 0.8357
vn 0.4443 0.4528 0.7730
vn 0.6090 0.4053 0.6818
vn 0.9189 -0.2958 0.2610
vn 0.3667 0.1259 -0.9218
vn 0.3505 0.2265 -0.9088
vn 0.9873 -0.1578 -0.0180
vn 0.9866 -0.1629 -0.0129
vn 0.0439 0.1783 -0.9830
vn 0.0274 0.2414 -0.9700
vn -0.3889 0.9159 0.0995
vn -0.4356 0.9001 0.0042
vn -0.1024 0.1361 0.9854
vn -0.0793 0.0378 0.9961
vn -0.9306 -0.3175 -0.1824
vn -0.9388 -0.2054 0.2763
vn -0.9639 -0.2473 -0.0983
vn -0.3231 0.9460 -0.0250
vn -0.3282 0.9378 0.1132
vn -0.3679 0.9271 -0.0715
vn -0.3966 0.9173 0.0351
vn -0.7512 0.6555 0.0774
vn -0.2610 0.5708 -0.7785
vn -0.0559 0.8478 -0.5273
vn -0.7569 -0.3081 -0.5763
vn -0.7839 -0.3570 -0.5080
vn -0.7579 -0.2402 -0.6065
vn 0.0826 0.8396 0.5369
vn 0.3501 0.7623 -0.5443
vn 0.3495 0.7563 -0.5531
vn 0.2675 0.8011 0.5354
vn 0.4143 0.7695 0.4861
vn 0.5214 0.3467 0.7797
vn 0.5435 0.2859 0.7892
vn 0.5228 0.7407 0.4219
vn 0.7816 0.6083 0.1379
vn 0.9443 0.3173 -0.0871
vn 0.9375 0.3363 -0.0892
vn 0.9058 0.4188 -0.0639
vn 0.9165 0.3941 -0.0689
vn 0.9190 0.3894 0.0612
vn 0.3327 0.2902 -0.8973
vn 0.2259 0.2146 0.9502
vn 0.2073 0.2761 0.9385
vn -0.1175 0.1985 0.9730
vn 0.9054 -0.4185 -0.0720
vn -0.3661 -0.9304 -0.0150
vn -0.3544 -0.9071 -0.2272
vn -0.3440 -0.9153 -0.2094
vn 0.4124 -0.7160 -0.5633
vn 0.3829 -0.7319 -0.5636
vn -0.6953 0.0211 0.7184
vn -0.5692 0.0727 0.8189
vn -0.9519 -0.1415 0.2718
vn 0.9068 0.4177 0.0574
vn -0.9166 -0.3218 0.2371
vn -0.9222 -0.2581 0.2880
vn -0.9146 -0.3790 0.1408
vn -0.4377 -0.1175 -0.8914
vn 0.8609 -0.4301 0.2717
vn 0.8202 -0.4213 0.3870
vn 0.8762 0.3022 0.3753
vn 0.9210 0.2920 0.2579
vn 0.9695 -0.2208 -0.1065
vn 0.4620 0.2064 -0.8625
vn 0.5846 0.1820 -0.7906
vn -0.9114 0.2041 -0.3574
vn -0.2072 0.2394 -0.9485
vn -0.9264 -0.3414 -0.1589
vn -0.7314 0.1866 -0.6560
vn -0.4264 0.1395 -0.8937
vn -0.9124 -0.2622 0.3144
vn 0.9139 0.1185 0.3882
vn 0.8468 0.1503 0.5102
vn 0.8581 0.0822 0.5068
vn -0.9745 0.2241 -0.0092
vn -0.9852 0.1717 0.0033
vn 0.2001 0.2535 -0.9464
vn 0.2112 0.1868 -0.9594
vn 0.1299 -0.4651 -0.8757
vn 0.2317 0.2439 -0.9417
vn 0.0022 0.2212 -0.9752
vn -0.0320 -0.5810 -0.8133
vn 0.6558 -0.7268 0.2040
vn 0.9957 -0.0115 0.0919
vn 0.9931 -0.0177 -0.1159
vn 0.6654 -0.7352 -0.1294
vn 0.9969 -0.0171 0.0763
vn 0.6507 -0.7566 -0.0651
vn 0.9445 0.0147 -0.3282
vn 0.8940 0.0117 -0.4480
vn -0.6831 -0.6960 0.2211
vn 0.9953 -0.0147 0.0957
vn 0.9944 0.0572 0.0892
vn 0.5172 0.8475 -0.1198
vn -0.1135 0.9856 -0.1256
vn 0.5892 0.1838 -0.7868
vn 0.4674 0.2080 -0.8592
vn 0.0031 0.2875 -0.9578
vn 0.3484 0.1652 -0.9227
vn 0.1749 -0.5933 -0.7857
vn -0.9118 -0.3816 -0.1513
vn -0.3246 -0.9288 -0.1786
vn -0.3233 -0.9353 -0.1437
vn 0.7793 -0.4160 0.4687
vn 0.8308 0.3016 0.4677
vn -0.7493 -0.2411 -0.6168
vn -0.7098 -0.1723 -0.6831
vn -0.3429 0.1806 -0.9219
vn -0.2197 0.2416 -0.9452
vn -0.2499 0.1751 -0.9523
vn -0.4239 -0.7850 0.4517
vn -0.3267 0.1789 -0.9281
vn -0.1152 -0.5646 -0.8173
vn -0.1028 -0.5674 -0.8170
vn -0.0880 -0.9511 0.2960
vn 0.7539 0.0991 0.6494
vn 0.4956 -0.6510 0.5749
vn 0.5825 -0.6499 0.4882
vn -0.2519 -0.2403 0.9375
vn -0.2715 -0.2024 0.9409
vn -0.0421 -0.3520 0.9350
vn -0.0488 -0.3544 0.9338
vn 0.2605 -0.0258 0.9651
vn 0.2673 -0.1234 0.9557
vn 0.2302 -0.1953 0.9533
vn 0.2382 -0.0970 0.9664
vn -0.9256 -0.3763 0.0398
vn -0.8347 -0.1475 0.5306
vn -0.0996 -0.9573 0.2715
vn -0.1183 -0.9528 0.2797
vn -0.8307 -0.1448 0.5376
vn -0.3698 -0.1834 0.9108
vn -0.2080 0.3398 -0.9172
vn -0.1626 -0.3732 -0.9134
vn -0.1675 -0.3126 -0.9350
vn -0.2385 -0.3074 0.9212
vn -0.2677 -0.2693 0.9251
vn -0.2153 -0.8882 0.4059
vn -0.1839 -0.9093 0.3732
vn -0.2440 -0.3121 0.9182
vn -0.2340 -0.3108 0.9212
vn -0.2294 -0.2786 0.9326
vn 0.1631 -0.4363 0.8849
vn 0.0863 -0.4192 0.9038
vn 0.0279 -0.3826 0.9235
vn 0.0169 -0.9593 0.2820
vn 0.0514 -0.4421 0.8955
vn 0.9750 -0.0431 0.2179
vn 0.9107 0.1172 0.3960
vn 0.9501 0.0769 0.3022
vn 0.3362 0.0637 0.9396
vn 0.4503 0.1358 0.8825
vn -0.4823 -0.8671 0.1249
vn 0.8440 0.1485 0.5153
vn 0.7435 0.1667 0.6477
vn -0.0210 -0.2787 0.9601
vn -0.0891 -0.2671 0.9596
vn 0.2998 -0.0077 0.9540
vn 0.1797 -0.4789 0.8593
vn 0.2032 -0.4239 0.8826
vn 0.1970 -0.4165 0.8876
vn 0.2588 -0.4401 0.8598
vn 0.2051 -0.4177 0.8851
vn 0.1604 -0.4948 0.8541
vn 0.1136 -0.4768 0.8716
vn 0.0432 -0.9696 0.2408
vn 0.0578 -0.9757 0.2114
vn 0.9795 -0.0420 -0.1971
vn 0.9927 0.0734 -0.0962
vn 0.8930 -0.4453 0.0654
vn 0.8961 -0.4372 0.0765
vn 0.9555 0.2826 0.0845
vn 0.9569 0.2805 0.0755
vn -0.9714 0.2361 0.0259
vn 0.9991 -0.0214 0.0377
vn 0.9945 0.0602 0.0853
vn 0.9784 0.0266 -0.2050
vn 0.9915 0.0392 -0.1239
vn 0.9927 -0.0307 -0.1169
vn 0.3332 0.2321 -0.9138
vn -0.9035 -0.3547 -0.2407
vn -0.9076 -0.3848 -0.1680
vn -0.3533 -0.9284 -0.1152
vn -0.3771 -0.9232 -0.0744
vn -0.0292 0.2915 -0.9561
vn -0.1071 0.2773 -0.9548
vn -0.1280 0.2118 -0.9689
vn -0.8931 -0.1808 0.4119
vn -0.9204 -0.2226 0.3214
vn -0.3599 -0.9302 -0.0715
vn -0.3699 -0.9259 -0.0771
vn -0.2830 -0.8651 0.4142
vn -0.9174 -0.1567 0.3659
vn -0.9011 -0.1130 0.4187
vn 0.2080 0.3415 -0.9166
vn 0.2163 0.3843 -0.8975
vn 0.0378 -0.3800 0.9242
vn 0.0983 -0.4163 0.9039
vn 0.2290 -0.3180 0.9200
vn 0.1639 -0.4341 0.8858
vn -0.0513 -0.8562 0.5141
vn 0.4827 0.1406 -0.8644
vn -0.5593 -0.7103 0.4274
vn -0.5913 -0.6928 0.4129
vn -0.8592 -0.0287 0.5108
vn -0.9273 -0.3707 0.0524
vn -0.0434 0.2262 -0.9731
vn -0.8164 -0.2129 0.5368
vn -0.6879 -0.2406 0.6848
vn 0.3193 0.0637 0.9455
vn 0.0911 -0.9556 0.2803
vn 0.0670 -0.9721 0.2249
vn 0.1072 -0.2182 0.9700
vn 0.2206 -0.1811 0.9584
vn 0.9969 -0.0248 0.0750
vn 0.9968 -0.0241 -0.0756
vn 0.0244 0.1470 -0.9888
vn 0.1564 -0.3729 -0.9146
vn 0.1290 -0.9179 0.3752
vn -0.3685 -0.9135 0.1724
vn -0.3657 -0.9207 0.1361
vn 0.8581 -0.4438 0.2583
vn -0.3855 -0.9213 -0.0517
vn 0.1573 -0.3605 -0.9194
vn -0.6934 -0.7076 -0.1363
vn 0.6524 -0.7518 -0.0959
vn -0.3505 -0.8071 0.4750
vn -0.6896 -0.1511 0.7083
vn -0.5952 -0.1816 0.7828
vn -0.0303 -0.8537 0.5199
vn -0.0576 -0.8543 0.5167
vn -0.1351 0.9813 0.1375
vn -0.7483 0.6432 0.1621
vn -0.2066 0.9750 0.0821
vn -0.1426 -0.5623 -0.8145
vn 0.9664 -0.1930 0.1697
vn -0.0352 -0.8548 0.5178
vn -0.1185 -0.8483 0.5161
vn 0.9346 0.0816 -0.3461
vn 0.4495 -0.6812 0.5778
vn 0.8027 0.2800 0.5266
vn 0.7838 0.3249 0.5293
vn 0.8162 0.3458 0.4628
vn 0.5521 -0.6060 0.5727
vn -0.7040 -0.7051 -0.0848
vn 0.6913 0.0889 0.7171
vn 0.6176 -0.0017 0.7865
vn 0.5907 0.0456 0.8056
vn 0.6651 0.1357 0.7343
vn -0.9975 -0.0464 0.0532
vn -0.9906 -0.0386 0.1310
vn -0.9900 -0.0522 -0.1314
vn -0.9817 -0.0373 0.1867
vn -0.6892 -0.6793 0.2519
vn 0.7438 -0.4356 0.5069
vn 0.9304 -0.2003 0.3070
vn 0.1462 -0.4972 -0.8552
vn 0.9670 -0.0560 0.2487
vn 0.9934 -0.0726 0.0892
vn 0.9964 -0.0247 0.0811
vn 0.6491 -0.7556 0.0874
vn 0.8846 -0.4349 0.1683
vn -0.8520 -0.1427 -0.5036
vn 0.9707 -0.0949 0.2206
vn -0.1472 -0.4638 -0.8736
vn 0.0974 0.9902 0.1001
vn 0.1930 0.3538 -0.9152
vn -0.9785 -0.0950 -0.1831
vn -0.0648 -0.3407 -0.9379
vn -0.0550 0.3828 -0.9222
vn 0.0127 -0.3688 -0.9294
vn -0.0016 -0.2482 0.9687
vn 0.9524 0.3014 -0.0452
vn -0.0011 -0.2495 0.9684
vn 0.6969 0.1609 -0.6989
vn -0.4753 -0.2075 0.8550
vn -0.4709 -0.1612 0.8673
vn -0.5913 -0.1351 0.7950
vn -0.6854 -0.1044 0.7206
vn 0.3417 -0.1217 0.9319
vn -0.7450 -0.0692 0.6635
vn -0.7497 -0.1163 0.6515
vn 0.4708 -0.0438 0.8811
vn -0.8571 0.0185 0.5148
vn -0.8942 -0.0177 0.4473
vn -0.8936 0.0293 0.4480
vn 0.7083 0.2161 0.6720
vn 0.4376 0.8300 0.3457
vn 0.7487 0.2807 0.6005
vn 0.4398 0.8528 0.2817
vn 0.8639 0.3461 0.3660
vn -0.9793 0.0175 0.2015
vn 0.4893 0.8658 0.1047
vn 0.9083 0.3359 0.2495
vn 0.9289 0.2754 0.2475
vn 0.5057 0.8600 0.0681
vn 0.9306 0.3299 0.1585
vn -0.9568 -0.0339 -0.2887
vn 0.9228 0.2863 -0.2578
vn 0.9402 0.3354 -0.0598
vn -0.9177 -0.0664 -0.3918
vn -0.9192 -0.1131 -0.3772
vn 0.9282 0.3329 -0.1662
vn 0.9373 0.3460 -0.0425
vn 0.5033 0.8613 -0.0697
vn 0.4723 0.7970 -0.3766
vn 0.6929 0.2064 -0.6908
vn -0.2376 0.3816 -0.8933
vn -0.0409 0.4253 -0.9041
vn 0.1921 0.3970 -0.8975
vn 0.1613 0.3941 -0.9048
vn -0.7256 0.6621 0.1875
vn 0.0445 0.8938 0.4463
vn -0.1089 0.9913 -0.0733
vn -0.1426 0.9187 0.3682
vn 0.1565 0.8880 0.4325
vn -0.2373 0.9578 0.1621
vn -0.6219 0.5783 0.5281
vn -0.6636 0.6300 0.4034
vn -0.6449 0.6069 0.4645
vn -0.2317 0.9663 0.1125
vn -0.2231 0.9723 0.0693
vn -0.2147 0.9760 0.0350
vn -0.6785 0.6461 0.3496
vn -0.6969 0.6582 0.2848
vn -0.2118 0.9773 0.0047
vn -0.2154 0.9761 -0.0279
vn -0.0371 0.9980 -0.0506
vn -0.0732 0.9941 -0.0806
vn -0.2186 0.9744 -0.0521
vn -0.2178 0.9741 -0.0607
vn -0.2074 0.9747 0.0828
vn -0.7512 0.6353 0.1790
vn -0.2089 0.9634 -0.1680
vn -0.9991 0.0068 -0.0417
vn -0.1133 0.9925 -0.0466
vn -0.1190 0.9918 -0.0466
vn -0.1351 0.9826 0.1271
vn -0.6993 0.5674 -0.4349
vn -0.2591 0.9511 -0.1682
vn -0.1042 0.9930 0.0559
vn 0.9197 -0.3376 -0.2006
vn -0.2023 0.9564 -0.2108
vn -0.1632 0.9715 -0.1721
vn 0.0787 0.9950 0.0621
vn -0.1235 0.9073 -0.4020
vn -0.2155 0.8242 -0.5237
vn -0.1704 0.8773 -0.4487
vn -0.0167 0.9848 0.1730
vn -0.0548 0.9945 0.0893
vn 0.0111 0.9739 0.2269
vn 0.1434 0.8832 0.4466
vn -0.9823 0.0143 0.1868
vn 0.7333 0.1700 0.6583
vn 0.7714 0.2353 0.5913
vn -0.9995 0.0080 -0.0290
vn 0.9448 0.2850 0.1619
vn -0.8513 -0.0963 -0.5157
vn 0.9369 0.3419 0.0735
vn 0.9448 0.2881 -0.1563
vn 0.8181 0.1452 -0.5565
vn 0.2633 0.2148 -0.9405
vn 0.9901 0.0478 -0.1320
vn -0.9902 0.1028 -0.0945
vn 0.9287 -0.2406 0.2820
vn 0.9724 -0.2332 0.0105
vn 0.9633 0.1369 0.2310
vn -0.9664 0.0779 -0.2450
vn -0.9870 0.1317 -0.0920
vn 0.9267 0.3575 0.1155
vn 0.9863 0.0999 0.1315
vn 0.9053 0.4245 -0.0170
vn 0.9664 -0.1475 0.2106
vn 0.8489 0.4046 -0.3400
vn 0.9922 0.0345 -0.1195
vn 0.9818 -0.1894 0.0099
vn 0.9879 0.1378 0.0716
vn -0.9505 -0.3074 -0.0460
vn 0.5256 -0.8353 0.1612
vn 0.9984 0.0401 0.0401
vn -0.4647 -0.8850 -0.0284
vn 0.9986 -0.0126 0.0518
vn 0.9863 -0.0450 0.1588
vn 0.9909 -0.1279 0.0416
vn -0.9837 0.1489 0.1013
vn -0.9491 0.2590 -0.1794
vn -0.9997 -0.0207 0.0160
vn -0.3714 0.9222 0.1079
vn -0.3224 0.9432 0.0798
vn 0.9875 -0.1163 0.1068
vn 0.9806 -0.1613 0.1111
vn -0.9442 -0.1707 0.2815
vn -0.9573 0.2492 -0.1467
vn -0.9987 0.0369 0.0338
vn -0.7977 -0.6028 0.0189
vn -0.1154 0.9918 -0.0544
vn 0.9956 -0.0716 0.0604
vn -0.9784 -0.1731 0.1130
vn -0.3785 0.1312 0.9163
vt 0.005516 0.128424
vt 0.374789 0.128334
vt 0.004560 0.134110
vt 0.004722 0.134545
vt 0.364542 0.136048
vt 0.363908 0.127888
vt 0.353022 0.128369
vt 0.353928 0.136866
vt 0.010796 0.086695
vt 0.011247 0.083561
vt 0.010492 0.083561
vt 0.010038 0.086684
vt 0.363342 0.118663
vt 0.352541 0.118962
vt 0.027142 0.128427
vt 0.016215 0.127394
vt 0.015915 0.135520
vt 0.027058 0.137055
vt 0.015574 0.083561
vt 0.015503 0.082741
vt 0.013191 0.082741
vt 0.013182 0.083561
vt 0.006440 0.134629
vt 0.007248 0.127709
vt 0.006058 0.128049
vt 0.005202 0.134542
vt 0.018456 0.108145
vt 0.016854 0.118557
vt 0.027490 0.119033
vt 0.028722 0.108357
vt 0.010081 0.118835
vt 0.009276 0.127371
vt 0.846815 0.296468
vt 0.846718 0.300096
vt 0.835024 0.299764
vt 0.835086 0.296156
vt 0.031810 0.082741
vt 0.022165 0.082741
vt 0.022242 0.083561
vt 0.031881 0.083561
vt 0.011844 0.080644
vt 0.011354 0.080644
vt 0.010815 0.082741
vt 0.011468 0.082741
vt 0.040322 0.108947
vt 0.041778 0.097156
vt 0.030507 0.097000
vt 0.031706 0.074511
vt 0.022163 0.074511
vt 0.022082 0.080644
vt 0.031717 0.080644
vt 0.003538 0.151913
vt 0.003861 0.148727
vt 0.003431 0.148650
vt 0.002923 0.151909
vt 0.154577 0.193767
vt 0.166285 0.193554
vt 0.162660 0.180439
vt 0.149188 0.180586
vt 0.014241 0.150360
vt 0.013742 0.154166
vt 0.023731 0.157140
vt 0.024679 0.152522
vt 0.023307 0.159509
vt 0.013350 0.157102
vt 0.013151 0.158191
vt 0.023140 0.160296
vt 0.003226 0.154014
vt 0.004379 0.154228
vt 0.004730 0.152092
vt 0.056838 0.163241
vt 0.053905 0.169010
vt 0.063316 0.175410
vt 0.068385 0.169517
vt 0.051214 0.171258
vt 0.050178 0.171820
vt 0.057635 0.178184
vt 0.058699 0.176769
vt 0.166019 0.014407
vt 0.797734 0.963804
vt 0.797913 0.963042
vt 0.810037 0.968032
vt 0.044394 0.164556
vt 0.043366 0.166321
vt 0.052228 0.171032
vt 0.046833 0.158897
vt 0.075539 0.184096
vt 0.082755 0.179284
vt 0.088186 0.193615
vt 0.096431 0.190282
vt 0.059429 0.177582
vt 0.070148 0.186565
vt 0.507798 0.740319
vt 0.509178 0.734007
vt 0.515328 0.734931
vt 0.513116 0.742153
vt 0.082799 0.195695
vt 0.828056 0.540743
vt 0.827863 0.523367
vt 0.840308 0.523257
vt 0.840513 0.540616
vt 0.326542 0.161214
vt 0.332362 0.166103
vt 0.342338 0.162164
vt 0.337762 0.157296
vt 0.116089 0.198043
vt 0.107378 0.200013
vt 0.117526 0.210041
vt 0.125847 0.208788
vt 0.109500 0.212175
vt 0.099074 0.202605
vt 0.103489 0.214220
vt 0.093411 0.204534
vt 0.091082 0.205454
vt 0.101610 0.214953
vt 0.093540 0.204485
vt 0.320763 0.172457
vt 0.313614 0.167764
vt 0.334212 0.167506
vt 0.343884 0.163550
vt 0.326523 0.174852
vt 0.335325 0.168376
vt 0.334652 0.167894
vt 0.325052 0.174373
vt 0.958397 0.847277
vt 0.957162 0.847533
vt 0.955655 0.831402
vt 0.957175 0.831388
vt 0.299440 0.177672
vt 0.307892 0.181526
vt 0.287358 0.632187
vt 0.275090 0.632731
vt 0.275054 0.615128
vt 0.287293 0.614702
vt 0.312080 0.183024
vt 0.323987 0.174135
vt 0.300815 0.192942
vt 0.313336 0.183409
vt 0.299353 0.192390
vt 0.956500 0.816415
vt 0.955013 0.816148
vt 0.955729 0.802939
vt 0.957010 0.803602
vt 0.285709 0.188865
vt 0.294633 0.191311
vt 0.274333 0.198643
vt 0.282970 0.200879
vt 0.289492 0.202618
vt 0.291717 0.203236
vt 0.302797 0.193461
vt 0.272225 0.211320
vt 0.276965 0.212509
vt 0.287731 0.202076
vt 0.305447 0.161327
vt 0.289821 0.172911
vt 0.348348 0.154400
vt 0.358441 0.152193
vt 0.355820 0.145130
vt 0.344416 0.147099
vt 0.265275 0.183057
vt 0.275529 0.185699
vt 0.278798 0.168666
vt 0.124781 0.196580
vt 0.113948 0.184405
vt 0.104913 0.187067
vt 0.079812 0.137255
vt 0.081523 0.152702
vt 0.103007 0.151933
vt 0.099059 0.138185
vt 0.295446 0.152156
vt 0.098507 0.125159
vt 0.080115 0.124228
vt 0.073932 0.162272
vt 0.090060 0.174065
vt 0.099210 0.169647
vt 0.299700 0.080644
vt 0.278907 0.080644
vt 0.278843 0.082741
vt 0.300308 0.082741
vt 0.300399 0.083561
vt 0.278793 0.083561
vt 0.049144 0.029509
vt 0.049144 0.033899
vt 0.037032 0.033899
vt 0.037032 0.029509
vt 0.128539 0.166399
vt 0.122116 0.151775
vt 0.113001 0.167324
vt 0.124495 0.182319
vt 0.136353 0.181018
vt 0.360561 0.096890
vt 0.362285 0.108110
vt 0.369449 0.108183
vt 0.367805 0.096696
vt 0.350528 0.096975
vt 0.351700 0.108236
vt 0.038754 0.323848
vt 0.038834 0.326662
vt 0.036782 0.326689
vt 0.036731 0.323878
vt 0.234226 0.165054
vt 0.219352 0.165463
vt 0.215918 0.179440
vt 0.228918 0.179208
vt 0.373461 0.108768
vt 0.005712 0.123235
vt 0.006189 0.121093
vt 0.007402 0.109354
vt 0.297641 0.123687
vt 0.278940 0.124636
vt 0.278150 0.137657
vt 0.297051 0.136753
vt 0.209704 0.205462
vt 0.219556 0.205570
vt 0.224216 0.192675
vt 0.212815 0.192757
vt 0.235260 0.192945
vt 0.241691 0.179483
vt 0.240661 0.138483
vt 0.238633 0.151209
vt 0.255815 0.150950
vt 0.258825 0.137997
vt 0.229088 0.205882
vt 0.065787 0.083561
vt 0.079018 0.083561
vt 0.079133 0.082741
vt 0.065771 0.082741
vt 0.042780 0.086761
vt 0.053412 0.097321
vt 0.054194 0.086780
vt 0.087764 0.709588
vt 0.088543 0.692582
vt 0.103399 0.693659
vt 0.103190 0.710595
vt 0.065593 0.086809
vt 0.065104 0.097547
vt 0.054096 0.080644
vt 0.065838 0.080644
vt 0.065818 0.074511
vt 0.053798 0.074511
vt 0.120636 0.627224
vt 0.106612 0.626532
vt 0.107367 0.609716
vt 0.121150 0.610419
vt 0.278886 0.086892
vt 0.279166 0.098051
vt 0.300482 0.097811
vt 0.300519 0.086860
vt 0.256418 0.083561
vt 0.256566 0.082741
vt 0.238682 0.082741
vt 0.238632 0.083561
vt 0.314473 0.086823
vt 0.314335 0.083561
vt 0.257117 0.080644
vt 0.470423 0.511239
vt 0.470486 0.511189
vt 0.469741 0.495087
vt 0.469448 0.494767
vt 0.193165 0.324840
vt 0.180685 0.325388
vt 0.180239 0.320470
vt 0.192832 0.319838
vt 0.138797 0.083561
vt 0.138735 0.082741
vt 0.121033 0.082741
vt 0.121182 0.083561
vt 0.326307 0.083561
vt 0.326462 0.086788
vt 0.120457 0.080644
vt 0.099576 0.080644
vt 0.099622 0.082741
vt 0.299242 0.074511
vt 0.314491 0.074511
vt 0.314614 0.072229
vt 0.299114 0.072229
vt 0.327088 0.074511
vt 0.327399 0.072228
vt 0.099661 0.083561
vt 0.239872 0.255452
vt 0.239017 0.254875
vt 0.218290 0.269387
vt 0.973642 0.921771
vt 0.079813 0.080644
vt 0.264627 0.166252
vt 0.274232 0.151331
vt 0.185732 0.935776
vt 0.177678 0.951093
vt 0.176429 0.949826
vt 0.184784 0.934159
vt 0.189641 0.714994
vt 0.176329 0.714631
vt 0.176179 0.697879
vt 0.189565 0.698419
vt 0.253958 0.180863
vt 0.249320 0.165108
vt 0.255408 0.195317
vt 0.245634 0.193940
vt 0.238051 0.206572
vt 0.246640 0.207346
vt 0.763197 0.886425
vt 0.750327 0.886371
vt 0.750267 0.867291
vt 0.763330 0.867342
vt 0.223336 0.139029
vt 0.223385 0.126242
vt 0.206115 0.126497
vt 0.206243 0.139384
vt 0.134139 0.863394
vt 0.136613 0.841729
vt 0.150771 0.843000
vt 0.148812 0.865289
vt 0.118367 0.694765
vt 0.118654 0.677910
vt 0.133353 0.678827
vt 0.133252 0.695755
vt 0.129110 0.222364
vt 0.136928 0.221509
vt 0.222140 0.151752
vt 0.149064 0.234570
vt 0.141960 0.235857
vt 0.150658 0.219571
vt 0.143968 0.220810
vt 0.154841 0.232893
vt 0.159500 0.229930
vt 0.481696 0.059395
vt 0.501231 0.059395
vt 0.501025 0.061243
vt 0.482104 0.061243
vt 0.035476 0.314415
vt 0.035535 0.323871
vt 0.035082 0.323854
vt 0.035056 0.314389
vt 0.314814 0.145408
vt 0.319860 0.154174
vt 0.811588 0.319842
vt 0.812021 0.317549
vt 0.824210 0.317887
vt 0.823800 0.320251
vt 0.332511 0.149989
vt 0.328556 0.141446
vt 0.063996 0.134909
vt 0.062875 0.145947
vt 0.050815 0.132461
vt 0.051508 0.121491
vt 0.039396 0.120094
vt 0.039221 0.130019
vt 0.188955 0.074511
vt 0.189015 0.072228
vt 0.172494 0.072229
vt 0.172412 0.074511
vt 0.179980 0.319131
vt 0.166921 0.319869
vt 0.166879 0.319412
vt 0.179944 0.318716
vt 0.188831 0.126585
vt 0.188697 0.112521
vt 0.171541 0.112500
vt 0.171489 0.126573
vt 0.190942 0.883168
vt 0.191432 0.861822
vt 0.204308 0.857413
vt 0.204201 0.875940
vt 0.154321 0.112405
vt 0.171849 0.098277
vt 0.155035 0.098239
vt 0.313348 0.134422
vt 0.154077 0.126435
vt 0.205444 0.098322
vt 0.205810 0.112503
vt 0.222923 0.112388
vt 0.222238 0.098325
vt 0.188650 0.098302
vt 0.255126 0.208007
vt 0.264792 0.196730
vt 0.240232 0.112168
vt 0.240902 0.125817
vt 0.101157 0.325498
vt 0.088927 0.326433
vt 0.089137 0.325174
vt 0.101274 0.324305
vt 0.126778 0.488398
vt 0.126013 0.506372
vt 0.112566 0.506572
vt 0.113418 0.488585
vt 0.259295 0.125288
vt 0.168454 0.228268
vt 0.175849 0.229100
vt 0.173438 0.217914
vt 0.165172 0.218031
vt 0.159982 0.206135
vt 0.169943 0.205930
vt 0.143641 0.194165
vt 0.150584 0.206485
vt 0.162177 0.226285
vt 0.157438 0.218306
vt 0.165487 0.241601
vt 0.168260 0.236087
vt 0.134039 0.237372
vt 0.121033 0.223842
vt 0.116185 0.224814
vt 0.127354 0.237934
vt 0.114555 0.224930
vt 0.112465 0.225298
vt 0.215165 0.261222
vt 0.230898 0.251544
vt 0.224436 0.248121
vt 0.211431 0.256083
vt 0.257014 0.237757
vt 0.254788 0.237248
vt 0.235524 0.254043
vt 0.237780 0.254381
vt 0.215575 0.268085
vt 0.217582 0.268495
vt 0.213909 0.241615
vt 0.218524 0.245118
vt 0.230863 0.234757
vt 0.224847 0.233015
vt 0.206271 0.217693
vt 0.214459 0.217883
vt 0.238202 0.236283
vt 0.204358 0.246382
vt 0.207488 0.251548
vt 0.189450 0.152328
vt 0.189128 0.139535
vt 0.171936 0.139554
vt 0.172942 0.152427
vt 0.222253 0.218225
vt 0.199830 0.205354
vt 0.198069 0.217520
vt 0.217275 0.226417
vt 0.210946 0.228323
vt 0.189615 0.239917
vt 0.189540 0.248859
vt 0.196467 0.248366
vt 0.195970 0.239730
vt 0.203640 0.229010
vt 0.179175 0.260164
vt 0.181102 0.254756
vt 0.171870 0.251733
vt 0.168060 0.256224
vt 0.182683 0.248507
vt 0.183289 0.239818
vt 0.176319 0.238868
vt 0.174906 0.246514
vt 0.189762 0.229142
vt 0.182925 0.229216
vt 0.155334 0.247898
vt 0.149205 0.251114
vt 0.164684 0.261310
vt 0.123784 0.238036
vt 0.142919 0.255000
vt 0.143955 0.254393
vt 0.124979 0.237768
vt 0.164002 0.268609
vt 0.165387 0.268238
vt 0.145569 0.253794
vt 0.447641 0.041009
vt 0.462360 0.041009
vt 0.463468 0.051747
vt 0.447766 0.051747
vt 0.126607 0.236873
vt 0.260204 0.224010
vt 0.265574 0.224730
vt 0.873140 0.715861
vt 0.872457 0.697773
vt 0.887036 0.697165
vt 0.887814 0.715272
vt 0.267592 0.224572
vt 0.278805 0.212857
vt 0.251707 0.222384
vt 0.246519 0.238063
vt 0.454677 0.186668
vt 0.466744 0.196106
vt 0.465458 0.197083
vt 0.453316 0.187590
vt 0.236237 0.220661
vt 0.243591 0.221378
vt 0.263854 0.209232
vt 0.133845 0.195188
vt 0.133915 0.208069
vt 0.142024 0.207220
vt 0.080063 0.608873
vt 0.066962 0.608651
vt 0.068368 0.591923
vt 0.081257 0.592102
vt 0.177701 0.265859
vt 0.189793 0.267985
vt 0.189503 0.261288
vt 0.118019 0.125635
vt 0.118682 0.111897
vt 0.098685 0.111549
vt 0.188695 0.086900
vt 0.172035 0.086895
vt 0.078640 0.097779
vt 0.079854 0.110951
vt 0.099037 0.097967
vt 0.367449 0.059395
vt 0.366385 0.059889
vt 0.368426 0.059889
vt 0.368406 0.059395
vt 0.120373 0.098097
vt 0.377161 0.155923
vt 0.377950 0.155831
vt 0.377699 0.155026
vt 0.376900 0.155120
vt 0.592591 0.968234
vt 0.595899 0.957883
vt 0.611644 0.962424
vt 0.608582 0.972950
vt 0.194192 0.273407
vt 0.190466 0.273846
vt 0.190743 0.275977
vt 0.194473 0.275462
vt 0.186756 0.273357
vt 0.187027 0.275439
vt 0.186844 0.271682
vt 0.177257 0.269670
vt 0.177643 0.271481
vt 0.164001 0.266900
vt 0.201396 0.192789
vt 0.202914 0.179615
vt 0.189757 0.179797
vt 0.189885 0.192891
vt 0.200012 0.259974
vt 0.201911 0.265687
vt 0.203315 0.271408
vt 0.203279 0.269550
vt 0.193687 0.271710
vt 0.190331 0.272634
vt 0.203560 0.273443
vt 0.349953 0.074511
vt 0.359536 0.074511
vt 0.359772 0.072229
vt 0.350222 0.072229
vt 0.365956 0.074511
vt 0.366176 0.072229
vt 0.010351 0.083404
vt 0.369613 0.082768
vt 0.369059 0.082741
vt 0.368993 0.083561
vt 0.349702 0.086748
vt 0.359428 0.086730
vt 0.359190 0.083561
vt 0.349513 0.083561
vt 0.359283 0.082741
vt 0.365759 0.083561
vt 0.365845 0.082741
vt 0.065304 0.110261
vt 0.064798 0.122989
vt 0.052572 0.109539
vt 0.155376 0.086889
vt 0.155721 0.072229
vt 0.155684 0.074511
vt 0.188714 0.083561
vt 0.172075 0.083561
vt 0.161060 0.245078
vt 0.198037 0.254552
vt 0.189506 0.255469
vt 0.545955 0.789220
vt 0.547978 0.801997
vt 0.545601 0.802855
vt 0.543639 0.790778
vt 0.216866 0.266733
vt 0.204556 0.165768
vt 0.189635 0.165979
vt 0.205824 0.152132
vt 0.314375 0.080644
vt 0.034007 0.160648
vt 0.035757 0.155562
vt 0.615503 0.946856
vt 0.600134 0.942659
vt 0.150483 0.577424
vt 0.151114 0.559859
vt 0.164785 0.560140
vt 0.164237 0.577785
vt 0.526338 0.761315
vt 0.526421 0.760844
vt 0.533483 0.769399
vt 0.720133 0.168288
vt 0.460990 0.323709
vt 0.463349 0.323763
vt 0.463375 0.324106
vt 0.461016 0.324073
vt 0.042689 0.080644
vt 0.042921 0.082741
vt 0.054325 0.082741
vt 0.239071 0.098308
vt 0.367478 0.150985
vt 0.365779 0.143940
vt 0.258549 0.111820
vt 0.257033 0.098243
vt 0.176278 0.180119
vt 0.174463 0.166209
vt 0.023403 0.158972
vt 0.013470 0.156306
vt 0.154713 0.139416
vt 0.156395 0.152388
vt 0.030596 0.896325
vt 0.164813 0.272281
vt 0.163534 0.269568
vt 0.426020 0.081158
vt 0.414528 0.081306
vt 0.414629 0.074545
vt 0.426196 0.074385
vt 0.189895 0.217500
vt 0.196601 0.229119
vt 0.202961 0.238805
vt 0.211033 0.236172
vt 0.910952 0.322898
vt 0.898786 0.322557
vt 0.898829 0.320303
vt 0.910980 0.320699
vt 0.128106 0.352717
vt 0.114654 0.352840
vt 0.114261 0.338294
vt 0.127557 0.337833
vt 0.552833 0.086828
vt 0.552622 0.097304
vt 0.535541 0.097139
vt 0.536057 0.086795
vt 0.298722 0.110643
vt 0.279127 0.111295
vt 0.238674 0.086917
vt 0.256482 0.086916
vt 0.222014 0.086911
vt 0.238800 0.080644
vt 0.221938 0.080644
vt 0.221998 0.082741
vt 0.257543 0.074511
vt 0.238837 0.074511
vt 0.221823 0.074511
vt 0.440421 0.674826
vt 0.439126 0.658643
vt 0.451868 0.658072
vt 0.453375 0.673975
vt 0.368791 0.154016
vt 0.374546 0.153384
vt 0.373484 0.150476
vt 0.360487 0.155659
vt 0.377063 0.153032
vt 0.376487 0.150085
vt 0.375399 0.150274
vt 0.376269 0.153156
vt 0.370633 0.158348
vt 0.376242 0.157770
vt 0.375940 0.157108
vt 0.370302 0.157655
vt 0.002387 0.156003
vt 0.002463 0.155948
vt 0.002671 0.154765
vt 0.378295 0.155621
vt 0.057350 0.780368
vt 0.060582 0.779803
vt 0.063047 0.795089
vt 0.058831 0.794503
vt 0.362291 0.158848
vt 0.369956 0.156636
vt 0.361912 0.157981
vt 0.020704 0.096953
vt 0.013944 0.096939
vt 0.011592 0.108199
vt 0.021977 0.086744
vt 0.031631 0.086747
vt 0.078845 0.086838
vt 0.007972 0.108915
vt 0.009697 0.096870
vt 0.009002 0.096893
vt 0.313341 0.122388
vt 0.313873 0.109941
vt 0.327044 0.109211
vt 0.327033 0.120893
vt 0.314705 0.097551
vt 0.139671 0.152070
vt 0.143934 0.166282
vt 0.159205 0.166364
vt 0.115699 0.435202
vt 0.102496 0.435667
vt 0.103513 0.418455
vt 0.116406 0.418017
vt 0.326953 0.097295
vt 0.506264 0.746467
vt 0.506656 0.745103
vt 0.511708 0.747667
vt 0.511249 0.749154
vt 0.188727 0.082741
vt 0.172085 0.082741
vt 0.138716 0.086884
vt 0.121077 0.086876
vt 0.138177 0.098185
vt 0.136397 0.126108
vt 0.136883 0.112214
vt 0.221992 0.083561
vt 0.205353 0.083561
vt 0.205354 0.086906
vt 0.873057 0.284672
vt 0.859902 0.284107
vt 0.859879 0.283643
vt 0.873185 0.284289
vt 0.278952 0.074511
vt 0.279055 0.072228
vt 0.138501 0.074511
vt 0.120036 0.074511
vt 0.138552 0.080644
vt 0.099569 0.074511
vt 0.119734 0.072229
vt 0.099469 0.072228
vt 0.966589 0.460759
vt 0.967009 0.477122
vt 0.965382 0.476523
vt 0.965249 0.460314
vt 0.349750 0.080644
vt 0.359425 0.080644
vt 0.138377 0.072229
vt 0.155430 0.082741
vt 0.155489 0.080644
vt 0.155436 0.083561
vt 0.016648 0.656649
vt 0.018855 0.656759
vt 0.016786 0.672145
vt 0.014574 0.672010
vt 0.137228 0.139026
vt 0.118856 0.138547
vt 0.054407 0.083561
vt 0.043012 0.083561
vt 0.696824 0.754240
vt 0.696776 0.772905
vt 0.683273 0.773286
vt 0.683274 0.754592
vt 0.483255 0.641018
vt 0.483584 0.640954
vt 0.485654 0.656604
vt 0.485309 0.656640
vt 0.188802 0.080644
vt 0.172187 0.080644
vt 0.205360 0.082741
vt 0.008036 0.119520
vt 0.205352 0.080644
vt 0.205350 0.074511
vt 0.003338 0.149413
vt 0.376040 0.143055
vt 0.375611 0.143197
vt 0.375415 0.135559
vt 0.004074 0.142208
vt 0.004112 0.142073
vt 0.026106 0.145345
vt 0.015187 0.143551
vt 0.007864 0.142587
vt 0.007036 0.149182
vt 0.004555 0.142142
vt 0.202640 0.648618
vt 0.202770 0.631433
vt 0.215080 0.632035
vt 0.214977 0.649316
vt 0.524290 0.591912
vt 0.525844 0.591718
vt 0.525145 0.607998
vt 0.523250 0.607932
vt 0.374403 0.143293
vt 0.060028 0.155496
vt 0.049074 0.151005
vt 0.178147 0.193195
vt 0.180465 0.453960
vt 0.193052 0.454143
vt 0.192890 0.471904
vt 0.180453 0.471530
vt 0.029851 0.559820
vt 0.028337 0.576108
vt 0.026195 0.576297
vt 0.027742 0.560053
vt 0.163275 0.612564
vt 0.149327 0.611796
vt 0.149888 0.594733
vt 0.163740 0.595279
vt 0.050434 0.142176
vt 0.039055 0.139195
vt 0.177387 0.595683
vt 0.177078 0.613065
vt 0.167611 0.453772
vt 0.167860 0.436015
vt 0.180557 0.436284
vt 0.536183 0.084114
vt 0.519147 0.084114
vt 0.519027 0.083511
vt 0.536196 0.083511
vt 0.179992 0.205610
vt 0.189951 0.205372
vt 0.994731 0.733726
vt 0.992959 0.734161
vt 0.991478 0.723590
vt 0.993273 0.723360
vt 0.929654 0.693670
vt 0.927356 0.676528
vt 0.940773 0.675239
vt 0.943256 0.691844
vt 0.181706 0.217673
vt 0.270034 0.224745
vt 0.281002 0.213448
vt 0.034873 0.308889
vt 0.034789 0.306853
vt 0.035114 0.310143
vt 0.964106 0.306930
vt 0.219979 0.230106
vt 0.789288 0.540675
vt 0.802379 0.540657
vt 0.802577 0.558221
vt 0.789413 0.558336
vt 0.005318 0.746404
vt 0.010925 0.750011
vt 0.010762 0.751222
vt 0.005177 0.747332
vt 0.578599 0.357931
vt 0.590436 0.357169
vt 0.590892 0.374871
vt 0.578969 0.375814
vt 0.394927 0.087036
vt 0.397648 0.087042
vt 0.396806 0.096067
vt 0.394012 0.095848
vt 0.285251 0.818517
vt 0.297249 0.819850
vt 0.297016 0.838920
vt 0.284977 0.836941
vt 0.229233 0.219486
vt 0.340140 0.129569
vt 0.327137 0.131705
vt 0.341375 0.138675
vt 0.366144 0.086673
vt 0.737378 0.646339
vt 0.724364 0.646448
vt 0.724564 0.629004
vt 0.737516 0.628914
vt 0.042175 0.072229
vt 0.031498 0.072229
vt 0.042460 0.074511
vt 0.053530 0.072228
vt 0.059889 0.911568
vt 0.047086 0.906458
vt 0.054593 0.887329
vt 0.066764 0.891995
vt 0.033381 0.162340
vt 0.353900 0.161158
vt 0.353386 0.160589
vt 0.344226 0.163874
vt 0.344766 0.164260
vt 0.404856 0.086957
vt 0.404790 0.084495
vt 0.414774 0.084261
vt 0.414764 0.086758
vt 0.351638 0.158692
vt 0.353012 0.160175
vt 0.361585 0.157338
vt 0.339958 0.119589
vt 0.339623 0.108546
vt 0.032979 0.163360
vt 0.033229 0.162736
vt 0.314374 0.082741
vt 0.017645 0.029506
vt 0.017645 0.033895
vt 0.478708 0.033956
vt 0.010849 0.031078
vt 0.449065 0.122616
vt 0.463930 0.123482
vt 0.463110 0.137087
vt 0.447987 0.135119
vt 0.338096 0.083561
vt 0.338201 0.082741
vt 0.326406 0.082741
vt 0.338478 0.080644
vt 0.326682 0.080644
vt 0.338849 0.074511
vt 0.339181 0.072228
vt 0.349599 0.082741
vt 0.115947 0.385506
vt 0.129442 0.385202
vt 0.129731 0.401008
vt 0.116688 0.401088
vt 0.073415 0.971670
vt 0.074739 0.968304
vt 0.091065 0.972857
vt 0.089836 0.976184
vt 0.710783 0.681651
vt 0.697427 0.681809
vt 0.697731 0.664153
vt 0.711017 0.664046
vt 0.037768 0.147947
vt 0.140586 0.488435
vt 0.139757 0.506242
vt 0.749168 0.086315
vt 0.392797 0.085642
vt 0.750088 0.094371
vt 0.750054 0.095129
vt 0.584519 0.268616
vt 0.598517 0.263905
vt 0.599902 0.265155
vt 0.585328 0.269958
vt 0.737153 0.681310
vt 0.737095 0.698922
vt 0.723890 0.699156
vt 0.724012 0.681482
vt 0.714652 0.324572
vt 0.714636 0.318174
vt 0.727688 0.318111
vt 0.727546 0.324412
vt 0.763188 0.681110
vt 0.776465 0.681080
vt 0.776467 0.698774
vt 0.763163 0.698735
vt 0.749851 0.318053
vt 0.749735 0.324299
vt 0.739037 0.324257
vt 0.739161 0.318031
vt 0.726951 0.351579
vt 0.726582 0.367941
vt 0.714284 0.368147
vt 0.714478 0.351724
vt 0.738871 0.335612
vt 0.727374 0.335788
vt 0.917783 0.575115
vt 0.919209 0.592068
vt 0.906176 0.592151
vt 0.905090 0.575120
vt 0.750446 0.315765
vt 0.750149 0.316311
vt 0.739443 0.316346
vt 0.739713 0.315857
vt 0.737251 0.663794
vt 0.724175 0.663927
vt 0.750217 0.663674
vt 0.750156 0.681178
vt 0.750300 0.646224
vt 0.737668 0.611477
vt 0.724776 0.611555
vt 0.750395 0.628802
vt 0.776393 0.558458
vt 0.776402 0.576070
vt 0.763501 0.576200
vt 0.763586 0.558588
vt 0.738018 0.576454
vt 0.737836 0.593994
vt 0.725005 0.594070
vt 0.725248 0.576537
vt 0.750614 0.593881
vt 0.750500 0.611367
vt 0.725499 0.558952
vt 0.738207 0.558851
vt 0.750740 0.576336
vt 0.738414 0.541182
vt 0.725755 0.541313
vt 0.739241 0.488023
vt 0.738936 0.505668
vt 0.726284 0.505901
vt 0.726573 0.488347
vt 0.588862 0.425903
vt 0.601138 0.425502
vt 0.600347 0.441669
vt 0.587836 0.441632
vt 0.776517 0.522995
vt 0.763902 0.523131
vt 0.764191 0.505310
vt 0.776773 0.505197
vt 0.777486 0.452335
vt 0.764881 0.451943
vt 0.763960 0.435527
vt 0.776443 0.435803
vt 0.738654 0.523428
vt 0.726013 0.523595
vt 0.751278 0.523273
vt 0.751052 0.541047
vt 0.739549 0.470256
vt 0.726974 0.470639
vt 0.751570 0.505464
vt 0.751893 0.487747
vt 0.511959 0.685427
vt 0.512222 0.685459
vt 0.510226 0.699840
vt 0.491854 0.700953
vt 0.764834 0.469837
vt 0.764540 0.487586
vt 0.752165 0.469946
vt 0.726899 0.436103
vt 0.739253 0.435687
vt 0.739686 0.452023
vt 0.727243 0.452498
vt 0.752251 0.451826
vt 0.761632 0.384968
vt 0.750119 0.384438
vt 0.749796 0.368086
vt 0.761089 0.368682
vt 0.749773 0.402409
vt 0.750882 0.419002
vt 0.738603 0.419452
vt 0.737922 0.402247
vt 0.726186 0.420092
vt 0.751558 0.435507
vt 0.725944 0.402310
vt 0.552958 0.625701
vt 0.551046 0.642214
vt 0.538876 0.641425
vt 0.540778 0.625179
vt 0.526198 0.656513
vt 0.536725 0.657520
vt 0.534692 0.673365
vt 0.524207 0.672011
vt 0.031043 0.494765
vt 0.969924 0.510659
vt 0.969608 0.510594
vt 0.968593 0.494143
vt 0.548423 0.542488
vt 0.546153 0.558882
vt 0.534560 0.558492
vt 0.537068 0.542083
vt 0.466062 0.411713
vt 0.477663 0.423608
vt 0.475266 0.423864
vt 0.472739 0.404363
vt 0.738142 0.384475
vt 0.726053 0.384653
vt 0.738366 0.367879
vt 0.522384 0.607915
vt 0.522302 0.592080
vt 0.024403 0.672662
vt 0.022494 0.687496
vt 0.014889 0.686810
vt 0.980348 0.950415
vt 0.979130 0.946853
vt 0.980217 0.946595
vt 0.981480 0.950084
vt 0.738511 0.351491
vt 0.537478 0.343273
vt 0.536491 0.343599
vt 0.536605 0.328637
vt 0.537651 0.328964
vt 0.832623 0.991980
vt 0.834165 0.994631
vt 0.202631 0.014407
vt 0.832400 0.993754
vt 0.809281 0.391511
vt 0.809972 0.373723
vt 0.822434 0.374533
vt 0.821900 0.392474
vt 0.749547 0.351637
vt 0.514329 0.699222
vt 0.512062 0.700193
vt 0.514044 0.685674
vt 0.515877 0.685683
vt 0.489757 0.686569
vt 0.487734 0.671974
vt 0.513958 0.671065
vt 0.489844 0.686550
vt 0.465411 0.324119
vt 0.536253 0.320354
vt 0.465495 0.324594
vt 0.465409 0.325314
vt 0.514387 0.671084
vt 0.521616 0.699746
vt 0.522733 0.686535
vt 0.533371 0.688295
vt 0.532322 0.702069
vt 0.757237 0.161069
vt 0.757730 0.160983
vt 0.503250 0.741114
vt 0.757742 0.161888
vt 0.465537 0.329409
vt 0.465431 0.330979
vt 0.536249 0.320992
vt 0.061473 0.033899
vt 0.061473 0.029509
vt 0.539421 0.342985
vt 0.539680 0.329380
vt 0.546251 0.329841
vt 0.546015 0.342954
vt 0.556208 0.329776
vt 0.556075 0.342644
vt 0.153592 0.041009
vt 0.153550 0.051747
vt 0.141336 0.051747
vt 0.141398 0.041009
vt 0.546540 0.322359
vt 0.556321 0.322154
vt 0.570728 0.695329
vt 0.568712 0.712805
vt 0.555566 0.709353
vt 0.557334 0.692982
vt 0.516488 0.655571
vt 0.518531 0.639959
vt 0.519589 0.639984
vt 0.517605 0.655616
vt 0.517679 0.671149
vt 0.519606 0.655780
vt 0.685165 0.629103
vt 0.684708 0.646631
vt 0.671232 0.646612
vt 0.671782 0.629052
vt 0.584754 0.697096
vt 0.599023 0.698267
vt 0.597867 0.716499
vt 0.583006 0.715234
vt 0.565732 0.626211
vt 0.554529 0.609036
vt 0.567200 0.609351
vt 0.038412 0.768355
vt 0.042419 0.167715
vt 0.029502 0.763692
vt 0.029341 0.763112
vt 0.521536 0.624013
vt 0.523532 0.624134
vt 0.528250 0.640702
vt 0.520499 0.623979
vt 0.481679 0.624894
vt 0.481598 0.624930
vt 0.479628 0.608807
vt 0.522031 0.607891
vt 0.530142 0.624642
vt 0.529733 0.541191
vt 0.533019 0.525738
vt 0.540158 0.526145
vt 0.531705 0.608347
vt 0.542353 0.608696
vt 0.525646 0.574950
vt 0.533094 0.575316
vt 0.532653 0.591878
vt 0.477794 0.592744
vt 0.523828 0.591909
vt 0.479717 0.608770
vt 0.544151 0.428380
vt 0.553341 0.428226
vt 0.552722 0.444724
vt 0.543566 0.444987
vt 0.570071 0.575171
vt 0.571817 0.558542
vt 0.584774 0.558446
vt 0.583129 0.575356
vt 0.526909 0.557717
vt 0.544408 0.575605
vt 0.543537 0.592070
vt 0.399048 0.036564
vt 0.414838 0.036564
vt 0.414838 0.041009
vt 0.399048 0.041009
vt 0.589138 0.920545
vt 0.584714 0.938273
vt 0.569679 0.933783
vt 0.574653 0.916337
vt 0.531208 0.510658
vt 0.471776 0.527748
vt 0.471689 0.527769
vt 0.553149 0.491451
vt 0.553259 0.475452
vt 0.565012 0.474131
vt 0.564907 0.490626
vt 0.476234 0.575775
vt 0.474219 0.575908
vt 0.472705 0.560167
vt 0.474126 0.560359
vt 0.551129 0.526243
vt 0.542198 0.509587
vt 0.552552 0.508935
vt 0.104887 0.213713
vt 0.535650 0.461143
vt 0.534577 0.476776
vt 0.533389 0.477812
vt 0.534001 0.461215
vt 0.468507 0.478274
vt 0.533150 0.477821
vt 0.469530 0.494754
vt 0.141971 0.453241
vt 0.141361 0.470956
vt 0.127815 0.470515
vt 0.128712 0.452700
vt 0.954481 0.788194
vt 0.955964 0.789531
vt 0.953846 0.802025
vt 0.952229 0.801177
vt 0.536183 0.492852
vt 0.542829 0.492243
vt 0.535300 0.509806
vt 0.538321 0.428097
vt 0.536685 0.427943
vt 0.536952 0.411332
vt 0.538855 0.411448
vt 0.543221 0.476176
vt 0.537232 0.460578
vt 0.537693 0.444672
vt 0.543388 0.460338
vt 0.476703 0.608586
vt 0.478075 0.625271
vt 0.471343 0.625361
vt 0.469779 0.608666
vt 0.554920 0.411747
vt 0.545021 0.411717
vt 0.467813 0.461643
vt 0.533763 0.461225
vt 0.468561 0.478297
vt 0.563046 0.443778
vt 0.574833 0.442458
vt 0.576347 0.457749
vt 0.563538 0.458325
vt 0.564031 0.427638
vt 0.552796 0.459570
vt 0.535046 0.428036
vt 0.535684 0.411384
vt 0.536257 0.444533
vt 0.534614 0.444617
vt 0.539267 0.394573
vt 0.545650 0.394820
vt 0.535786 0.377628
vt 0.466182 0.394754
vt 0.466059 0.394751
vt 0.465804 0.377742
vt 0.204932 0.507416
vt 0.205048 0.489788
vt 0.216959 0.490013
vt 0.216872 0.507724
vt 0.555840 0.394793
vt 0.545938 0.377523
vt 0.556022 0.377285
vt 0.536361 0.360584
vt 0.465751 0.360750
vt 0.536102 0.343675
vt 0.537442 0.360310
vt 0.535944 0.360651
vt 0.465907 0.377780
vt 0.465637 0.360642
vt 0.545964 0.359975
vt 0.556023 0.359594
vt 0.543696 0.705416
vt 0.545061 0.690503
vt 0.546692 0.674932
vt 0.559525 0.676517
vt 0.567032 0.341950
vt 0.567075 0.329256
vt 0.578364 0.328648
vt 0.578382 0.341180
vt 0.578388 0.321173
vt 0.567128 0.321673
vt 0.567102 0.319326
vt 0.578315 0.318889
vt 0.035485 0.294092
vt 0.035381 0.294737
vt 0.034224 0.294905
vt 0.033934 0.294381
vt 0.653488 0.337707
vt 0.653472 0.325939
vt 0.665118 0.325523
vt 0.665233 0.337140
vt 0.575044 0.660869
vt 0.572939 0.678039
vt 0.561759 0.659815
vt 0.548844 0.658666
vt 0.423305 0.288650
vt 0.423344 0.288290
vt 0.434254 0.288690
vt 0.434236 0.289093
vt 0.563896 0.643020
vt 0.347590 0.287631
vt 0.347617 0.284774
vt 0.361329 0.285096
vt 0.361295 0.287968
vt 0.568471 0.592340
vt 0.555793 0.592238
vt 0.556920 0.575593
vt 0.038334 0.309998
vt 0.036452 0.310064
vt 0.036273 0.306716
vt 0.038197 0.306596
vt 0.367971 0.080644
vt 0.369062 0.080644
vt 0.368903 0.074511
vt 0.367917 0.074511
vt 0.558732 0.558894
vt 0.560813 0.542390
vt 0.573409 0.542204
vt 0.577896 0.473765
vt 0.562907 0.525933
vt 0.574926 0.525591
vt 0.564105 0.508174
vt 0.577063 0.490414
vt 0.576150 0.507693
vt 0.566276 0.411473
vt 0.578307 0.410759
vt 0.576212 0.426823
vt 0.737029 0.848214
vt 0.723736 0.848559
vt 0.723606 0.829275
vt 0.736941 0.828940
vt 0.885778 0.285092
vt 0.885834 0.284687
vt 0.567307 0.394452
vt 0.579195 0.393741
vt 0.567289 0.376674
vt 0.567110 0.358827
vt 0.585104 0.165646
vt 0.599711 0.165352
vt 0.596170 0.179525
vt 0.583359 0.179692
vt 0.612613 0.717301
vt 0.612259 0.735617
vt 0.597288 0.734790
vt 0.179868 0.305606
vt 0.179845 0.302329
vt 0.192415 0.301726
vt 0.192462 0.305024
vt 0.621080 0.137786
vt 0.638723 0.137188
vt 0.635648 0.150544
vt 0.618882 0.150838
vt 0.642067 0.699867
vt 0.627914 0.699556
vt 0.628876 0.681500
vt 0.642774 0.681847
vt 0.284570 0.286345
vt 0.296683 0.286547
vt 0.296591 0.296681
vt 0.284458 0.296474
vt 0.632974 0.611007
vt 0.619862 0.610756
vt 0.620900 0.593469
vt 0.633821 0.593641
vt 0.964937 0.323601
vt 0.964473 0.323479
vt 0.964353 0.320648
vt 0.035007 0.326025
vt 0.600593 0.680249
vt 0.586643 0.679305
vt 0.613514 0.699027
vt 0.670708 0.664257
vt 0.684277 0.664230
vt 0.683904 0.681942
vt 0.670252 0.682024
vt 0.614766 0.680949
vt 0.627180 0.717798
vt 0.641537 0.718067
vt 0.642078 0.830100
vt 0.628440 0.829061
vt 0.628392 0.810167
vt 0.642174 0.811052
vt 0.698832 0.611631
vt 0.711845 0.611602
vt 0.711556 0.629063
vt 0.698443 0.629103
vt 0.626793 0.736165
vt 0.641247 0.736436
vt 0.641270 0.754917
vt 0.626846 0.754541
vt 0.583210 0.878679
vt 0.596670 0.882092
vt 0.593158 0.901389
vt 0.579262 0.897574
vt 0.624382 0.887535
vt 0.638600 0.889626
vt 0.636445 0.910544
vt 0.621805 0.907845
vt 0.626449 0.867624
vt 0.640313 0.869239
vt 0.618887 0.928129
vt 0.603986 0.924474
vt 0.607388 0.904790
vt 0.612797 0.865550
vt 0.610411 0.885020
vt 0.656527 0.682013
vt 0.656041 0.699984
vt 0.683619 0.699807
vt 0.683425 0.717855
vt 0.669659 0.718057
vt 0.669902 0.699949
vt 0.655690 0.718139
vt 0.580212 0.609661
vt 0.593466 0.610069
vt 0.592000 0.627184
vt 0.578752 0.626696
vt 0.697183 0.699610
vt 0.697006 0.717596
vt 0.554293 0.218459
vt 0.546143 0.218561
vt 0.541036 0.206513
vt 0.550876 0.206315
vt 0.688525 0.324925
vt 0.688376 0.318395
vt 0.701151 0.318257
vt 0.701296 0.324727
vt 0.710437 0.717315
vt 0.710590 0.699391
vt 0.723793 0.717013
vt 0.614923 0.304498
vt 0.627666 0.304320
vt 0.627515 0.314161
vt 0.614694 0.314341
vt 0.576307 0.240600
vt 0.583053 0.239626
vt 0.584350 0.247312
vt 0.576822 0.249358
vt 0.614632 0.317317
vt 0.627445 0.317106
vt 0.627512 0.317669
vt 0.614710 0.317940
vt 0.614790 0.320049
vt 0.602306 0.320416
vt 0.602220 0.318249
vt 0.590132 0.328194
vt 0.602308 0.327811
vt 0.602377 0.340142
vt 0.590168 0.340614
vt 0.590163 0.320773
vt 0.590093 0.318552
vt 0.271904 0.899617
vt 0.282932 0.904024
vt 0.282594 0.906343
vt 0.271704 0.901872
vt 0.585963 0.542098
vt 0.614937 0.339604
vt 0.614831 0.327376
vt 0.627692 0.326901
vt 0.627815 0.338993
vt 0.602122 0.317574
vt 0.627602 0.319698
vt 0.640803 0.326413
vt 0.640868 0.338346
vt 0.665051 0.318813
vt 0.653483 0.319075
vt 0.640749 0.319373
vt 0.669099 0.850507
vt 0.655231 0.850240
vt 0.655719 0.830690
vt 0.669434 0.830844
vt 0.387358 0.307806
vt 0.386908 0.317934
vt 0.374053 0.317309
vt 0.374456 0.307163
vt 0.641472 0.849433
vt 0.654350 0.870349
vt 0.194735 0.276452
vt 0.982981 0.947362
vt 0.203454 0.274760
vt 0.203917 0.274374
vt 0.588506 0.661781
vt 0.577017 0.643761
vt 0.590330 0.644421
vt 0.701640 0.351926
vt 0.689073 0.352209
vt 0.688804 0.336384
vt 0.701515 0.336159
vt 0.668530 0.870702
vt 0.724372 0.886873
vt 0.723986 0.867787
vt 0.737202 0.867429
vt 0.737456 0.886493
vt 0.676508 0.325184
vt 0.676753 0.336697
vt 0.676358 0.318582
vt 0.190827 0.578482
vt 0.177739 0.578133
vt 0.178216 0.560429
vt 0.191242 0.560718
vt 0.665051 0.316977
vt 0.653537 0.317184
vt 0.688419 0.316669
vt 0.701213 0.316563
vt 0.603835 0.645014
vt 0.617427 0.645544
vt 0.616091 0.663139
vt 0.602228 0.662515
vt 0.594812 0.593023
vt 0.607930 0.593277
vt 0.606696 0.610443
vt 0.714670 0.335978
vt 0.627806 0.848163
vt 0.567770 0.270622
vt 0.557218 0.269166
vt 0.558252 0.266105
vt 0.570972 0.267902
vt 0.527558 0.920817
vt 0.528588 0.920905
vt 0.523541 0.935656
vt 0.522610 0.935428
vt 0.629926 0.663650
vt 0.643567 0.664006
vt 0.614841 0.827539
vt 0.614272 0.846414
vt 0.390217 0.154314
vt 0.387630 0.153583
vt 0.387869 0.149036
vt 0.390142 0.149686
vt 0.546103 0.288597
vt 0.545939 0.285806
vt 0.555996 0.284947
vt 0.556099 0.287775
vt 0.600890 0.844148
vt 0.601383 0.825503
vt 0.657114 0.664208
vt 0.657760 0.646532
vt 0.645224 0.628726
vt 0.658436 0.628947
vt 0.644393 0.646312
vt 0.698075 0.646599
vt 0.711278 0.646532
vt 0.646732 0.593796
vt 0.634582 0.576302
vt 0.647422 0.576416
vt 0.605334 0.627672
vt 0.297079 0.402388
vt 0.285175 0.402251
vt 0.284822 0.384543
vt 0.296683 0.384736
vt 0.618701 0.628100
vt 0.632033 0.628442
vt 0.631000 0.645978
vt 0.076234 0.291811
vt 0.076147 0.291411
vt 0.087611 0.290433
vt 0.087703 0.290834
vt 0.646000 0.611226
vt 0.712777 0.559042
vt 0.700044 0.559108
vt 0.700444 0.541558
vt 0.713095 0.541447
vt 0.661180 0.559055
vt 0.674205 0.559085
vt 0.673553 0.576574
vt 0.660451 0.576500
vt 0.586148 0.859921
vt 0.587747 0.841339
vt 0.599349 0.863001
vt 0.574600 0.801300
vt 0.575658 0.819646
vt 0.564294 0.816817
vt 0.562173 0.799545
vt 0.588213 0.822889
vt 0.659099 0.611427
vt 0.659775 0.593948
vt 0.672346 0.611544
vt 0.685641 0.611614
vt 0.737057 0.716710
vt 0.737017 0.734762
vt 0.723708 0.735116
vt 0.581973 0.733319
vt 0.567083 0.730709
vt 0.581597 0.592559
vt 0.138972 0.286851
vt 0.125278 0.287626
vt 0.125152 0.287136
vt 0.138951 0.286420
vt 0.902436 0.714422
vt 0.901220 0.696316
vt 0.192043 0.283167
vt 0.204345 0.282601
vt 0.204359 0.283075
vt 0.192006 0.283645
vt 0.994180 0.723389
vt 0.995678 0.733578
vt 0.599387 0.525381
vt 0.611859 0.525353
vt 0.610992 0.541974
vt 0.598452 0.542030
vt 0.608996 0.576027
vt 0.596108 0.575815
vt 0.073667 0.041009
vt 0.061473 0.041009
vt 0.061473 0.036564
vt 0.073667 0.036564
vt 0.621800 0.576165
vt 0.555699 0.929336
vt 0.561060 0.911941
vt 0.760244 0.295177
vt 0.760238 0.298739
vt 0.749623 0.298773
vt 0.749609 0.295231
vt 0.564483 0.834663
vt 0.575394 0.837985
vt 0.573579 0.856312
vt 0.562427 0.852615
vt 0.250612 0.295811
vt 0.239810 0.295682
vt 0.239833 0.285359
vt 0.250701 0.285524
vt 0.672938 0.594058
vt 0.699221 0.594148
vt 0.699624 0.576639
vt 0.712452 0.576598
vt 0.712141 0.594118
vt 0.686133 0.594131
vt 0.686647 0.576634
vt 0.073667 0.015707
vt 0.085470 0.015707
vt 0.085470 0.020254
vt 0.073667 0.020254
vt 0.674914 0.541612
vt 0.687718 0.541616
vt 0.687182 0.559124
vt 0.597452 0.558639
vt 0.636180 0.541898
vt 0.635366 0.559005
vt 0.622719 0.558884
vt 0.623558 0.541967
vt 0.610087 0.558772
vt 0.911699 0.377301
vt 0.911594 0.358404
vt 0.923573 0.358556
vt 0.923891 0.377575
vt 0.648152 0.559062
vt 0.542302 0.884338
vt 0.537328 0.903223
vt 0.535913 0.902840
vt 0.540770 0.883763
vt 0.649016 0.541734
vt 0.554666 0.889190
vt 0.566084 0.893362
vt 0.549469 0.907754
vt 0.543929 0.925278
vt 0.662016 0.541618
vt 0.539592 0.778858
vt 0.541953 0.776603
vt 0.653332 0.353668
vt 0.640793 0.354351
vt 0.347482 0.297851
vt 0.361165 0.298248
vt 0.361110 0.301981
vt 0.347437 0.301550
vt 0.626371 0.491790
vt 0.625467 0.508294
vt 0.613042 0.508474
vt 0.614066 0.492127
vt 0.152798 0.285676
vt 0.152746 0.286081
vt 0.587097 0.525431
vt 0.588361 0.507695
vt 0.600710 0.508035
vt 0.624453 0.525168
vt 0.454676 0.320686
vt 0.454672 0.323625
vt 0.444961 0.323417
vt 0.444946 0.320436
vt 0.125854 0.304403
vt 0.125724 0.300635
vt 0.139340 0.299814
vt 0.139454 0.303526
vt 0.612836 0.441411
vt 0.614210 0.425088
vt 0.172942 0.946925
vt 0.169783 0.966057
vt 0.166032 0.964154
vt 0.650068 0.524208
vt 0.637178 0.524700
vt 0.675558 0.524079
vt 0.662891 0.524078
vt 0.663332 0.506770
vt 0.675911 0.506681
vt 0.088263 0.303592
vt 0.076761 0.304437
vt 0.076351 0.294562
vt 0.087826 0.293613
vt 0.638047 0.507565
vt 0.580116 0.953199
vt 0.564718 0.948518
vt 0.546334 0.954112
vt 0.550426 0.944012
vt 0.560862 0.958609
vt 0.576541 0.963408
vt 0.591399 0.971591
vt 0.575194 0.966716
vt 0.615601 0.390360
vt 0.627909 0.389073
vt 0.627939 0.406607
vt 0.615573 0.408075
vt 0.239148 0.798059
vt 0.227560 0.798782
vt 0.227324 0.780718
vt 0.239026 0.779809
vt 0.589278 0.491064
vt 0.688470 0.506563
vt 0.688157 0.524054
vt 0.713379 0.523778
vt 0.508654 0.711787
vt 0.508209 0.724363
vt 0.506476 0.735024
vt 0.505173 0.734331
vt 0.713641 0.506156
vt 0.178044 0.041009
vt 0.165959 0.041009
vt 0.165959 0.036564
vt 0.178044 0.036564
vt 0.601762 0.491671
vt 0.601581 0.475765
vt 0.613711 0.475700
vt 0.590112 0.474877
vt 0.192072 0.286502
vt 0.179454 0.287207
vt 0.179378 0.284368
vt 0.626534 0.474680
vt 0.651080 0.490462
vt 0.638660 0.491113
vt 0.639009 0.473999
vt 0.651379 0.473608
vt 0.964482 0.293985
vt 0.962308 0.293461
vt 0.962637 0.290795
vt 0.964851 0.291280
vt 0.650700 0.506957
vt 0.624202 0.977550
vt 0.638711 0.981889
vt 0.637516 0.985430
vt 0.623191 0.981122
vt 0.663604 0.489988
vt 0.676147 0.489638
vt 0.701293 0.489049
vt 0.713897 0.488710
vt 0.701045 0.506384
vt 0.663832 0.473093
vt 0.676350 0.472567
vt 0.431292 0.036564
vt 0.431292 0.041009
vt 0.688721 0.489346
vt 0.600808 0.457874
vt 0.612540 0.458090
vt 0.273562 0.402156
vt 0.273248 0.384392
vt 0.360768 0.041009
vt 0.360768 0.036564
vt 0.372118 0.036564
vt 0.372118 0.041009
vt 0.688988 0.472063
vt 0.166313 0.288018
vt 0.166230 0.285195
vt 0.414559 0.072101
vt 0.426102 0.071937
vt 0.714329 0.471087
vt 0.701657 0.471576
vt 0.562393 0.218225
vt 0.560746 0.206000
vt 0.570484 0.205760
vt 0.570380 0.218048
vt 0.589324 0.457631
vt 0.653432 0.150968
vt 0.657130 0.136779
vt 0.638280 0.457718
vt 0.625285 0.458014
vt 0.625738 0.441091
vt 0.638632 0.440693
vt 0.168374 0.351691
vt 0.181132 0.351616
vt 0.181236 0.367537
vt 0.168589 0.367696
vt 0.627291 0.424422
vt 0.487386 0.672016
vt 0.651225 0.457265
vt 0.640327 0.387967
vt 0.640107 0.405279
vt 0.651476 0.440127
vt 0.627174 0.966855
vt 0.378476 0.984846
vt 0.377589 0.981264
vt 0.393262 0.977032
vt 0.394352 0.980500
vt 0.070165 0.185971
vt 0.272727 0.286093
vt 0.272766 0.283260
vt 0.284600 0.283518
vt 0.640787 0.304214
vt 0.640801 0.301038
vt 0.653476 0.300976
vt 0.653493 0.304125
vt 0.630859 0.950931
vt 0.454265 0.846677
vt 0.454288 0.847134
vt 0.451218 0.831407
vt 0.472899 0.208040
vt 0.664608 0.421983
vt 0.664301 0.439466
vt 0.652056 0.422614
vt 0.394586 0.981280
vt 0.591166 0.972359
vt 0.607491 0.976415
vt 0.036565 0.426084
vt 0.043830 0.424648
vt 0.042833 0.441492
vt 0.035895 0.442953
vt 0.664090 0.456610
vt 0.676875 0.455868
vt 0.178130 0.051747
vt 0.166019 0.051747
vt 0.536803 0.287021
vt 0.536739 0.286300
vt 0.538173 0.286345
vt 0.539165 0.286660
vt 0.096736 0.014407
vt 0.096681 0.015707
vt 0.728163 0.960568
vt 0.689579 0.455043
vt 0.702194 0.454156
vt 0.590470 0.409783
vt 0.602903 0.409122
vt 0.702094 0.437480
vt 0.689619 0.438175
vt 0.677036 0.438822
vt 0.689398 0.385790
vt 0.689529 0.403116
vt 0.677229 0.403417
vt 0.677164 0.386207
vt 0.974155 0.759950
vt 0.967269 0.768664
vt 0.965982 0.766453
vt 0.973072 0.757434
vt 0.431315 0.051747
vt 0.414726 0.051747
vt 0.714757 0.453276
vt 0.714500 0.436764
vt 0.107549 0.041009
vt 0.107550 0.051747
vt 0.096736 0.051747
vt 0.096681 0.041009
vt 0.036178 0.737601
vt 0.031996 0.749418
vt 0.021950 0.743445
vt 0.025046 0.732021
vt 0.633929 0.931558
vt 0.546915 0.303523
vt 0.546884 0.306722
vt 0.540491 0.307261
vt 0.540497 0.304058
vt 0.045547 0.323792
vt 0.055424 0.323400
vt 0.055547 0.326296
vt 0.045673 0.326612
vt 0.639673 0.423494
vt 0.329291 0.051747
vt 0.318563 0.051747
vt 0.318486 0.041009
vt 0.329227 0.041009
vt 0.118413 0.041009
vt 0.107549 0.036564
vt 0.118413 0.036564
vt 0.867976 0.610065
vt 0.881015 0.609810
vt 0.882162 0.627050
vt 0.868821 0.627432
vt 0.339632 0.041009
vt 0.350022 0.041009
vt 0.349954 0.051747
vt 0.339636 0.051747
vt 0.677112 0.421616
vt 0.664840 0.403752
vt 0.689404 0.421396
vt 0.701584 0.421142
vt 0.172700 0.069181
vt 0.155868 0.069181
vt 0.155740 0.071364
vt 0.172549 0.071364
vt 0.713814 0.420717
vt 0.190916 0.277125
vt 0.187084 0.276463
vt 0.701736 0.402826
vt 0.713881 0.402532
vt 0.960692 0.864522
vt 0.963683 0.882551
vt 0.962765 0.882898
vt 0.959595 0.864828
vt 0.603420 0.391624
vt 0.591255 0.392744
vt 0.603034 0.373911
vt 0.615367 0.372960
vt 0.627905 0.372030
vt 0.519151 0.074365
vt 0.519279 0.071913
vt 0.536712 0.071913
vt 0.536548 0.074365
vt 0.962715 0.780300
vt 0.958758 0.791773
vt 0.957726 0.790935
vt 0.961803 0.779216
vt 0.652953 0.370477
vt 0.652716 0.387154
vt 0.640524 0.371175
vt 0.652430 0.404338
vt 0.664959 0.386613
vt 0.570339 0.874779
vt 0.558994 0.870801
vt 0.517512 0.110820
vt 0.518230 0.096780
vt 0.535068 0.111245
vt 0.677089 0.369489
vt 0.665055 0.369957
vt 0.665240 0.353077
vt 0.676969 0.352594
vt 0.713858 0.384950
vt 0.701623 0.385356
vt 0.701784 0.368476
vt 0.689342 0.368963
vt 0.602636 0.356495
vt 0.489406 0.686614
vt 0.627915 0.355078
vt 0.885652 0.807419
vt 0.886358 0.788737
vt 0.900382 0.787008
vt 0.899343 0.805533
vt 0.844309 0.791161
vt 0.844326 0.772235
vt 0.858522 0.771833
vt 0.858240 0.790690
vt 0.727446 0.295340
vt 0.727432 0.285614
vt 0.738976 0.285569
vt 0.738994 0.295281
vt 0.614827 0.253940
vt 0.595616 0.261247
vt 0.610429 0.252003
vt 0.615146 0.355804
vt 0.726601 0.084092
vt 0.726532 0.086479
vt 0.715106 0.086475
vt 0.715159 0.084112
vt 0.551072 0.815599
vt 0.550766 0.831690
vt 0.548542 0.831593
vt 0.549000 0.815850
vt 0.202532 0.665611
vt 0.214912 0.666376
vt 0.214879 0.683128
vt 0.202467 0.682393
vt 0.567090 0.287147
vt 0.567308 0.297354
vt 0.556462 0.297905
vt 0.544304 0.865576
vt 0.546926 0.848044
vt 0.548959 0.848430
vt 0.546087 0.866087
vt 0.505926 0.741323
vt 0.505706 0.740506
vt 0.507373 0.742402
vt 0.567111 0.315471
vt 0.567337 0.305576
vt 0.578635 0.305151
vt 0.578320 0.315075
vt 0.029455 0.761623
vt 0.019736 0.757136
vt 0.019829 0.755757
vt 0.504288 0.744815
vt 0.504906 0.743804
vt 0.521537 0.946465
vt 0.519727 0.945942
vt 0.525480 0.936052
vt 0.507398 0.209464
vt 0.499255 0.210882
vt 0.489446 0.200825
vt 0.497948 0.198699
vt 0.727835 0.107210
vt 0.729369 0.118918
vt 0.716831 0.118838
vt 0.715913 0.107004
vt 0.533720 0.902255
vt 0.530654 0.921198
vt 0.538425 0.939981
vt 0.530320 0.937171
vt 0.535747 0.922289
vt 0.556561 0.306071
vt 0.556349 0.315985
vt 0.482270 0.957146
vt 0.520563 0.951115
vt 0.521290 0.950421
vt 0.524504 0.951362
vt 0.526054 0.947619
vt 0.533857 0.950130
vt 0.531863 0.953604
vt 0.541244 0.904491
vt 0.195380 0.921050
vt 0.196097 0.923221
vt 0.546355 0.885815
vt 0.531950 0.921326
vt 0.553688 0.849567
vt 0.550442 0.867499
vt 0.024463 0.592434
vt 0.026629 0.592303
vt 0.004235 0.155082
vt 0.006334 0.155500
vt 0.006454 0.154648
vt 0.544139 0.847544
vt 0.545543 0.831432
vt 0.538469 0.882972
vt 0.541733 0.864883
vt 0.555655 0.832306
vt 0.549709 0.801244
vt 0.553654 0.800184
vt 0.555562 0.815589
vt 0.519963 0.749175
vt 0.521058 0.746624
vt 0.530034 0.753727
vt 0.528726 0.756262
vt 0.587648 0.804353
vt 0.572831 0.783599
vt 0.586026 0.786184
vt 0.957341 0.924884
vt 0.951817 0.907229
vt 0.960175 0.904085
vt 0.965623 0.921982
vt 0.913676 0.442960
vt 0.900751 0.442516
vt 0.900096 0.428752
vt 0.913216 0.429215
vt 0.537406 0.763478
vt 0.541783 0.757596
vt 0.548059 0.771152
vt 0.543611 0.774899
vt 0.324592 0.890470
vt 0.339919 0.891564
vt 0.343445 0.915878
vt 0.326010 0.917917
vt 0.551740 0.785500
vt 0.560863 0.782753
vt 0.498055 0.746380
vt 0.497777 0.746042
vt 0.498188 0.745767
vt 0.383274 0.159134
vt 0.547558 0.787976
vt 0.750268 0.138011
vt 0.752429 0.138221
vt 0.753417 0.145327
vt 0.751278 0.145273
vt 0.557457 0.766555
vt 0.118358 0.051747
vt 0.533385 0.746559
vt 0.538553 0.734351
vt 0.551232 0.746777
vt 0.736964 0.771737
vt 0.723597 0.772102
vt 0.723638 0.753485
vt 0.736984 0.753108
vt 0.524159 0.738959
vt 0.527370 0.759375
vt 0.535906 0.765645
vt 0.534077 0.768421
vt 0.517960 0.723975
vt 0.528034 0.727191
vt 0.510988 0.723495
vt 0.496515 0.734373
vt 0.504984 0.734231
vt 0.497469 0.740363
vt 0.497261 0.739649
vt 0.519070 0.752174
vt 0.512388 0.744612
vt 0.530172 0.954006
vt 0.544739 0.957516
vt 0.459984 0.963342
vt 0.559308 0.961920
vt 0.443820 0.967776
vt 0.544402 0.958287
vt 0.669495 0.754879
vt 0.669552 0.773578
vt 0.530681 0.714782
vt 0.520041 0.711964
vt 0.723578 0.790958
vt 0.710139 0.791359
vt 0.710165 0.772502
vt 0.493529 0.712845
vt 0.493411 0.712848
vt 0.491699 0.700512
vt 0.509961 0.699789
vt 0.508266 0.711658
vt 0.495209 0.724740
vt 0.495099 0.724497
vt 0.541923 0.719951
vt 0.553692 0.726452
vt 0.676131 0.286347
vt 0.676107 0.283645
vt 0.687940 0.283383
vt 0.687976 0.286108
vt 0.035548 0.326686
vt 0.493973 0.724311
vt 0.495063 0.735264
vt 0.493057 0.735041
vt 0.491865 0.724493
vt 0.763094 0.734599
vt 0.750062 0.734559
vt 0.750095 0.716528
vt 0.763134 0.716540
vt 0.803357 0.772196
vt 0.803405 0.791132
vt 0.789957 0.790890
vt 0.789891 0.771983
vt 0.750039 0.752891
vt 0.710227 0.753869
vt 0.710318 0.735470
vt 0.696896 0.735801
vt 0.630177 0.240194
vt 0.632506 0.240720
vt 0.616898 0.254816
vt 0.669524 0.736367
vt 0.683317 0.736113
vt 0.520165 0.257786
vt 0.477321 0.922127
vt 0.476890 0.921587
vt 0.470479 0.902058
vt 0.374916 0.285532
vt 0.387993 0.286143
vt 0.387916 0.289025
vt 0.374865 0.288416
vt 0.122899 0.981626
vt 0.107241 0.977309
vt 0.110894 0.965945
vt 0.126247 0.970179
vt 0.655504 0.736486
vt 0.655502 0.755006
vt 0.334096 0.297475
vt 0.321150 0.297170
vt 0.321208 0.286983
vt 0.334179 0.287276
vt 0.655386 0.975388
vt 0.642098 0.971168
vt 0.646403 0.954865
vt 0.664128 0.958293
vt 0.599593 0.788531
vt 0.598169 0.770542
vt 0.612865 0.771972
vt 0.613744 0.790241
vt 0.651524 0.985810
vt 0.650487 0.989342
vt 0.612336 0.753830
vt 0.836600 0.439709
vt 0.837421 0.455563
vt 0.825835 0.455145
vt 0.826333 0.437878
vt 0.597250 0.752808
vt 0.581951 0.751174
vt 0.710196 0.829697
vt 0.710314 0.849055
vt 0.567032 0.748909
vt 0.583675 0.768712
vt 0.569906 0.766525
vt 0.669599 0.811529
vt 0.655883 0.811481
vt 0.776598 0.809760
vt 0.790034 0.810026
vt 0.790093 0.829333
vt 0.776659 0.829023
vt 0.736946 0.790620
vt 0.750042 0.771525
vt 0.750058 0.790424
vt 0.641951 0.792177
vt 0.627927 0.791436
vt 0.155251 0.351904
vt 0.154928 0.336513
vt 0.168238 0.336131
vt 0.655825 0.792480
vt 0.655655 0.773672
vt 0.669618 0.792449
vt 0.696757 0.791779
vt 0.683284 0.792175
vt 0.472346 0.462259
vt 0.464766 0.460677
vt 0.465522 0.442441
vt 0.473354 0.443548
vt 0.641588 0.773486
vt 0.192389 0.300411
vt 0.179819 0.301027
vt 0.179726 0.297356
vt 0.192308 0.296715
vt 0.844083 0.716648
vt 0.858437 0.716366
vt 0.858709 0.734641
vt 0.844261 0.734944
vt 0.897847 0.303008
vt 0.885444 0.302570
vt 0.885448 0.301274
vt 0.897855 0.301698
vt 0.942771 0.575927
vt 0.941704 0.559559
vt 0.953413 0.559896
vt 0.954547 0.576147
vt 0.627322 0.772932
vt 0.958485 0.791927
vt 0.335838 0.168099
vt 0.335990 0.168558
vt 0.327443 0.175303
vt 0.002769 0.156918
vt 0.002890 0.156036
vt 0.002234 0.156954
vt 0.489941 0.749761
vt 0.394821 0.163653
vt 0.482604 0.753689
vt 0.482338 0.753612
vt 0.052329 0.828244
vt 0.053380 0.828376
vt 0.050182 0.844776
vt 0.049276 0.844497
vt 0.968471 0.608282
vt 0.957706 0.608583
vt 0.955955 0.592307
vt 0.966644 0.592089
vt 0.736929 0.809718
vt 0.723570 0.810046
vt 0.763242 0.809570
vt 0.763321 0.828809
vt 0.750130 0.828763
vt 0.750086 0.809534
vt 0.338109 0.748642
vt 0.337229 0.766015
vt 0.323909 0.766137
vt 0.324601 0.748871
vt 0.672991 0.968457
vt 0.664715 0.979521
vt 0.710145 0.810443
vt 0.696758 0.830161
vt 0.696754 0.810869
vt 0.710894 0.887635
vt 0.696916 0.888883
vt 0.696803 0.869239
vt 0.710533 0.868401
vt 0.683014 0.850217
vt 0.683173 0.830604
vt 0.696768 0.849641
vt 0.482201 0.086545
vt 0.464264 0.086562
vt 0.464324 0.084114
vt 0.482221 0.084114
vt 0.753644 0.138365
vt 0.751624 0.130961
vt 0.752926 0.131285
vt 0.683259 0.811276
vt 0.614551 0.808814
vt 0.600845 0.806942
vt 0.750880 0.558726
vt 0.676893 0.971949
vt 0.669242 0.981804
vt 0.659173 0.991995
vt 0.342525 0.995559
vt 0.651144 0.990407
vt 0.664403 0.994396
vt 0.665076 0.993828
vt 0.666908 0.994511
vt 0.335762 0.997414
vt 0.465063 0.292871
vt 0.465165 0.290032
vt 0.465689 0.290101
vt 0.465588 0.292882
vt 0.537652 0.377500
vt 0.536022 0.377612
vt 0.750195 0.848054
vt 0.908855 0.626185
vt 0.907450 0.609165
vt 0.920463 0.608945
vt 0.921823 0.625801
vt 0.688558 0.964589
vt 0.689668 0.966096
vt 0.678240 0.973080
vt 0.523015 0.574843
vt 0.525873 0.575929
vt 0.521880 0.556952
vt 0.524172 0.557370
vt 0.126928 0.328256
vt 0.140544 0.327460
vt 0.141259 0.337087
vt 0.682755 0.870173
vt 0.398521 0.137387
vt 0.391511 0.136342
vt 0.392161 0.129517
vt 0.399267 0.129894
vt 0.724929 0.905741
vt 0.737804 0.905362
vt 0.738244 0.923560
vt 0.750376 0.905258
vt 0.750416 0.923476
vt 0.697167 0.908423
vt 0.682039 0.911152
vt 0.682416 0.890504
vt 0.711456 0.906626
vt 0.712244 0.924854
vt 0.697643 0.927285
vt 0.666604 0.913094
vt 0.667689 0.891553
vt 0.665303 0.935188
vt 0.681758 0.931593
vt 0.682664 0.949137
vt 0.649309 0.934515
vt 0.651371 0.912652
vt 0.462627 0.764997
vt 0.473064 0.757995
vt 0.473524 0.759278
vt 0.463288 0.766173
vt 0.653048 0.891150
vt 0.702429 0.961016
vt 0.701767 0.959375
vt 0.698668 0.943361
vt 0.700400 0.954382
vt 0.685984 0.960051
vt 0.249742 0.334145
vt 0.249932 0.323797
vt 0.260695 0.323947
vt 0.260524 0.334027
vt 0.713181 0.940491
vt 0.714171 0.951501
vt 0.714866 0.956694
vt 0.727417 0.955365
vt 0.727654 0.957119
vt 0.715235 0.958503
vt 0.727023 0.950300
vt 0.726408 0.939449
vt 0.540446 0.302700
vt 0.546867 0.302222
vt 0.841499 0.992942
vt 0.841935 0.992140
vt 0.850636 0.989490
vt 0.150296 0.993446
vt 0.750532 0.958433
vt 0.739320 0.958683
vt 0.739232 0.956533
vt 0.750517 0.956311
vt 0.739136 0.954786
vt 0.750477 0.949669
vt 0.738967 0.949812
vt 0.738665 0.939085
vt 0.750449 0.938993
vt 0.495530 0.747655
vt 0.494798 0.747499
vt 0.496604 0.746653
vt 0.385578 0.159900
vt 0.703404 0.070848
vt 0.715414 0.070848
vt 0.715230 0.071914
vt 0.703206 0.071913
vt 0.725662 0.923903
vt 0.066328 0.369886
vt 0.066960 0.387148
vt 0.055553 0.388775
vt 0.055143 0.371236
vt 0.038801 0.767160
vt 0.048300 0.773202
vt 0.047527 0.774132
vt 0.763220 0.663582
vt 0.763262 0.646115
vt 0.465193 0.324649
vt 0.464916 0.324121
vt 0.776455 0.716650
vt 0.776429 0.734759
vt 0.760469 0.336182
vt 0.760440 0.324693
vt 0.771960 0.325285
vt 0.772042 0.336947
vt 0.749655 0.335686
vt 0.772014 0.318694
vt 0.760538 0.318317
vt 0.760857 0.316490
vt 0.772301 0.316758
vt 0.776459 0.663510
vt 0.776450 0.646017
vt 0.763314 0.628680
vt 0.776417 0.593612
vt 0.776434 0.611103
vt 0.763372 0.611236
vt 0.763431 0.593746
vt 0.776442 0.628562
vt 0.570486 0.193126
vt 0.581765 0.193027
vt 0.580154 0.205741
vt 0.434027 0.301851
vt 0.444869 0.302124
vt 0.444810 0.305792
vt 0.433965 0.305473
vt 0.915679 0.541394
vt 0.914887 0.524312
vt 0.927218 0.525001
vt 0.928132 0.541998
vt 0.889283 0.488611
vt 0.888777 0.472107
vt 0.901003 0.472629
vt 0.901429 0.489039
vt 0.763709 0.540909
vt 0.776412 0.540774
vt 0.789229 0.522903
vt 0.397725 0.660739
vt 0.412039 0.659942
vt 0.412899 0.676475
vt 0.398298 0.677357
vt 0.926126 0.429400
vt 0.926436 0.443393
vt 0.777437 0.469980
vt 0.777121 0.487557
vt 0.966368 0.444198
vt 0.966544 0.444552
vt 0.967073 0.461144
vt 0.912007 0.396238
vt 0.899245 0.395878
vt 0.899165 0.377075
vt 0.763170 0.418865
vt 0.360446 0.327072
vt 0.373948 0.327702
vt 0.373770 0.338133
vt 0.360255 0.337502
vt 0.761513 0.402881
vt 0.773636 0.403154
vt 0.775467 0.419102
vt 0.940398 0.542624
vt 0.939327 0.525702
vt 0.459038 0.184135
vt 0.471049 0.194118
vt 0.760619 0.352159
vt 0.772270 0.352975
vt 0.772613 0.369666
vt 0.977670 0.607853
vt 0.978711 0.607901
vt 0.980640 0.623969
vt 0.979619 0.623960
vt 0.772878 0.386186
vt 0.967802 0.769679
vt 0.756064 0.156264
vt 0.756789 0.158659
vt 0.756348 0.158748
vt 0.755662 0.156346
vt 0.003574 0.740895
vt 0.003157 0.740531
vt 0.004025 0.734643
vt 0.004499 0.734937
vt 0.994960 0.746275
vt 0.996542 0.745378
vt 0.377939 0.157705
vt 0.995799 0.746084
vt 0.967960 0.687589
vt 0.978682 0.686096
vt 0.980825 0.700333
vt 0.970508 0.702606
vt 0.991177 0.699776
vt 0.010744 0.686555
vt 0.010826 0.686558
vt 0.008884 0.700539
vt 0.964194 0.343165
vt 0.963821 0.329729
vt 0.964588 0.329492
vt 0.964730 0.343656
vt 0.012751 0.672154
vt 0.989178 0.685419
vt 0.988770 0.685432
vt 0.986756 0.670877
vt 0.953663 0.673800
vt 0.956028 0.689657
vt 0.944910 0.330586
vt 0.945594 0.342371
vt 0.934608 0.341920
vt 0.934110 0.330004
vt 0.954989 0.330730
vt 0.955769 0.342580
vt 0.840669 0.989020
vt 0.836319 0.979703
vt 0.845666 0.975518
vt 0.849643 0.986124
vt 0.962686 0.342717
vt 0.962010 0.330158
vt 0.965029 0.343679
vt 0.035028 0.329856
vt 0.035051 0.327219
vt 0.964921 0.327240
vt 0.964504 0.324599
vt 0.944703 0.325092
vt 0.954589 0.325573
vt 0.963652 0.656942
vt 0.974516 0.656267
vt 0.976614 0.671466
vt 0.965781 0.672450
vt 0.917754 0.877755
vt 0.904319 0.881151
vt 0.901473 0.861995
vt 0.914502 0.858999
vt 0.982619 0.639952
vt 0.984684 0.655564
vt 0.983713 0.655585
vt 0.981626 0.639951
vt 0.014844 0.656593
vt 0.014915 0.656599
vt 0.012837 0.671964
vt 0.987179 0.671063
vt 0.016937 0.641031
vt 0.985094 0.655551
vt 0.925389 0.458431
vt 0.939103 0.443696
vt 0.937621 0.458919
vt 0.973575 0.559735
vt 0.026001 0.560505
vt 0.975508 0.575927
vt 0.975141 0.575872
vt 0.979609 0.640037
vt 0.977575 0.624031
vt 0.965073 0.575974
vt 0.020857 0.608779
vt 0.981056 0.623965
vt 0.945658 0.608731
vt 0.944026 0.592261
vt 0.970426 0.624500
vt 0.959604 0.624886
vt 0.441926 0.543125
vt 0.442663 0.559722
vt 0.430660 0.560041
vt 0.429903 0.542980
vt 0.022735 0.592724
vt 0.020906 0.608782
vt 0.979103 0.607890
vt 0.022661 0.592745
vt 0.976887 0.591891
vt 0.975833 0.591784
vt 0.974113 0.575727
vt 0.024465 0.576713
vt 0.977306 0.591908
vt 0.963735 0.559724
vt 0.931693 0.592106
vt 0.933106 0.608807
vt 0.965016 0.395441
vt 0.964984 0.395016
vt 0.965470 0.411831
vt 0.965738 0.412098
vt 0.026071 0.560471
vt 0.973978 0.559770
vt 0.027536 0.544295
vt 0.027554 0.544204
vt 0.032637 0.461647
vt 0.967981 0.477822
vt 0.967702 0.477677
vt 0.024492 0.576656
vt 0.030069 0.511235
vt 0.971186 0.527136
vt 0.970809 0.527075
vt 0.949810 0.509430
vt 0.960223 0.509764
vt 0.961283 0.526482
vt 0.950938 0.526269
vt 0.969282 0.543063
vt 0.971182 0.543276
vt 0.972585 0.559549
vt 0.970609 0.559415
vt 0.968087 0.526477
vt 0.962441 0.543187
vt 0.952087 0.543094
vt 0.972104 0.543513
vt 0.028803 0.527765
vt 0.972448 0.543613
vt 0.176501 0.647281
vt 0.176783 0.630261
vt 0.190043 0.630837
vt 0.189833 0.647954
vt 0.959872 0.443895
vt 0.959204 0.459967
vt 0.949492 0.459315
vt 0.950906 0.443962
vt 0.948650 0.492497
vt 0.959203 0.492990
vt 0.968793 0.510226
vt 0.967798 0.493670
vt 0.384669 0.041009
vt 0.384319 0.051747
vt 0.371927 0.051747
vt 0.948341 0.475690
vt 0.936726 0.474631
vt 0.958729 0.476235
vt 0.002710 0.154247
vt 0.002771 0.153938
vt 0.377495 0.152624
vt 0.032671 0.461646
vt 0.031996 0.478197
vt 0.958461 0.412789
vt 0.957626 0.396233
vt 0.932056 0.711431
vt 0.946105 0.708848
vt 0.033253 0.444998
vt 0.967368 0.461227
vt 0.033287 0.444996
vt 0.966754 0.444631
vt 0.033685 0.428368
vt 0.033720 0.428364
vt 0.966068 0.427978
vt 0.966322 0.428053
vt 0.034115 0.411736
vt 0.034154 0.411731
vt 0.923245 0.341599
vt 0.935137 0.358949
vt 0.034665 0.377778
vt 0.034701 0.377777
vt 0.034439 0.394671
vt 0.965617 0.394553
vt 0.959002 0.427914
vt 0.949815 0.428707
vt 0.948826 0.413555
vt 0.965359 0.394607
vt 0.965078 0.377619
vt 0.947791 0.396806
vt 0.162197 0.680382
vt 0.162267 0.697287
vt 0.147911 0.696596
vt 0.147852 0.679653
vt 0.965889 0.411474
vt 0.034391 0.394756
vt 0.964637 0.377659
vt 0.946236 0.359391
vt 0.956311 0.359606
vt 0.956818 0.378133
vt 0.946866 0.378253
vt 0.034822 0.360745
vt 0.965344 0.377631
vt 0.964892 0.360563
vt 0.964414 0.360159
vt 0.962988 0.359757
vt 0.915422 0.695176
vt 0.917314 0.713208
vt 0.938557 0.658702
vt 0.951459 0.657767
vt 0.431292 0.015707
vt 0.414838 0.015707
vt 0.313973 0.937796
vt 0.431315 0.014407
vt 0.936526 0.642110
vt 0.949377 0.641545
vt 0.847126 0.327999
vt 0.847101 0.321082
vt 0.860009 0.321487
vt 0.860041 0.328327
vt 0.933930 0.324248
vt 0.299683 0.596765
vt 0.299822 0.614260
vt 0.287198 0.597099
vt 0.922722 0.323496
vt 0.922764 0.321343
vt 0.933947 0.322153
vt 0.922906 0.329536
vt 0.916582 0.558315
vt 0.929183 0.558862
vt 0.961584 0.641051
vt 0.384894 0.156874
vt 0.384286 0.158327
vt 0.757945 0.161103
vt 0.384339 0.156487
vt 0.947446 0.625184
vt 0.934707 0.625482
vt 0.479927 0.939059
vt 0.484167 0.951142
vt 0.483192 0.951342
vt 0.478920 0.939284
vt 0.784846 0.337761
vt 0.784910 0.325890
vt 0.467855 0.495544
vt 0.467200 0.511204
vt 0.460998 0.510925
vt 0.461764 0.494765
vt 0.017280 0.015698
vt 0.478708 0.015259
vt 0.667455 0.995691
vt 0.014225 0.014407
vt 0.930455 0.575525
vt 0.938118 0.508708
vt 0.926093 0.507855
vt 0.901828 0.506348
vt 0.889469 0.505786
vt 0.936811 0.491430
vt 0.878659 0.558006
vt 0.891416 0.558068
vt 0.892272 0.575350
vt 0.879351 0.575374
vt 0.865430 0.540441
vt 0.865990 0.557951
vt 0.853384 0.557945
vt 0.852957 0.540477
vt 0.924910 0.473699
vt 0.924977 0.490427
vt 0.860318 0.424833
vt 0.860090 0.410234
vt 0.873172 0.411411
vt 0.873440 0.426345
vt 0.938556 0.429216
vt 0.033321 0.477314
vt 0.032268 0.477827
vt 0.032813 0.461439
vt 0.033973 0.460868
vt 0.937515 0.413899
vt 0.925259 0.413869
vt 0.935682 0.377975
vt 0.936510 0.396831
vt 0.924469 0.396552
vt 0.464181 0.881817
vt 0.464157 0.882352
vt 0.458896 0.864318
vt 0.492783 0.226876
vt 0.873066 0.394850
vt 0.873233 0.376349
vt 0.886320 0.376758
vt 0.886237 0.395425
vt 0.538455 0.780070
vt 0.542345 0.791714
vt 0.705273 0.177385
vt 0.538200 0.780393
vt 0.898475 0.661116
vt 0.912008 0.660446
vt 0.913690 0.677685
vt 0.899931 0.678616
vt 0.885874 0.679289
vt 0.763095 0.771558
vt 0.763157 0.790454
vt 0.902014 0.769045
vt 0.887410 0.770334
vt 0.888229 0.752046
vt 0.903462 0.751202
vt 0.857928 0.698306
vt 0.857304 0.680417
vt 0.871559 0.679933
vt 0.890557 0.884140
vt 0.888067 0.864535
vt 0.876539 0.886759
vt 0.874381 0.866679
vt 0.860467 0.868417
vt 0.862273 0.888970
vt 0.907907 0.900559
vt 0.893635 0.904039
vt 0.506135 0.182498
vt 0.517724 0.181117
vt 0.524858 0.194436
vt 0.515216 0.195529
vt 0.879171 0.907207
vt 0.864486 0.910032
vt 0.789903 0.681044
vt 0.789912 0.698798
vt 0.870144 0.950672
vt 0.854586 0.954743
vt 0.851637 0.934269
vt 0.867045 0.931176
vt 0.830300 0.698724
vt 0.843806 0.698568
vt 0.830400 0.716779
vt 0.843456 0.680660
vt 0.816996 0.716822
vt 0.816997 0.698804
vt 0.799231 0.959300
vt 0.800567 0.954289
vt 0.814970 0.960044
vt 0.812396 0.964603
vt 0.816948 0.680983
vt 0.830142 0.680853
vt 0.803457 0.698805
vt 0.803446 0.681011
vt 0.830466 0.735063
vt 0.830499 0.753607
vt 0.816935 0.753583
vt 0.816969 0.735070
vt 0.803436 0.716796
vt 0.042991 0.166610
vt 0.841178 0.575462
vt 0.828504 0.575543
vt 0.828234 0.558063
vt 0.840799 0.557986
vt 0.789902 0.716741
vt 0.129611 0.041009
vt 0.129611 0.036564
vt 0.844321 0.753483
vt 0.911420 0.341494
vt 0.899138 0.341483
vt 0.898989 0.329094
vt 0.911166 0.329232
vt 0.886229 0.322220
vt 0.886294 0.319899
vt 0.873299 0.321834
vt 0.873423 0.319476
vt 0.886454 0.341280
vt 0.873365 0.340909
vt 0.873362 0.328618
vt 0.886380 0.328910
vt 0.860144 0.319105
vt 0.847233 0.318672
vt 0.860116 0.357404
vt 0.847222 0.357071
vt 0.847128 0.340194
vt 0.860032 0.340539
vt 0.337554 0.996042
vt 0.335850 0.996599
vt 0.334873 0.992881
vt 0.336597 0.992333
vt 0.831469 0.849800
vt 0.830993 0.829992
vt 0.844713 0.829658
vt 0.845360 0.849380
vt 0.835321 0.320672
vt 0.835606 0.318257
vt 0.846385 0.869660
vt 0.832173 0.870138
vt 0.859158 0.848424
vt 0.799587 0.316423
vt 0.812420 0.316622
vt 0.799146 0.317258
vt 0.858380 0.828908
vt 0.810615 0.355758
vt 0.822986 0.356336
vt 0.835210 0.327680
vt 0.823563 0.327322
vt 0.823337 0.339521
vt 0.835117 0.339862
vt 0.336015 0.803070
vt 0.322807 0.802899
vt 0.323250 0.784055
vt 0.336436 0.784062
vt 0.462360 0.036564
vt 0.472045 0.036564
vt 0.472045 0.041009
vt 0.811323 0.326910
vt 0.798660 0.319455
vt 0.798376 0.326440
vt 0.798142 0.338493
vt 0.250493 0.879554
vt 0.261461 0.880243
vt 0.261229 0.891201
vt 0.250430 0.890325
vt 0.811050 0.339075
vt 0.785091 0.319071
vt 0.785507 0.317009
vt 0.416506 0.941373
vt 0.421849 0.957275
vt 0.405818 0.961807
vt 0.400767 0.945755
vt 0.263039 0.597712
vt 0.275015 0.597423
vt 0.263014 0.615509
vt 0.884630 0.661692
vt 0.925305 0.659611
vt 0.923444 0.642690
vt 0.910372 0.643273
vt 0.836014 0.993962
vt 0.162516 0.996797
vt 0.834099 0.995169
vt 0.896982 0.643794
vt 0.883405 0.644329
vt 0.748606 0.070843
vt 0.749211 0.070842
vt 0.749345 0.071903
vt 0.748747 0.071903
vt 0.963326 0.323387
vt 0.964480 0.323783
vt 0.963352 0.323809
vt 0.870631 0.662314
vt 0.869723 0.644844
vt 0.856670 0.662697
vt 0.856044 0.645127
vt 0.872045 0.827770
vt 0.872874 0.847033
vt 0.886425 0.845267
vt 0.622745 0.221888
vt 0.630571 0.223036
vt 0.617164 0.236841
vt 0.610073 0.235294
vt 0.762236 0.939046
vt 0.761989 0.949783
vt 0.803222 0.628324
vt 0.803066 0.610833
vt 0.816223 0.610717
vt 0.816460 0.628222
vt 0.816838 0.663314
vt 0.816668 0.645743
vt 0.829673 0.645564
vt 0.829926 0.663144
vt 0.216497 0.871036
vt 0.216823 0.885954
vt 0.204702 0.892318
vt 0.843068 0.662919
vt 0.842677 0.645334
vt 0.034860 0.360745
vt 0.965186 0.360656
vt 0.034973 0.343711
vt 0.035018 0.343712
vt 0.803407 0.663373
vt 0.803337 0.645826
vt 0.789856 0.645913
vt 0.789887 0.663435
vt 0.375535 0.156080
vt 0.987822 0.685362
vt 0.985848 0.685380
vt 0.983822 0.670892
vt 0.985803 0.670845
vt 0.516025 0.671154
vt 0.867225 0.592732
vt 0.880074 0.592624
vt 0.264865 0.036564
vt 0.264865 0.033899
vt 0.280508 0.033899
vt 0.280508 0.036564
vt 0.895491 0.626594
vt 0.894152 0.609500
vt 0.899700 0.843095
vt 0.912476 0.840386
vt 0.855450 0.627659
vt 0.854900 0.610246
vt 0.911930 0.821702
vt 0.899040 0.824293
vt 0.885632 0.826263
vt 0.927060 0.855509
vt 0.924741 0.837160
vt 0.936362 0.833937
vt 0.938618 0.851930
vt 0.815576 0.558149
vt 0.815759 0.575665
vt 0.315022 0.935671
vt 0.304654 0.922992
vt 0.305471 0.920986
vt 0.316056 0.934178
vt 0.842304 0.627852
vt 0.841943 0.610403
vt 0.951124 0.867108
vt 0.955122 0.885372
vt 0.946596 0.888566
vt 0.942176 0.870138
vt 0.933987 0.320978
vt 0.922844 0.320185
vt 0.789802 0.628435
vt 0.789723 0.610959
vt 0.472045 0.029509
vt 0.462360 0.029509
vt 0.462360 0.020254
vt 0.472045 0.020254
vt 0.685283 0.182224
vt 0.677940 0.178635
vt 0.691438 0.168208
vt 0.697964 0.173029
vt 0.434878 0.329275
vt 0.445536 0.330109
vt 0.446011 0.339952
vt 0.435463 0.338865
vt 0.893077 0.592479
vt 0.320768 0.953233
vt 0.321501 0.952419
vt 0.327922 0.967995
vt 0.447766 0.014407
vt 0.969935 0.526773
vt 0.967009 0.509852
vt 0.928338 0.782930
vt 0.940711 0.782718
vt 0.937472 0.799087
vt 0.925211 0.800365
vt 0.829401 0.628056
vt 0.866586 0.575373
vt 0.070570 0.745486
vt 0.070515 0.726888
vt 0.087097 0.727454
vt 0.088003 0.745633
vt 0.966035 0.493175
vt 0.924075 0.818690
vt 0.789533 0.575934
vt 0.789631 0.593469
vt 0.853875 0.575408
vt 0.854373 0.592841
vt 0.841568 0.592946
vt 0.523588 0.952025
vt 0.476149 0.958908
vt 0.473998 0.958565
vt 0.481399 0.956422
vt 0.828812 0.593065
vt 0.802748 0.575789
vt 0.802903 0.593331
vt 0.829114 0.610564
vt 0.815981 0.593204
vt 0.726716 0.071914
vt 0.726665 0.074364
vt 0.715129 0.074366
vt 0.965554 0.426881
vt 0.966659 0.443706
vt 0.904052 0.558099
vt 0.903161 0.540934
vt 0.890601 0.540662
vt 0.877983 0.540503
vt 0.851766 0.471215
vt 0.839209 0.471685
vt 0.850081 0.455155
vt 0.940161 0.911305
vt 0.926491 0.915642
vt 0.921839 0.896731
vt 0.935075 0.892592
vt 0.945517 0.928857
vt 0.931452 0.933248
vt 0.930638 0.873954
vt 0.422895 0.309512
vt 0.422859 0.306302
vt 0.433947 0.306769
vt 0.433998 0.310011
vt 0.815406 0.540738
vt 0.914073 0.507081
vt 0.889879 0.523177
vt 0.902403 0.523668
vt 0.852614 0.523015
vt 0.864925 0.522878
vt 0.877353 0.522909
vt 0.877115 0.505565
vt 0.864802 0.505576
vt 0.688779 0.184057
vt 0.700820 0.175175
vt 0.702020 0.176307
vt 0.690148 0.185433
vt 0.526653 0.936252
vt 0.826790 0.471829
vt 0.714428 0.300233
vt 0.714552 0.303410
vt 0.700951 0.303586
vt 0.700856 0.300442
vt 0.893617 0.976557
vt 0.892547 0.973176
vt 0.908547 0.968426
vt 0.909712 0.971727
vt 0.925921 0.966851
vt 0.941814 0.962049
vt 0.056708 0.967776
vt 0.926171 0.967464
vt 0.924612 0.963593
vt 0.920962 0.952921
vt 0.916364 0.937724
vt 0.936406 0.948236
vt 0.889409 0.962262
vt 0.905162 0.957640
vt 0.900918 0.942158
vt 0.840084 0.505827
vt 0.852477 0.505672
vt 0.815119 0.523190
vt 0.665566 0.203636
vt 0.676217 0.193464
vt 0.677948 0.195084
vt 0.667407 0.204785
vt 0.444328 0.156094
vt 0.433456 0.152202
vt 0.434520 0.143160
vt 0.446813 0.146358
vt 0.814854 0.505522
vt 0.827559 0.505830
vt 0.802150 0.522949
vt 0.802077 0.505208
vt 0.888286 0.456580
vt 0.900894 0.457296
vt 0.849526 0.912266
vt 0.789377 0.505140
vt 0.510696 0.239945
vt 0.515368 0.238643
vt 0.529848 0.251956
vt 0.525934 0.254070
vt 0.485677 0.726625
vt 0.483302 0.714252
vt 0.490225 0.712452
vt 0.913358 0.489665
vt 0.913271 0.457868
vt 0.913061 0.473174
vt 0.860959 0.438435
vt 0.863063 0.454963
vt 0.847632 0.440234
vt 0.864703 0.488313
vt 0.864210 0.471371
vt 0.876507 0.471717
vt 0.877046 0.488438
vt 0.497569 0.740960
vt 0.504224 0.739363
vt 0.503654 0.741056
vt 0.504312 0.740065
vt 0.802670 0.453090
vt 0.802227 0.435046
vt 0.815235 0.435964
vt 0.814550 0.454110
vt 0.852240 0.488248
vt 0.911953 0.919850
vt 0.897068 0.923841
vt 0.784999 0.295168
vt 0.771847 0.295140
vt 0.771814 0.285248
vt 0.785018 0.285215
vt 0.517164 0.949484
vt 0.488530 0.954818
vt 0.571827 0.274973
vt 0.572127 0.273968
vt 0.839726 0.488485
vt 0.827226 0.488644
vt 0.814543 0.471303
vt 0.814712 0.488279
vt 0.802182 0.487859
vt 0.802336 0.470714
vt 0.789659 0.487639
vt 0.789965 0.470281
vt 0.874336 0.439783
vt 0.886850 0.427803
vt 0.887626 0.441602
vt 0.875654 0.455680
vt 0.443230 0.178683
vt 0.447001 0.175719
vt 0.065802 0.353216
vt 0.054782 0.354256
vt 0.054858 0.339754
vt 0.065634 0.339036
vt 0.467563 0.903355
vt 0.474112 0.922444
vt 0.472969 0.922693
vt 0.466327 0.903846
vt 0.602041 0.218675
vt 0.608828 0.219924
vt 0.599674 0.230710
vt 0.597106 0.226988
vt 0.784836 0.353984
vt 0.797830 0.354970
vt 0.797361 0.372580
vt 0.784760 0.371126
vt 0.837071 0.422520
vt 0.848012 0.424062
vt 0.873870 0.966796
vt 0.885524 0.946460
vt 0.862436 0.982181
vt 0.858949 0.971210
vt 0.876926 0.977822
vt 0.447730 0.772118
vt 0.448584 0.773952
vt 0.438862 0.781916
vt 0.437867 0.781395
vt 0.798819 0.420149
vt 0.813222 0.420112
vt 0.934302 0.729834
vt 0.935079 0.748249
vt 0.919138 0.750060
vt 0.918927 0.731742
vt 0.790136 0.452723
vt 0.262646 0.731163
vt 0.262718 0.716322
vt 0.274715 0.716085
vt 0.274617 0.731502
vt 0.912543 0.413623
vt 0.796911 0.389869
vt 0.886436 0.412402
vt 0.899575 0.413141
vt 0.485782 0.950406
vt 0.481648 0.938363
vt 0.111456 0.225575
vt 0.100662 0.215342
vt 0.847525 0.408977
vt 0.536437 0.248647
vt 0.523270 0.236700
vt 0.530305 0.235303
vt 0.542064 0.245615
vt 0.882126 0.927608
vt 0.453538 0.947969
vt 0.447559 0.932054
vt 0.460625 0.927604
vt 0.466875 0.943738
vt 0.835382 0.408068
vt 0.719538 0.166847
vt 0.710874 0.170530
vt 0.710305 0.169059
vt 0.719286 0.165334
vt 0.822994 0.407689
vt 0.826129 0.421022
vt 0.603676 0.248781
vt 0.591191 0.256881
vt 0.797734 0.404949
vt 0.810097 0.406854
vt 0.787100 0.419782
vt 0.786116 0.403421
vt 0.789039 0.435797
vt 0.508502 0.711737
vt 0.708563 0.166869
vt 0.634370 0.208721
vt 0.644242 0.197650
vt 0.653409 0.199815
vt 0.642869 0.210233
vt 0.405568 0.902291
vt 0.400602 0.881424
vt 0.415021 0.878340
vt 0.420498 0.898577
vt 0.860087 0.375912
vt 0.859930 0.394176
vt 0.847046 0.393481
vt 0.847190 0.375481
vt 0.947920 0.849211
vt 0.126054 0.309137
vt 0.139610 0.308165
vt 0.139937 0.318184
vt 0.126516 0.319158
vt 0.690233 0.120799
vt 0.690731 0.133417
vt 0.675044 0.135835
vt 0.675114 0.122094
vt 0.818348 0.890161
vt 0.818800 0.910918
vt 0.803632 0.908226
vt 0.803797 0.888615
vt 0.334342 0.994774
vt 0.010849 0.014411
vt 0.472475 0.015709
vt 0.534809 0.428049
vt 0.467332 0.444998
vt 0.467231 0.444995
vt 0.466766 0.428360
vt 0.834467 0.392956
vt 0.834737 0.375060
vt 0.784699 0.387991
vt 0.899208 0.358333
vt 0.886452 0.358108
vt 0.873359 0.357758
vt 0.077310 0.325918
vt 0.077424 0.325450
vt 0.089158 0.324719
vt 0.537382 0.394427
vt 0.164747 0.942017
vt 0.151712 0.937726
vt 0.157662 0.915284
vt 0.174995 0.917476
vt 0.824024 0.972072
vt 0.822656 0.973206
vt 0.811290 0.966134
vt 0.835008 0.356735
vt 0.956389 0.957646
vt 0.040544 0.963342
vt 0.942438 0.962569
vt 0.503896 0.745705
vt 0.754705 0.162639
vt 0.753536 0.161873
vt 0.755896 0.161355
vt 0.153618 0.320218
vt 0.153665 0.320704
vt 0.963279 0.377773
vt 0.981574 0.946202
vt 0.982835 0.949663
vt 0.542567 0.846844
vt 0.542626 0.847237
vt 0.540311 0.864483
vt 0.649444 0.227494
vt 0.976739 0.951468
vt 0.969259 0.953741
vt 0.967339 0.950347
vt 0.975275 0.947824
vt 0.971011 0.937035
vt 0.969848 0.921032
vt 0.975117 0.936095
vt 0.378475 0.157319
vt 0.378214 0.156795
vt 0.377539 0.156915
vt 0.377826 0.157498
vt 0.543759 0.831369
vt 0.962825 0.939795
vt 0.964520 0.902842
vt 0.959616 0.883926
vt 0.019474 0.937571
vt 0.024447 0.939181
vt 0.020259 0.952302
vt 0.015158 0.952864
vt 0.953124 0.848215
vt 0.955971 0.865755
vt 0.012589 0.951221
vt 0.190551 0.277525
vt 0.038430 0.877369
vt 0.038278 0.877830
vt 0.030780 0.896789
vt 0.142135 0.255644
vt 0.945830 0.831837
vt 0.945641 0.815073
vt 0.950798 0.815414
vt 0.951164 0.831423
vt 0.472045 0.033899
vt 0.010849 0.033959
vt 0.478708 0.036494
vt 0.952785 0.815772
vt 0.953278 0.831418
vt 0.955016 0.847885
vt 0.164683 0.996762
vt 0.833597 0.995654
vt 0.164824 0.997431
vt 0.947587 0.799814
vt 0.950026 0.785332
vt 0.776514 0.790638
vt 0.935764 0.816126
vt 0.693405 0.186830
vt 0.542627 0.792097
vt 0.544026 0.803530
vt 0.520207 0.951007
vt 0.520169 0.950093
vt 0.485082 0.956337
vt 0.945520 0.766313
vt 0.954354 0.771354
vt 0.960113 0.777325
vt 0.958662 0.775585
vt 0.961128 0.758017
vt 0.952551 0.746477
vt 0.803385 0.735011
vt 0.803347 0.753477
vt 0.980690 0.747730
vt 0.972109 0.754952
vt 0.970068 0.747674
vt 0.979208 0.740924
vt 0.962445 0.721491
vt 0.973554 0.717088
vt 0.976595 0.729995
vt 0.966295 0.735935
vt 0.964777 0.764334
vt 0.988968 0.745402
vt 0.994254 0.742840
vt 0.994713 0.745160
vt 0.989566 0.747841
vt 0.003830 0.735360
vt 0.997039 0.740328
vt 0.996567 0.739585
vt 0.005369 0.724757
vt 0.005490 0.724563
vt 0.996139 0.734240
vt 0.988478 0.743106
vt 0.981407 0.750095
vt 0.789860 0.753316
vt 0.789872 0.734906
vt 0.982230 0.752524
vt 0.954892 0.954287
vt 0.950777 0.943772
vt 0.940324 0.958769
vt 0.990715 0.699381
vt 0.008739 0.700959
vt 0.992864 0.711638
vt 0.992478 0.711704
vt 0.989648 0.711923
vt 0.985420 0.725680
vt 0.983158 0.713642
vt 0.370394 0.118739
vt 0.015359 0.656599
vt 0.013281 0.671952
vt 0.763071 0.752934
vt 0.776419 0.753120
vt 0.994552 0.723500
vt 0.007054 0.712859
vt 0.007148 0.712874
vt 0.958947 0.705671
vt 0.949200 0.726278
vt 0.776446 0.771749
vt 0.044421 0.860587
vt 0.045245 0.861065
vt 0.039005 0.878427
vt 0.567385 0.301038
vt 0.578722 0.300614
vt 0.578730 0.301912
vt 0.567404 0.302346
vt 0.753392 0.131397
vt 0.754075 0.138411
vt 0.858715 0.753140
vt 0.830561 0.791349
vt 0.830517 0.772384
vt 0.872974 0.771226
vt 0.873467 0.752683
vt 0.863600 0.985578
vt 0.877916 0.981272
vt 0.122242 0.985750
vt 0.863831 0.986222
vt 0.098266 0.524461
vt 0.097301 0.541773
vt 0.084149 0.541924
vt 0.085192 0.524634
vt 0.053126 0.930339
vt 0.046936 0.947097
vt 0.033459 0.942589
vt 0.039822 0.925356
vt 0.873511 0.734201
vt 0.888266 0.733611
vt 0.461327 0.289891
vt 0.454925 0.289619
vt 0.455568 0.289174
vt 0.462190 0.289531
vt 0.017503 0.051742
vt 0.478708 0.051747
vt 0.010849 0.039457
vt 0.017645 0.041006
vt 0.932390 0.765946
vt 0.903452 0.732862
vt 0.728273 0.316031
vt 0.728001 0.316454
vt 0.714808 0.316515
vt 0.714999 0.316132
vt 0.307499 0.335141
vt 0.307637 0.325036
vt 0.320348 0.325455
vt 0.320232 0.335593
vt 0.827956 0.968553
vt 0.836840 0.958290
vt 0.816921 0.772347
vt 0.816943 0.791310
vt 0.049833 0.172253
vt 0.038186 0.768477
vt 0.914502 0.784848
vt 0.912702 0.803033
vt 0.484417 0.955535
vt 0.479879 0.952420
vt 0.871906 0.808768
vt 0.872314 0.789913
vt 0.055138 0.793698
vt 0.056098 0.793926
vt 0.055187 0.811119
vt 0.054095 0.810932
vt 0.788599 0.924740
vt 0.789312 0.906470
vt 0.803223 0.927154
vt 0.917178 0.767540
vt 0.257833 0.072228
vt 0.602199 0.314569
vt 0.747432 0.164253
vt 0.505490 0.746665
vt 0.790107 0.848750
vt 0.776658 0.848346
vt 0.817043 0.810498
vt 0.803484 0.810292
vt 0.836233 0.990531
vt 0.837581 0.993476
vt 0.834560 0.991153
vt 0.253897 0.238523
vt 0.830705 0.810542
vt 0.817233 0.829937
vt 0.844398 0.810293
vt 0.858121 0.809708
vt 0.831771 0.981988
vt 0.830034 0.982954
vt 0.828057 0.984072
vt 0.821053 0.974580
vt 0.453780 0.866382
vt 0.449533 0.868188
vt 0.444408 0.850021
vt 0.448857 0.848637
vt 0.763362 0.848103
vt 0.803803 0.868901
vt 0.817910 0.869726
vt 0.789776 0.887434
vt 0.776280 0.886738
vt 0.776546 0.867617
vt 0.790021 0.868152
vt 0.817524 0.849663
vt 0.122011 0.985015
vt 0.106136 0.980655
vt 0.803712 0.849228
vt 0.762948 0.905307
vt 0.044993 0.331343
vt 0.038141 0.331571
vt 0.038551 0.327824
vt 0.045337 0.327894
vt 0.236152 0.254500
vt 0.775823 0.905634
vt 0.227149 0.632629
vt 0.239103 0.633183
vt 0.239033 0.650776
vt 0.227058 0.650053
vt 0.847786 0.890617
vt 0.835625 0.935036
vt 0.833113 0.891126
vt 0.834268 0.912806
vt 0.802252 0.943264
vt 0.819141 0.931464
vt 0.818275 0.949087
vt 0.701330 0.313282
vt 0.714925 0.313244
vt 0.761804 0.956517
vt 0.750499 0.954595
vt 0.761863 0.954763
vt 0.798599 0.960965
vt 0.785467 0.960708
vt 0.785802 0.958451
vt 0.202697 0.020254
vt 0.196194 0.020254
vt 0.196648 0.015707
vt 0.202684 0.015707
vt 0.786787 0.951415
vt 0.787725 0.940396
vt 0.218359 0.911037
vt 0.318563 0.014407
vt 0.318486 0.015707
vt 0.307188 0.015707
vt 0.773935 0.950238
vt 0.774495 0.939377
vt 0.773584 0.955316
vt 0.773382 0.957086
vt 0.762590 0.923515
vt 0.775174 0.923819
vt 0.436402 0.795181
vt 0.437537 0.794983
vt 0.443120 0.814250
vt 0.441268 0.814087
vt 0.205157 0.062423
vt 0.205103 0.059889
vt 0.189486 0.059889
vt 0.189387 0.062423
vt 0.250944 0.668613
vt 0.250905 0.685487
vt 0.238979 0.684986
vt 0.238999 0.668158
vt 0.226980 0.700182
vt 0.226947 0.715845
vt 0.214864 0.715545
vt 0.214875 0.699496
vt 0.163556 0.747955
vt 0.162968 0.731001
vt 0.176600 0.731348
vt 0.177013 0.748188
vt 0.226998 0.684016
vt 0.238947 0.700962
vt 0.250857 0.701381
vt 0.250801 0.716413
vt 0.238900 0.716201
vt 0.217072 0.319209
vt 0.217171 0.324463
vt 0.205333 0.324673
vt 0.205153 0.319483
vt 0.250744 0.730961
vt 0.238853 0.731035
vt 0.228590 0.319005
vt 0.228640 0.317704
vt 0.239534 0.317700
vt 0.239446 0.318955
vt 0.228364 0.335024
vt 0.228514 0.324113
vt 0.239264 0.323832
vt 0.239090 0.334561
vt 0.250160 0.319090
vt 0.325294 0.578617
vt 0.325061 0.560986
vt 0.338404 0.560686
vt 0.338637 0.578248
vt 0.227015 0.667250
vt 0.239208 0.615470
vt 0.227288 0.615042
vt 0.450232 0.084114
vt 0.450248 0.086599
vt 0.251496 0.544117
vt 0.251385 0.562030
vt 0.239689 0.561882
vt 0.239877 0.543950
vt 0.251024 0.633446
vt 0.250982 0.651129
vt 0.485456 0.955254
vt 0.227465 0.597323
vt 0.227681 0.579503
vt 0.239504 0.579795
vt 0.239342 0.597666
vt 0.251165 0.597829
vt 0.251082 0.615671
vt 0.251269 0.579941
vt 0.227932 0.561614
vt 0.228196 0.543684
vt 0.262889 0.455065
vt 0.263182 0.472870
vt 0.251736 0.472765
vt 0.251747 0.454809
vt 0.099309 0.506734
vt 0.100254 0.488937
vt 0.462670 0.404890
vt 0.451807 0.404685
vt 0.449943 0.387068
vt 0.460048 0.387197
vt 0.080354 0.074511
vt 0.080509 0.072228
vt 0.065736 0.072228
vt 0.240144 0.508241
vt 0.240035 0.526052
vt 0.228428 0.525781
vt 0.228558 0.508000
vt 0.274167 0.455346
vt 0.274664 0.472956
vt 0.262161 0.402088
vt 0.273806 0.420059
vt 0.262365 0.420006
vt 0.251863 0.490595
vt 0.240298 0.490390
vt 0.240234 0.472569
vt 0.251722 0.508412
vt 0.251608 0.526232
vt 0.228668 0.490186
vt 0.228677 0.472283
vt 0.091415 0.402409
vt 0.078792 0.403193
vt 0.079019 0.386323
vt 0.091248 0.386132
vt 0.715602 0.960744
vt 0.703142 0.963076
vt 0.529946 0.527135
vt 0.529474 0.525328
vt 0.528929 0.543612
vt 0.473040 0.544288
vt 0.205082 0.472052
vt 0.205164 0.454299
vt 0.216910 0.454408
vt 0.217009 0.472113
vt 0.240266 0.454675
vt 0.228557 0.454552
vt 0.228670 0.436870
vt 0.240026 0.437138
vt 0.251307 0.437371
vt 0.262561 0.437552
vt 0.228633 0.401858
vt 0.217352 0.401716
vt 0.217197 0.384322
vt 0.228471 0.384260
vt 0.637439 0.241366
vt 0.635342 0.241361
vt 0.648042 0.227509
vt 0.539922 0.864409
vt 0.228617 0.419582
vt 0.239841 0.419796
vt 0.239771 0.401963
vt 0.445127 0.288905
vt 0.445047 0.289346
vt 0.251066 0.419933
vt 0.250917 0.402035
vt 0.260929 0.349836
vt 0.272130 0.349867
vt 0.272805 0.367019
vt 0.261500 0.366943
vt 0.239286 0.367239
vt 0.239573 0.384201
vt 0.228185 0.367523
vt 0.038365 0.311231
vt 0.038494 0.314322
vt 0.036562 0.314408
vt 0.036476 0.311314
vt 0.065618 0.625397
vt 0.064269 0.642012
vt 0.051547 0.641661
vt 0.053101 0.625155
vt 0.239085 0.350511
vt 0.228187 0.350998
vt 0.026444 0.657151
vt 0.037591 0.657466
vt 0.035653 0.673184
vt 0.250352 0.367004
vt 0.249952 0.350034
vt 0.271637 0.334189
vt 0.271750 0.324267
vt 0.283337 0.324542
vt 0.283221 0.334484
vt 0.012647 0.686636
vt 0.011313 0.686554
vt 0.009419 0.700526
vt 0.033750 0.688438
vt 0.031500 0.703428
vt 0.020510 0.701706
vt 0.048199 0.673822
vt 0.046487 0.689557
vt 0.748055 0.120654
vt 0.750596 0.121034
vt 0.749354 0.130512
vt 0.024816 0.608543
vt 0.022908 0.624809
vt 0.020724 0.624806
vt 0.022645 0.608601
vt 0.035541 0.326954
vt 0.035475 0.327634
vt 0.035103 0.327613
vt 0.035111 0.326951
vt 0.060029 0.690708
vt 0.061440 0.674550
vt 0.044839 0.340884
vt 0.037870 0.341948
vt 0.054822 0.330742
vt 0.045647 0.326961
vt 0.055501 0.326708
vt 0.055137 0.327598
vt 0.020932 0.640940
vt 0.028452 0.641213
vt 0.260910 0.319390
vt 0.260970 0.318115
vt 0.271891 0.318326
vt 0.271892 0.319646
vt 0.016989 0.640936
vt 0.018973 0.624900
vt 0.019434 0.624842
vt 0.017444 0.640898
vt 0.021365 0.608689
vt 0.041236 0.625019
vt 0.039467 0.641392
vt 0.030360 0.624976
vt 0.023188 0.592585
vt 0.032220 0.608596
vt 0.042978 0.608498
vt 0.024937 0.576491
vt 0.034010 0.592222
vt 0.044698 0.591975
vt 0.035648 0.575904
vt 0.046218 0.575572
vt 0.033515 0.509987
vt 0.032441 0.526734
vt 0.030417 0.527108
vt 0.031532 0.510450
vt 0.037074 0.559538
vt 0.031185 0.543456
vt 0.038309 0.543079
vt 0.026505 0.560280
vt 0.469891 0.404741
vt 0.472395 0.423808
vt 0.464813 0.423513
vt 0.047502 0.559197
vt 0.048623 0.542602
vt 0.028865 0.527716
vt 0.029251 0.527449
vt 0.030416 0.510865
vt 0.640715 0.317426
vt 0.060915 0.525092
vt 0.059762 0.542318
vt 0.049811 0.525476
vt 0.027948 0.543992
vt 0.039524 0.526164
vt 0.040579 0.509237
vt 0.050875 0.508305
vt 0.034400 0.493283
vt 0.041492 0.492278
vt 0.031370 0.494333
vt 0.031084 0.494697
vt 0.051787 0.491019
vt 0.052334 0.474145
vt 0.042204 0.475594
vt 0.033532 0.427583
vt 0.032990 0.444311
vt 0.965620 0.427479
vt 0.072530 0.708729
vt 0.535241 0.411470
vt 0.466884 0.428360
vt 0.052798 0.457351
vt 0.042689 0.459080
vt 0.558991 0.193426
vt 0.547305 0.193766
vt 0.543769 0.180475
vt 0.557214 0.180172
vt 0.053328 0.439725
vt 0.193420 0.351548
vt 0.181124 0.335887
vt 0.193484 0.335675
vt 0.044973 0.408392
vt 0.037669 0.410026
vt 0.054664 0.422981
vt 0.055405 0.406197
vt 0.035880 0.376077
vt 0.035897 0.393567
vt 0.034767 0.394221
vt 0.034668 0.376995
vt 0.262793 0.701077
vt 0.035611 0.410724
vt 0.034299 0.411503
vt 0.077452 0.352848
vt 0.076961 0.338702
vt 0.044868 0.373286
vt 0.045167 0.390992
vt 0.036048 0.342726
vt 0.035880 0.358713
vt 0.034713 0.359706
vt 0.034822 0.342798
vt 0.350926 0.765655
vt 0.352044 0.748208
vt 0.044654 0.355957
vt 0.103895 0.676943
vt 0.036759 0.326967
vt 0.036606 0.327716
vt 0.044117 0.705544
vt 0.057873 0.707498
vt 0.140084 0.321623
vt 0.140196 0.323091
vt 0.126665 0.324064
vt 0.126618 0.322608
vt 0.066235 0.326313
vt 0.065828 0.327280
vt 0.477190 0.591228
vt 0.477495 0.592760
vt 0.481541 0.608680
vt 0.479277 0.608549
vt 0.076781 0.330254
vt 0.065489 0.330319
vt 0.077008 0.327120
vt 0.049890 0.657869
vt 0.062843 0.658367
vt 0.078846 0.625679
vt 0.077600 0.642375
vt 0.731938 0.137781
vt 0.734031 0.146149
vt 0.721843 0.147579
vt 0.718837 0.138767
vt 0.054641 0.608505
vt 0.063927 0.455899
vt 0.063356 0.473007
vt 0.688098 0.295859
vt 0.676213 0.296018
vt 0.744423 0.081071
vt 0.744470 0.074344
vt 0.747221 0.074340
vt 0.747097 0.081063
vt 0.056220 0.591857
vt 0.057567 0.575441
vt 0.069481 0.575494
vt 0.058676 0.559101
vt 0.070404 0.559126
vt 0.125161 0.524201
vt 0.111623 0.524325
vt 0.062809 0.490174
vt 0.074465 0.489695
vt 0.073717 0.507259
vt 0.061986 0.507675
vt 0.072648 0.524865
vt 0.075780 0.454810
vt 0.075122 0.472228
vt 0.478708 0.039453
vt 0.010849 0.036497
vt 0.087817 0.471633
vt 0.087091 0.489302
vt 0.472523 0.051747
vt 0.088461 0.454012
vt 0.006742 0.152493
vt 0.746321 0.108030
vt 0.740839 0.119833
vt 0.738695 0.107703
vt 0.064758 0.438384
vt 0.065945 0.421508
vt 0.077893 0.420079
vt 0.076739 0.437226
vt 0.066665 0.404430
vt 0.078128 0.369479
vt 0.057014 0.967145
vt 0.102423 0.369402
vt 0.101895 0.352768
vt 0.114954 0.369349
vt 0.965898 0.291582
vt 0.033714 0.295003
vt 0.966304 0.292221
vt 0.965552 0.294275
vt 0.738454 0.162972
vt 0.738751 0.164670
vt 0.729577 0.166684
vt 0.729030 0.164864
vt 0.074066 0.691666
vt 0.345379 0.164342
vt 0.354388 0.161534
vt 0.075154 0.675255
vt 0.089312 0.676024
vt 0.250689 0.762035
vt 0.250703 0.745894
vt 0.262564 0.746356
vt 0.262468 0.762616
vt 0.625994 0.207851
vt 0.634869 0.195899
vt 0.118504 0.711672
vt 0.104624 0.660204
vt 0.090259 0.659478
vt 0.148232 0.713514
vt 0.133540 0.712672
vt 0.134621 0.628028
vt 0.134080 0.644932
vt 0.119886 0.644114
vt 0.250377 0.895787
vt 0.239685 0.896967
vt 0.239638 0.891190
vt 0.145851 0.888505
vt 0.130626 0.885669
vt 0.126230 0.908012
vt 0.141765 0.911677
vt 0.101048 0.879638
vt 0.115688 0.882741
vt 0.110944 0.904400
vt 0.095836 0.900616
vt 0.121174 0.929696
vt 0.105722 0.925604
vt 0.162521 0.714154
vt 0.189757 0.731518
vt 0.176156 0.681068
vt 0.189560 0.681737
vt 0.202468 0.698937
vt 0.202489 0.715284
vt 0.619458 0.255927
vt 0.716565 0.059395
vt 0.727432 0.059396
vt 0.727120 0.061244
vt 0.716070 0.061243
vt 0.964898 0.323762
vt 0.035008 0.326765
vt 0.035094 0.326672
vt 0.283505 0.319780
vt 0.167688 0.326068
vt 0.167198 0.321307
vt 0.089014 0.338434
vt 0.088812 0.329800
vt 0.101185 0.329133
vt 0.101485 0.338453
vt 0.416463 0.457157
vt 0.429727 0.457007
vt 0.428995 0.474935
vt 0.415813 0.474876
vt 0.154312 0.326782
vt 0.113819 0.328509
vt 0.113721 0.324589
vt 0.113800 0.323370
vt 0.530423 0.180634
vt 0.535711 0.193976
vt 0.141812 0.352335
vt 0.248513 0.036564
vt 0.264865 0.041009
vt 0.248513 0.041009
vt 0.153879 0.322204
vt 0.217454 0.897889
vt 0.228364 0.882165
vt 0.228692 0.893626
vt 0.206732 0.910720
vt 0.217894 0.904143
vt 0.218104 0.906591
vt 0.207143 0.912982
vt 0.205859 0.904614
vt 0.207585 0.915631
vt 0.218323 0.909457
vt 0.228886 0.899700
vt 0.205090 0.318143
vt 0.217035 0.317833
vt 0.205496 0.335533
vt 0.205362 0.351475
vt 0.192655 0.318594
vt 0.479350 0.741787
vt 0.487583 0.737301
vt 0.488472 0.743250
vt 0.480660 0.747347
vt 0.997590 0.745032
vt 0.378865 0.157445
vt 0.378777 0.157287
vt 0.217180 0.335350
vt 0.135906 0.594060
vt 0.136496 0.576990
vt 0.414218 0.387085
vt 0.426810 0.386894
vt 0.427772 0.404428
vt 0.414851 0.404465
vt 0.076320 0.658885
vt 0.091409 0.642820
vt 0.105568 0.643409
vt 0.597930 0.245866
vt 0.587295 0.252504
vt 0.119176 0.661029
vt 0.133662 0.661871
vt 0.351951 0.560412
vt 0.365622 0.560131
vt 0.366247 0.577345
vt 0.352252 0.577807
vt 0.147966 0.662702
vt 0.239673 0.901861
vt 0.250275 0.900224
vt 0.339636 0.014407
vt 0.239668 0.903453
vt 0.049684 0.172415
vt 0.042121 0.167708
vt 0.239531 0.880172
vt 0.232277 0.029509
vt 0.248513 0.029509
vt 0.248513 0.033899
vt 0.232277 0.033899
vt 0.162312 0.663451
vt 0.239670 0.899196
vt 0.250320 0.897793
vt 0.190512 0.596098
vt 0.203173 0.596524
vt 0.202938 0.614063
vt 0.190261 0.613551
vt 0.176272 0.664198
vt 0.144826 0.254161
vt 0.189656 0.664915
vt 0.002846 0.744927
vt 0.002668 0.745874
vt 0.002314 0.745680
vt 0.002516 0.744664
vt 0.092599 0.626039
vt 0.093652 0.609209
vt 0.148733 0.628817
vt 0.148237 0.645781
vt 0.162897 0.629625
vt 0.083039 0.558982
vt 0.071544 0.542121
vt 0.135286 0.611023
vt 0.228165 0.868147
vt 0.216452 0.854340
vt 0.162571 0.646547
vt 0.216018 0.561319
vt 0.216353 0.543402
vt 0.215234 0.614566
vt 0.470510 0.511235
vt 0.532179 0.494239
vt 0.532635 0.494110
vt 0.531624 0.510577
vt 0.771802 0.282482
vt 0.760172 0.282637
vt 0.759999 0.282214
vt 0.771466 0.282028
vt 0.094524 0.592461
vt 0.082127 0.575594
vt 0.095348 0.575760
vt 0.374322 0.119066
vt 0.005275 0.128876
vt 0.035849 0.460323
vt 0.035238 0.476718
vt 0.107955 0.592930
vt 0.121765 0.593487
vt 0.303942 0.193709
vt 0.292832 0.203551
vt 0.957588 0.831361
vt 0.303915 0.193710
vt 0.137220 0.559584
vt 0.122604 0.576366
vt 0.123380 0.559185
vt 0.261658 0.866680
vt 0.272947 0.868395
vt 0.272640 0.882316
vt 0.203829 0.561017
vt 0.204233 0.543120
vt 0.239455 0.866547
vt 0.228073 0.852415
vt 0.239404 0.851092
vt 0.372305 0.143476
vt 0.203473 0.578831
vt 0.298758 0.069181
vt 0.298979 0.062423
vt 0.278949 0.062423
vt 0.279009 0.069181
vt 0.215447 0.596936
vt 0.215713 0.579175
vt 0.220890 0.059889
vt 0.237978 0.059889
vt 0.237497 0.059395
vt 0.220630 0.059395
vt 0.096341 0.558802
vt 0.108918 0.575883
vt 0.109800 0.558814
vt 0.110706 0.541709
vt 0.124284 0.541796
vt 0.138024 0.541960
vt 0.151810 0.542143
vt 0.138873 0.524177
vt 0.166946 0.506500
vt 0.166188 0.524456
vt 0.152638 0.524286
vt 0.153519 0.506331
vt 0.074823 0.916628
vt 0.080987 0.896511
vt 0.046007 0.883073
vt 0.038231 0.902015
vt 0.008566 0.134781
vt 0.090238 0.921271
vt 0.165444 0.542357
vt 0.178804 0.542592
vt 0.216674 0.525492
vt 0.086260 0.506935
vt 0.191733 0.542847
vt 0.090552 0.419158
vt 0.089408 0.436346
vt 0.664966 0.990243
vt 0.660511 0.988707
vt 0.179415 0.524668
vt 0.179983 0.506751
vt 0.084439 0.940403
vt 0.078859 0.956813
vt 0.062719 0.951970
vt 0.068612 0.935497
vt 0.909904 0.972359
vt 0.073176 0.972293
vt 0.094975 0.961472
vt 0.100251 0.945027
vt 0.058417 0.963656
vt 0.193438 0.384459
vt 0.193677 0.401478
vt 0.181172 0.401442
vt 0.181011 0.384539
vt 0.192229 0.524921
vt 0.204640 0.525202
vt 0.192640 0.507077
vt 0.342955 0.994547
vt 0.659540 0.992933
vt 0.338637 0.996626
vt 0.338967 0.995646
vt 0.101027 0.471130
vt 0.367916 0.082741
vt 0.365933 0.080644
vt 0.115906 0.949405
vt 0.154805 0.453552
vt 0.154821 0.470877
vt 0.114350 0.470643
vt 0.154324 0.488456
vt 0.150726 0.764930
vt 0.151698 0.782945
vt 0.137921 0.782466
vt 0.136669 0.764472
vt 0.715240 0.083509
vt 0.715245 0.081143
vt 0.726763 0.081130
vt 0.726718 0.083490
vt 0.142990 0.384982
vt 0.155856 0.384789
vt 0.155561 0.401469
vt 0.142757 0.401248
vt 0.167783 0.471085
vt 0.167598 0.488614
vt 0.034036 0.899417
vt 0.030708 0.921294
vt 0.026521 0.919008
vt 0.180408 0.488990
vt 0.749425 0.095159
vt 0.748588 0.086325
vt 0.192874 0.489437
vt 0.129493 0.051747
vt 0.153592 0.033899
vt 0.153592 0.036564
vt 0.141398 0.036564
vt 0.141398 0.033899
vt 0.101623 0.453383
vt 0.129410 0.417888
vt 0.128987 0.435196
vt 0.115146 0.452727
vt 0.703095 0.074365
vt 0.703215 0.081145
vt 0.142137 0.435495
vt 0.155059 0.435764
vt 0.128438 0.369204
vt 0.142199 0.368721
vt 0.893821 0.977198
vt 0.089643 0.976809
vt 0.216985 0.351310
vt 0.105942 0.981280
vt 0.877737 0.982038
vt 0.131121 0.953501
vt 0.205359 0.436640
vt 0.193100 0.436517
vt 0.217281 0.419336
vt 0.576914 0.229834
vt 0.578374 0.218067
vt 0.586397 0.218230
vt 0.583765 0.229706
vt 0.217173 0.436692
vt 0.142419 0.418083
vt 0.155357 0.418319
vt 0.168378 0.401457
vt 0.168239 0.418496
vt 0.965680 0.411444
vt 0.205539 0.384387
vt 0.205753 0.401575
vt 0.104071 0.401553
vt 0.136578 0.933693
vt 0.540332 0.316901
vt 0.538089 0.317080
vt 0.538275 0.307491
vt 0.180982 0.418692
vt 0.193501 0.418897
vt 0.205649 0.419111
vt 0.103401 0.385917
vt 0.090267 0.369435
vt 0.086774 0.876237
vt 0.073181 0.872538
vt 0.078493 0.853139
vt 0.091615 0.855998
vt 0.155589 0.368088
vt 0.089553 0.352708
vt 0.823891 0.283138
vt 0.824056 0.282710
vt 0.835246 0.283093
vt 0.835295 0.283475
vt 0.216877 0.367706
vt 0.205258 0.367712
vt 0.052811 0.865120
vt 0.061430 0.868729
vt 0.238936 0.072228
vt 0.221804 0.072228
vt 0.168427 0.384608
vt 0.014497 0.955207
vt 0.013214 0.954724
vt 0.014220 0.949969
vt 0.015152 0.952992
vt 0.021998 0.072228
vt 0.193403 0.367561
vt 0.295081 0.014407
vt 0.294740 0.015707
vt 0.280508 0.015707
vt 0.197218 0.927133
vt 0.071294 0.831958
vt 0.062229 0.830200
vt 0.064213 0.812683
vt 0.073710 0.813690
vt 0.099488 0.069181
vt 0.099520 0.062423
vt 0.080697 0.062423
vt 0.080891 0.069181
vt 0.367834 0.083561
vt 0.228570 0.282458
vt 0.216644 0.282662
vt 0.216697 0.282174
vt 0.228700 0.281966
vt 0.105436 0.858724
vt 0.119638 0.861181
vt 0.040837 0.962688
vt 0.042414 0.959101
vt 0.019685 0.937465
vt 0.025470 0.918284
vt 0.023509 0.916893
vt 0.024123 0.917381
vt 0.018403 0.935955
vt 0.017932 0.935484
vt 0.590406 0.304866
vt 0.602519 0.304677
vt 0.590071 0.314798
vt 0.018233 0.957139
vt 0.018949 0.956507
vt 0.026479 0.958684
vt 0.970897 0.954006
vt 0.058988 0.811838
vt 0.571735 0.272095
vt 0.567679 0.273713
vt 0.567524 0.271931
vt 0.028633 0.954978
vt 0.997401 0.744867
vt 0.002205 0.745752
vt 0.032878 0.898499
vt 0.041755 0.880455
vt 0.031457 0.897406
vt 0.057127 0.829048
vt 0.058181 0.847590
vt 0.053469 0.845895
vt 0.046898 0.861993
vt 0.051958 0.845375
vt 0.048313 0.862799
vt 0.040499 0.879518
vt 0.066980 0.850291
vt 0.050288 0.770548
vt 0.053226 0.767561
vt 0.055416 0.828735
vt 0.057263 0.811510
vt 0.072697 0.796365
vt 0.602016 0.061243
vt 0.585613 0.061243
vt 0.585397 0.059395
vt 0.601595 0.059395
vt 0.068979 0.780073
vt 0.215159 0.764240
vt 0.202987 0.764856
vt 0.202618 0.747976
vt 0.214893 0.747552
vt 0.057630 0.794227
vt 0.056299 0.780733
vt 0.075528 0.763413
vt 0.081299 0.780586
vt 0.061623 0.764316
vt 0.042837 0.757149
vt 0.051434 0.746136
vt 0.049375 0.771797
vt 0.039552 0.764909
vt 0.040182 0.762861
vt 0.080601 0.059889
vt 0.065257 0.059889
vt 0.065426 0.062423
vt 0.055044 0.781163
vt 0.539514 0.377439
vt 0.020517 0.750398
vt 0.011816 0.745345
vt 0.013249 0.738759
vt 0.005581 0.735447
vt 0.004548 0.741533
vt 0.602262 0.068176
vt 0.602389 0.070848
vt 0.585841 0.070848
vt 0.585753 0.068176
vt 0.028488 0.718242
vt 0.015766 0.727752
vt 0.018250 0.715158
vt 0.029874 0.758765
vt 0.025759 0.033898
vt 0.025759 0.029508
vt 0.238848 0.746214
vt 0.238916 0.762461
vt 0.007288 0.725059
vt 0.006031 0.724716
vt 0.006150 0.742460
vt 0.007350 0.736236
vt 0.024379 0.958908
vt 0.956668 0.958287
vt 0.011464 0.747540
vt 0.020236 0.752901
vt 0.011178 0.713637
vt 0.009317 0.725637
vt 0.261533 0.282503
vt 0.261575 0.282946
vt 0.250728 0.282655
vt 0.250745 0.282190
vt 0.007689 0.712978
vt 0.717586 0.129362
vt 0.730618 0.128962
vt 0.010786 0.700606
vt 0.009015 0.713228
vt 0.040529 0.722052
vt 0.054530 0.725536
vt 0.637983 0.061243
vt 0.657337 0.061243
vt 0.657242 0.068176
vt 0.638066 0.068176
vt 0.571548 0.271131
vt 0.574977 0.270393
vt 0.226909 0.731249
vt 0.226940 0.746928
vt 0.214830 0.731438
vt 0.274830 0.700410
vt 0.262870 0.685087
vt 0.274950 0.684224
vt 0.136269 0.989598
vt 0.849926 0.990407
vt 0.202492 0.731539
vt 0.310391 0.455618
vt 0.323185 0.455620
vt 0.323205 0.472882
vt 0.310552 0.472929
vt 0.190012 0.748189
vt 0.315024 0.062423
vt 0.314564 0.069181
vt 0.327587 0.069181
vt 0.328008 0.062423
vt 0.103397 0.728149
vt 0.149652 0.747544
vt 0.148851 0.730481
vt 0.137285 0.985488
vt 0.136422 0.988951
vt 0.135283 0.746993
vt 0.145542 0.957348
vt 0.140505 0.973998
vt 0.149336 0.992473
vt 0.152670 0.977285
vt 0.157729 0.960970
vt 0.173115 0.062423
vt 0.173275 0.059889
vt 0.156447 0.059889
vt 0.156282 0.062423
vt 0.119129 0.728959
vt 0.134255 0.729773
vt 0.120331 0.746430
vt 0.104610 0.745974
vt 0.726968 0.068178
vt 0.736972 0.061245
vt 0.737165 0.068179
vt 0.715659 0.068177
vt 0.227100 0.763401
vt 0.250689 0.779413
vt 0.165578 0.802201
vt 0.152148 0.801861
vt 0.165159 0.783255
vt 0.215505 0.781588
vt 0.203442 0.782322
vt 0.328146 0.059889
vt 0.339637 0.059889
vt 0.339782 0.059395
vt 0.328388 0.059395
vt 0.177647 0.765404
vt 0.178285 0.783281
vt 0.164381 0.765269
vt 0.190498 0.765254
vt 0.191040 0.782931
vt 0.178715 0.802090
vt 0.250683 0.797779
vt 0.122165 0.764027
vt 0.123898 0.781920
vt 0.065728 0.309963
vt 0.054937 0.310515
vt 0.054895 0.309202
vt 0.065693 0.308677
vt 0.041387 0.059395
vt 0.031230 0.059395
vt 0.031385 0.059889
vt 0.041584 0.059889
vt 0.107115 0.763721
vt 0.109715 0.781462
vt 0.095401 0.781066
vt 0.091442 0.763520
vt 0.099619 0.289739
vt 0.099741 0.292543
vt 0.273970 0.437709
vt 0.158352 0.991101
vt 0.161181 0.979782
vt 0.165212 0.981123
vt 0.162410 0.992252
vt 0.284766 0.854766
vt 0.273140 0.852713
vt 0.273347 0.835548
vt 0.262225 0.798223
vt 0.262358 0.779970
vt 0.239258 0.816494
vt 0.227775 0.817158
vt 0.298468 0.765417
vt 0.298012 0.782909
vt 0.285919 0.782047
vt 0.286263 0.764676
vt 0.191727 0.820758
vt 0.191475 0.801423
vt 0.203849 0.800486
vt 0.204152 0.819242
vt 0.215840 0.799601
vt 0.216124 0.818044
vt 0.079831 0.059395
vt 0.064711 0.059395
vt 0.178836 0.821969
vt 0.165498 0.822286
vt 0.151864 0.821859
vt 0.191490 0.902438
vt 0.176532 0.889735
vt 0.124368 0.819792
vt 0.138101 0.820980
vt 0.122541 0.840079
vt 0.191731 0.840881
vt 0.177803 0.865521
vt 0.178562 0.843010
vt 0.744216 0.084014
vt 0.744319 0.083417
vt 0.747014 0.083407
vt 0.746942 0.084004
vt 0.124748 0.800401
vt 0.138499 0.801229
vt 0.182058 0.929661
vt 0.110887 0.818374
vt 0.097777 0.816716
vt 0.097676 0.798562
vt 0.111124 0.799523
vt 0.403138 0.059816
vt 0.413553 0.059561
vt 0.413900 0.061429
vt 0.403738 0.061656
vt 0.205074 0.059395
vt 0.164836 0.843619
vt 0.227947 0.835232
vt 0.239343 0.834294
vt 0.216334 0.836482
vt 0.161298 0.890772
vt 0.163495 0.866449
vt 0.464558 0.061243
vt 0.463579 0.059395
vt 0.085214 0.815052
vt 0.095415 0.836106
vt 0.082690 0.833968
vt 0.108768 0.838193
vt 0.193741 0.915294
vt 0.173398 0.059395
vt 0.156596 0.059395
vt 0.196900 0.925727
vt 0.149849 0.988833
vt 0.553696 0.061243
vt 0.537242 0.061243
vt 0.537712 0.059395
vt 0.553900 0.059395
vt 0.084646 0.797517
vt 0.163846 0.992694
vt 0.166682 0.981714
vt 0.171099 0.966992
vt 0.172630 0.968006
vt 0.168394 0.982384
vt 0.157552 0.994713
vt 0.186815 0.937641
vt 0.179116 0.952512
vt 0.746101 0.061246
vt 0.747488 0.061245
vt 0.748380 0.068175
vt 0.746810 0.068176
vt 0.437986 0.081142
vt 0.437993 0.083508
vt 0.426068 0.083522
vt 0.411394 0.322455
vt 0.423191 0.322906
vt 0.423421 0.324085
vt 0.411685 0.323706
vt 0.455541 0.341354
vt 0.455206 0.331005
vt 0.461516 0.331540
vt 0.461698 0.342429
vt 0.338823 0.731620
vt 0.325147 0.731965
vt 0.262939 0.668241
vt 0.454605 0.310696
vt 0.454596 0.307401
vt 0.460917 0.307530
vt 0.460905 0.310814
vt 0.263005 0.633229
vt 0.250249 0.317792
vt 0.275045 0.667426
vt 0.441721 0.179766
vt 0.262987 0.650840
vt 0.275095 0.650191
vt 0.700770 0.523943
vt 0.263075 0.579862
vt 0.274971 0.579648
vt 0.263112 0.561991
vt 0.602575 0.074365
vt 0.619782 0.074365
vt 0.619812 0.081144
vt 0.602650 0.081144
vt 0.263223 0.526282
vt 0.263304 0.508541
vt 0.274904 0.508581
vt 0.274909 0.526235
vt 0.263359 0.490811
vt 0.274868 0.490925
vt 0.038798 0.326980
vt 0.250677 0.384204
vt 0.261881 0.384266
vt 0.037668 0.357589
vt 0.673869 0.151978
vt 0.658002 0.169014
vt 0.644138 0.166250
vt 0.468253 0.527494
vt 0.461579 0.527205
vt 0.467396 0.688503
vt 0.469668 0.703255
vt 0.457141 0.705453
vt 0.454889 0.689666
vt 0.367571 0.730375
vt 0.368334 0.713266
vt 0.383364 0.712230
vt 0.382672 0.729457
vt 0.415944 0.166966
vt 0.415298 0.167860
vt 0.404569 0.164619
vt 0.405259 0.163526
vt 0.478402 0.687601
vt 0.480651 0.701344
vt 0.485913 0.672129
vt 0.487905 0.686727
vt 0.485444 0.686962
vt 0.483516 0.672294
vt 0.492176 0.699700
vt 0.490003 0.700217
vt 0.476597 0.672704
vt 0.445185 0.325103
vt 0.454871 0.325435
vt 0.465692 0.673242
vt 0.481529 0.656882
vt 0.474743 0.657221
vt 0.472891 0.641507
vt 0.479581 0.641274
vt 0.450412 0.642034
vt 0.449019 0.625573
vt 0.460779 0.625377
vt 0.462301 0.641702
vt 0.432243 0.936783
vt 0.426338 0.918410
vt 0.441204 0.913859
vt 0.461176 0.325565
vt 0.463983 0.657586
vt 0.521607 0.640106
vt 0.483871 0.656736
vt 0.436385 0.353572
vt 0.446826 0.354448
vt 0.464896 0.323778
vt 0.465418 0.323773
vt 0.480207 0.625336
vt 0.481595 0.625067
vt 0.481880 0.641139
vt 0.459175 0.608665
vt 0.457278 0.591857
vt 0.467727 0.591777
vt 0.482325 0.625425
vt 0.479302 0.608806
vt 0.447527 0.608858
vt 0.445836 0.592184
vt 0.475879 0.576425
vt 0.476059 0.576652
vt 0.479241 0.591045
vt 0.469173 0.495633
vt 0.470071 0.479829
vt 0.472528 0.480956
vt 0.479346 0.591193
vt 0.455471 0.575740
vt 0.465578 0.575734
vt 0.474592 0.591637
vt 0.472172 0.575755
vt 0.471159 0.543938
vt 0.470606 0.527514
vt 0.471801 0.527694
vt 0.472852 0.544259
vt 0.470386 0.560027
vt 0.472956 0.544300
vt 0.474492 0.560484
vt 0.393078 0.084134
vt 0.749387 0.083509
vt 0.392249 0.083218
vt 0.392866 0.081786
vt 0.536731 0.476479
vt 0.533911 0.493502
vt 0.462500 0.543536
vt 0.469068 0.543792
vt 0.463872 0.559887
vt 0.453902 0.559684
vt 0.452571 0.543101
vt 0.451226 0.526154
vt 0.473317 0.543911
vt 0.469249 0.511252
vt 0.472768 0.527318
vt 0.284414 0.300170
vt 0.272549 0.299977
vt 0.272594 0.296256
vt 0.475418 0.463043
vt 0.467480 0.461623
vt 0.474357 0.481582
vt 0.451901 0.493593
vt 0.451330 0.510121
vt 0.471023 0.496222
vt 0.468125 0.478293
vt 0.452703 0.476652
vt 0.463242 0.478373
vt 0.453634 0.458746
vt 0.037771 0.375052
vt 0.466915 0.444966
vt 0.477707 0.463803
vt 0.476718 0.444271
vt 0.922211 0.285951
vt 0.933834 0.286278
vt 0.933780 0.286842
vt 0.922177 0.286359
vt 0.463921 0.342361
vt 0.465429 0.343333
vt 0.465112 0.358001
vt 0.463615 0.358010
vt 0.466468 0.428349
vt 0.479234 0.444513
vt 0.466361 0.411670
vt 0.453482 0.422843
vt 0.324352 0.949878
vt 0.327922 0.947078
vt 0.334757 0.964245
vt 0.330924 0.966107
vt 0.461990 0.356769
vt 0.463660 0.371091
vt 0.457657 0.370881
vt 0.456121 0.355722
vt 0.468883 0.386528
vt 0.465772 0.394736
vt 0.475079 0.404227
vt 0.466603 0.387009
vt 0.448184 0.370376
vt 0.465358 0.359910
vt 0.467393 0.370458
vt 0.465508 0.370638
vt 0.284189 0.886183
vt 0.283475 0.897950
vt 0.272206 0.893658
vt 0.438176 0.074364
vt 0.512729 0.711596
vt 0.510135 0.712278
vt 0.443548 0.707478
vt 0.441642 0.690925
vt 0.430965 0.726822
vt 0.429035 0.708824
vt 0.446912 0.725327
vt 0.333541 0.351700
vt 0.333983 0.368478
vt 0.321008 0.367991
vt 0.320483 0.351125
vt 0.434489 0.324618
vt 0.423755 0.328679
vt 0.437856 0.642450
vt 0.005808 0.744341
vt 0.444334 0.576158
vt 0.433835 0.592774
vt 0.432622 0.576940
vt 0.436611 0.625909
vt 0.435294 0.609235
vt 0.012345 0.071364
vt 0.012428 0.069181
vt 0.012049 0.069181
vt 0.011941 0.071364
vt 0.425893 0.070875
vt 0.414385 0.071041
vt 0.414172 0.068372
vt 0.425625 0.068209
vt 0.440612 0.509662
vt 0.440700 0.492781
vt 0.338268 0.086765
vt 0.440879 0.526065
vt 0.429561 0.526297
vt 0.428981 0.509587
vt 0.428633 0.492424
vt 0.441177 0.475502
vt 0.376740 0.509115
vt 0.376355 0.491835
vt 0.389808 0.492398
vt 0.390021 0.509413
vt 0.441919 0.457503
vt 0.387892 0.404317
vt 0.388559 0.421755
vt 0.375067 0.421544
vt 0.374410 0.404206
vt 0.138636 0.062423
vt 0.138302 0.069181
vt 0.205354 0.072228
vt 0.442010 0.440122
vt 0.454081 0.440979
vt 0.429559 0.439792
vt 0.389018 0.439472
vt 0.375630 0.439052
vt 0.437522 0.370006
vt 0.426031 0.369917
vt 0.425153 0.353230
vt 0.440060 0.404480
vt 0.441371 0.422394
vt 0.428814 0.422236
vt 0.872856 0.305370
vt 0.872691 0.302143
vt 0.885633 0.305796
vt 0.416324 0.509705
vt 0.416809 0.526324
vt 0.403557 0.526234
vt 0.403197 0.509695
vt 0.963891 0.311203
vt 0.963235 0.320554
vt 0.962853 0.311166
vt 0.438736 0.386914
vt 0.544471 0.816359
vt 0.680710 0.196630
vt 0.543761 0.803757
vt 0.387253 0.353850
vt 0.400431 0.353696
vt 0.400796 0.370470
vt 0.387488 0.370635
vt 0.299748 0.682729
vt 0.287210 0.683421
vt 0.287324 0.666627
vt 0.299870 0.665898
vt 0.386762 0.320933
vt 0.399241 0.321557
vt 0.399284 0.321965
vt 0.386783 0.321372
vt 0.426962 0.675663
vt 0.427830 0.691993
vt 0.413446 0.692946
vt 0.354350 0.697059
vt 0.368808 0.696211
vt 0.353714 0.714047
vt 0.413962 0.709882
vt 0.398662 0.694015
vt 0.398675 0.711030
vt 0.414460 0.727587
vt 0.398283 0.728466
vt 0.261075 0.896928
vt 0.260975 0.899124
vt 0.369038 0.679294
vt 0.383542 0.678333
vt 0.383647 0.695198
vt 0.387641 0.299347
vt 0.400000 0.300043
vt 0.399877 0.303790
vt 0.387541 0.303119
vt 0.397551 0.084069
vt 0.397323 0.081723
vt 0.404258 0.081556
vt 0.404531 0.083902
vt 0.385848 0.884226
vt 0.370802 0.886871
vt 0.367425 0.864663
vt 0.382042 0.862687
vt 0.465554 0.323873
vt 0.465355 0.320815
vt 0.536223 0.319358
vt 0.347220 0.369143
vt 0.346825 0.352425
vt 0.359440 0.912447
vt 0.355472 0.889455
vt 0.375058 0.909044
vt 0.340187 0.663855
vt 0.354510 0.663126
vt 0.354638 0.680101
vt 0.340211 0.680789
vt 0.394389 0.072597
vt 0.394400 0.075037
vt 0.392603 0.075053
vt 0.392701 0.072612
vt 0.390402 0.905737
vt 0.981104 0.950934
vt 0.014541 0.956077
vt 0.015546 0.955511
vt 0.325645 0.715172
vt 0.339494 0.714688
vt 0.340009 0.697746
vt 0.295468 0.319918
vt 0.307862 0.320075
vt 0.295302 0.324786
vt 0.326007 0.698334
vt 0.326173 0.681461
vt 0.287036 0.699817
vt 0.003602 0.746338
vt 0.003761 0.745443
vt 0.312519 0.698851
vt 0.299541 0.699323
vt 0.312707 0.682095
vt 0.408442 0.593917
vt 0.421286 0.593449
vt 0.422426 0.609681
vt 0.409165 0.610084
vt 0.355402 0.957542
vt 0.360228 0.973936
vt 0.348020 0.977205
vt 0.343144 0.961103
vt 0.312234 0.715501
vt 0.299310 0.715721
vt 0.360550 0.321782
vt 0.360512 0.320236
vt 0.373986 0.320769
vt 0.374049 0.322357
vt 0.386978 0.322915
vt 0.387055 0.328142
vt 0.572858 0.274855
vt 0.576217 0.273303
vt 0.518088 0.946885
vt 0.286864 0.715892
vt 0.202697 0.041009
vt 0.209519 0.041009
vt 0.209456 0.051747
vt 0.202631 0.051747
vt 0.413109 0.353374
vt 0.400029 0.338411
vt 0.412454 0.338242
vt 0.399556 0.323369
vt 0.412015 0.328447
vt 0.399784 0.328365
vt 0.410520 0.138849
vt 0.409272 0.147212
vt 0.397559 0.144718
vt 0.152827 0.288898
vt 0.139052 0.289676
vt 0.310157 0.883770
vt 0.309513 0.902809
vt 0.296310 0.892616
vt 0.296902 0.876400
vt 0.346732 0.336766
vt 0.346851 0.326425
vt 0.293582 0.912663
vt 0.294110 0.910583
vt 0.352646 0.866341
vt 0.350803 0.844068
vt 0.365061 0.842975
vt 0.320548 0.320476
vt 0.333633 0.320897
vt 0.333483 0.325910
vt 0.295078 0.904704
vt 0.312218 0.578915
vt 0.325556 0.596004
vt 0.312475 0.596413
vt 0.282287 0.909074
vt 0.271524 0.904556
vt 0.346946 0.321272
vt 0.333664 0.319470
vt 0.320595 0.319085
vt 0.333364 0.336124
vt 0.295178 0.334802
vt 0.760222 0.300020
vt 0.749637 0.300050
vt 0.340011 0.646886
vt 0.354160 0.646119
vt 0.283511 0.318428
vt 0.295458 0.318567
vt 0.546697 0.316521
vt 0.379243 0.559911
vt 0.380311 0.576973
vt 0.410965 0.643389
vt 0.424664 0.642869
vt 0.425857 0.659250
vt 0.396934 0.644038
vt 0.728754 0.163049
vt 0.383246 0.661589
vt 0.368889 0.662406
vt 0.368445 0.645405
vt 0.382752 0.644755
vt 0.260882 0.901759
vt 0.172892 0.968760
vt 0.248491 0.014407
vt 0.339698 0.629822
vt 0.353708 0.629062
vt 0.326133 0.647553
vt 0.325958 0.630446
vt 0.326210 0.664550
vt 0.395184 0.594094
vt 0.395729 0.610488
vt 0.314574 0.071364
vt 0.298927 0.071364
vt 0.312801 0.648197
vt 0.312793 0.665211
vt 0.299917 0.648854
vt 0.287372 0.649514
vt 0.311915 0.732088
vt 0.311539 0.748818
vt 0.298877 0.748502
vt 0.299120 0.732021
vt 0.367926 0.628320
vt 0.423528 0.626279
vt 0.409966 0.626694
vt 0.688512 0.316243
vt 0.676333 0.316810
vt 0.676358 0.316351
vt 0.284608 0.871386
vt 0.396185 0.627198
vt 0.382216 0.627760
vt 0.381887 0.610875
vt 0.299472 0.579171
vt 0.299271 0.561498
vt 0.311981 0.561271
vt 0.367436 0.611324
vt 0.798655 0.295313
vt 0.798643 0.298923
vt 0.784975 0.298767
vt 0.296918 0.857964
vt 0.455355 0.865755
vt 0.457709 0.864773
vt 0.463130 0.882874
vt 0.461017 0.883970
vt 0.325761 0.613255
vt 0.312634 0.613784
vt 0.339302 0.612682
vt 0.353177 0.612013
vt 0.312737 0.631049
vt 0.366815 0.594389
vt 0.381160 0.594005
vt 0.299899 0.631631
vt 0.394533 0.764023
vt 0.379534 0.764581
vt 0.381378 0.746940
vt 0.397015 0.746299
vt 0.420255 0.577475
vt 0.407354 0.577463
vt 0.944707 0.323056
vt 0.394036 0.577135
vt 0.338923 0.595509
vt 0.352622 0.594946
vt 0.261806 0.851247
vt 0.250555 0.866023
vt 0.250604 0.850596
vt 0.239754 0.304133
vt 0.239800 0.300803
vt 0.250583 0.300939
vt 0.250519 0.304269
vt 0.228663 0.304106
vt 0.239597 0.314310
vt 0.228644 0.314301
vt 0.349025 0.438527
vt 0.335869 0.438316
vt 0.335276 0.420847
vt 0.348390 0.421124
vt 0.418300 0.560116
vt 0.336219 0.473018
vt 0.336287 0.455674
vt 0.287070 0.579412
vt 0.165959 0.015707
vt 0.153593 0.015707
vt 0.416886 0.542419
vt 0.404047 0.542371
vt 0.405722 0.560200
vt 0.378050 0.542580
vt 0.391159 0.542471
vt 0.392676 0.560014
vt 0.338071 0.543135
vt 0.324892 0.543359
vt 0.364773 0.542803
vt 0.351403 0.542988
vt 0.362933 0.491512
vt 0.363451 0.508920
vt 0.350291 0.508832
vt 0.349689 0.491185
vt 0.434816 0.894513
vt 0.453908 0.909364
vt 0.471524 0.753193
vt 0.469676 0.747768
vt 0.447098 0.890338
vt 0.299232 0.543781
vt 0.311927 0.543601
vt 0.339632 0.020254
vt 0.350022 0.020254
vt 0.350022 0.029509
vt 0.339631 0.029509
vt 0.307810 0.350701
vt 0.295546 0.350354
vt 0.434246 0.323423
vt 0.286940 0.561674
vt 0.274918 0.561842
vt 0.274889 0.544029
vt 0.286892 0.543903
vt 0.387082 0.338423
vt 0.377092 0.525924
vt 0.390311 0.526067
vt 0.363886 0.525859
vt 0.337267 0.508808
vt 0.350759 0.525852
vt 0.337716 0.525884
vt 0.437886 0.952603
vt 0.334068 0.301174
vt 0.285463 0.420134
vt 0.297421 0.420233
vt 0.297704 0.437960
vt 0.285667 0.437852
vt 0.286862 0.526136
vt 0.299223 0.526036
vt 0.425713 0.968120
vt 0.409429 0.972651
vt 0.443453 0.967007
vt 0.427061 0.971525
vt 0.441982 0.963529
vt 0.385122 0.949896
vt 0.379990 0.930472
vt 0.395457 0.926666
vt 0.286583 0.490944
vt 0.298653 0.490915
vt 0.298883 0.508427
vt 0.286709 0.508535
vt 0.324794 0.525919
vt 0.324338 0.508621
vt 0.311983 0.525958
vt 0.311486 0.508390
vt 0.590509 0.301628
vt 0.602620 0.301454
vt 0.089796 0.206037
vt 0.053913 0.811086
vt 0.961430 0.325195
vt 0.963469 0.324811
vt 0.415774 0.492519
vt 0.402790 0.492650
vt 0.402338 0.474904
vt 0.308053 0.315349
vt 0.320680 0.315657
vt 0.320592 0.318672
vt 0.307916 0.318340
vt 0.389264 0.474751
vt 0.362886 0.474026
vt 0.376152 0.474393
vt 0.410938 0.922651
vt 0.416325 0.439763
vt 0.415622 0.422168
vt 0.336631 0.490988
vt 0.349503 0.473436
vt 0.323776 0.490891
vt 0.285870 0.455529
vt 0.961217 0.323201
vt 0.961140 0.320312
vt 0.298264 0.473018
vt 0.311097 0.490847
vt 0.396271 0.059940
vt 0.397002 0.061793
vt 0.394582 0.061826
vt 0.394853 0.059954
vt 0.044378 0.293811
vt 0.037429 0.294529
vt 0.036296 0.294266
vt 0.043884 0.293325
vt 0.389038 0.456900
vt 0.402600 0.439764
vt 0.402592 0.457282
vt 0.286334 0.473009
vt 0.835011 0.301066
vt 0.846670 0.301407
vt 0.846820 0.304633
vt 0.835186 0.304280
vt 0.463680 0.289928
vt 0.463619 0.289223
vt 0.465504 0.289462
vt 0.375877 0.456466
vt 0.574899 0.967464
vt 0.410885 0.976809
vt 0.410648 0.976038
vt 0.362294 0.438755
vt 0.362755 0.456137
vt 0.349528 0.455828
vt 0.389904 0.966114
vt 0.369877 0.953811
vt 0.374527 0.970192
vt 0.378286 0.985750
vt 0.607249 0.977198
vt 0.748722 0.081060
vt 0.748865 0.074338
vt 0.749458 0.074337
vt 0.749305 0.081059
vt 0.322852 0.438150
vt 0.310108 0.438046
vt 0.309732 0.420381
vt 0.297952 0.455609
vt 0.653619 0.283215
vt 0.664992 0.283347
vt 0.664928 0.283730
vt 0.653375 0.283661
vt 0.413702 0.370137
vt 0.401154 0.387308
vt 0.402096 0.422004
vt 0.401485 0.404412
vt 0.336208 0.942291
vt 0.322358 0.420584
vt 0.361657 0.421357
vt 0.361150 0.403899
vt 0.239803 0.299445
vt 0.228664 0.299427
vt 0.228645 0.295672
vt 0.113791 0.322942
vt 0.113615 0.320009
vt 0.126627 0.322127
vt 0.309339 0.402579
vt 0.444818 0.310429
vt 0.434170 0.319988
vt 0.334859 0.403151
vt 0.321943 0.402832
vt 0.347965 0.403511
vt 0.750121 0.698766
vt 0.506066 0.241223
vt 0.521958 0.256315
vt 0.470743 0.901954
vt 0.503888 0.241232
vt 0.396374 0.860466
vt 0.387686 0.387364
vt 0.374219 0.387120
vt 0.374006 0.370426
vt 0.428811 0.874972
vt 0.177845 0.274461
vt 0.177923 0.273499
vt 0.373751 0.353685
vt 0.360599 0.369866
vt 0.360941 0.386644
vt 0.347640 0.386128
vt 0.440804 0.871476
vt 0.435482 0.852606
vt 0.423691 0.855314
vt 0.462577 0.905628
vt 0.455703 0.886623
vt 0.459654 0.884651
vt 0.700572 0.282599
vt 0.714435 0.282527
vt 0.714346 0.282955
vt 0.700753 0.283077
vt 0.570167 0.249723
vt 0.570166 0.240736
vt 0.334439 0.385673
vt 0.321493 0.385286
vt 0.308901 0.384978
vt 0.308400 0.367657
vt 0.284341 0.367178
vt 0.296186 0.367393
vt 0.748640 0.083403
vt 0.424299 0.338288
vt 0.637640 0.084114
vt 0.619685 0.084114
vt 0.619772 0.083511
vt 0.637855 0.083511
vt 0.475433 0.940626
vt 0.471774 0.955009
vt 0.360226 0.353158
vt 0.410352 0.857971
vt 0.283661 0.350063
vt 0.454869 0.292399
vt 0.454672 0.302366
vt 0.445007 0.292132
vt 0.676114 0.084114
vt 0.690718 0.084114
vt 0.690662 0.086463
vt 0.676157 0.086452
vt 0.459626 0.962557
vt 0.469345 0.924162
vt 0.469527 0.902443
vt 0.537969 0.321009
vt 0.538059 0.320198
vt 0.540250 0.320303
vt 0.540085 0.322157
vt 0.453013 0.847467
vt 0.450536 0.848188
vt 0.428003 0.815537
vt 0.431210 0.833967
vt 0.419546 0.835926
vt 0.416930 0.816979
vt 0.449740 0.831357
vt 0.446977 0.831540
vt 0.446020 0.814320
vt 0.436595 0.814433
vt 0.440380 0.832285
vt 0.445115 0.831567
vt 0.437321 0.781025
vt 0.433132 0.795585
vt 0.435251 0.780341
vt 0.426781 0.796508
vt 0.350310 0.071364
vt 0.339313 0.071364
vt 0.429965 0.779743
vt 0.461422 0.762542
vt 0.447179 0.770829
vt 0.460648 0.760905
vt 0.458197 0.756272
vt 0.445201 0.768155
vt 0.438511 0.764500
vt 0.449947 0.745824
vt 0.785148 0.303286
vt 0.785824 0.313283
vt 0.772641 0.313112
vt 0.771950 0.303216
vt 0.435920 0.121383
vt 0.423785 0.120566
vt 0.424515 0.108551
vt 0.437102 0.108671
vt 0.481163 0.749372
vt 0.472145 0.755134
vt 0.465354 0.736852
vt 0.476370 0.731118
vt 0.497141 0.740460
vt 0.497062 0.741201
vt 0.495355 0.741921
vt 0.495108 0.741465
vt 0.495128 0.724475
vt 0.496494 0.734713
vt 0.493430 0.741165
vt 0.491706 0.700606
vt 0.463147 0.306167
vt 0.460909 0.306163
vt 0.460953 0.302540
vt 0.463220 0.302552
vt 0.457946 0.959046
vt 0.388304 0.121275
vt 0.389139 0.120625
vt 0.388095 0.129401
vt 0.753548 0.132053
vt 0.472856 0.717733
vt 0.460827 0.721731
vt 0.495417 0.711383
vt 0.493072 0.711789
vt 0.414640 0.083662
vt 0.350022 0.033899
vt 0.360768 0.033899
vt 0.350022 0.036564
vt 0.274490 0.747205
vt 0.274299 0.763704
vt 0.310450 0.783627
vt 0.311004 0.765923
vt 0.286736 0.731810
vt 0.286561 0.747954
vt 0.352951 0.731091
vt 0.364538 0.934241
vt 0.349330 0.938119
vt 0.333881 0.981623
vt 0.335398 0.981036
vt 0.338033 0.991893
vt 0.640685 0.316914
vt 0.364062 0.988790
vt 0.363186 0.985141
vt 0.274076 0.781035
vt 0.425578 0.763279
vt 0.430855 0.745418
vt 0.413506 0.745731
vt 0.273828 0.799105
vt 0.365013 0.765146
vt 0.366436 0.747610
vt 0.015633 0.062423
vt 0.015691 0.059889
vt 0.013733 0.059889
vt 0.013691 0.062423
vt 0.771815 0.298724
vt 0.335119 0.997808
vt 0.666907 0.995150
vt 0.309999 0.802143
vt 0.967391 0.769418
vt 0.354759 0.161669
vt 0.139075 0.059395
vt 0.138803 0.059889
vt 0.217043 0.317425
vt 0.205056 0.317737
vt 0.349964 0.783753
vt 0.349539 0.802772
vt 0.744850 0.145295
vt 0.743606 0.137652
vt 0.760409 0.303194
vt 0.749804 0.303203
vt 0.391177 0.819839
vt 0.377547 0.821069
vt 0.377232 0.801360
vt 0.391093 0.800324
vt 0.377934 0.782596
vt 0.392177 0.781794
vt 0.363815 0.783248
vt 0.487224 0.187609
vt 0.478996 0.190868
vt 0.410028 0.763499
vt 0.406315 0.780853
vt 0.538285 0.302854
vt 0.538317 0.304258
vt 0.537249 0.304317
vt 0.537217 0.303000
vt 0.419689 0.780012
vt 0.375259 0.155289
vt 0.250667 0.816264
vt 0.262082 0.816658
vt 0.273578 0.817481
vt 0.309627 0.841597
vt 0.309707 0.821487
vt 0.322649 0.822802
vt 0.322845 0.843839
vt 0.285572 0.800072
vt 0.297591 0.801091
vt 0.379228 0.841524
vt 0.393106 0.839833
vt 0.363307 0.802184
vt 0.363682 0.822111
vt 0.349799 0.822869
vt 0.637667 0.086582
vt 0.638620 0.096052
vt 0.620706 0.096693
vt 0.619801 0.086710
vt 0.336064 0.823205
vt 0.323478 0.866321
vt 0.309812 0.862505
vt 0.406609 0.837930
vt 0.416883 0.797766
vt 0.404403 0.818448
vt 0.404527 0.799090
vt 0.487257 0.951365
vt 0.557226 0.274255
vt 0.556552 0.272467
vt 0.261943 0.834455
vt 0.250640 0.833943
vt 0.347414 0.302864
vt 0.334057 0.302497
vt 0.337866 0.867347
vt 0.374583 0.303850
vt 0.361079 0.303316
vt 0.374614 0.302501
vt 0.336646 0.844555
vt 0.307195 0.915435
vt 0.318857 0.929845
vt 0.690627 0.083511
vt 0.675857 0.083511
vt 0.675522 0.081144
vt 0.690456 0.081144
vt 0.329523 0.967007
vt 0.332137 0.982291
vt 0.664495 0.189833
vt 0.654979 0.186649
vt 0.396757 0.151596
vt 0.397015 0.156658
vt 0.602537 0.286661
vt 0.614932 0.286565
vt 0.614993 0.296426
vt 0.602603 0.296562
vt 0.032341 0.164273
vt 0.032647 0.164029
vt 0.022941 0.161037
vt 0.019645 0.757464
vt 0.464645 0.302587
vt 0.464488 0.306182
vt 0.323013 0.951066
vt 0.350618 0.988486
vt 0.351152 0.992312
vt 0.342113 0.990748
vt 0.637238 0.986222
vt 0.350232 0.993446
vt 0.785919 0.316284
vt 0.772638 0.316099
vt 0.313868 0.937432
vt 0.239552 0.317316
vt 0.228644 0.317317
vt 0.749185 0.108160
vt 0.750951 0.108260
vt 0.752126 0.121332
vt 0.742470 0.129592
vt 0.625210 0.194310
vt 0.617594 0.206957
vt 0.608847 0.206230
vt 0.615051 0.193217
vt 0.389130 0.135978
vt 0.389663 0.129408
vt 0.411009 0.130207
vt 0.394663 0.081769
vt 0.394875 0.084116
vt 0.393369 0.120753
vt 0.390812 0.120632
vt 0.400392 0.120962
vt 0.393222 0.084730
vt 0.394993 0.084713
vt 0.404172 0.074815
vt 0.017645 0.036561
vt 0.025759 0.036563
vt 0.025759 0.041008
vt 0.421985 0.149637
vt 0.423374 0.140472
vt 0.397135 0.074990
vt 0.387105 0.135467
vt 0.387671 0.135765
vt 0.387334 0.142415
vt 0.755405 0.145431
vt 0.396413 0.159246
vt 0.389620 0.156970
vt 0.388685 0.142752
vt 0.386525 0.148631
vt 0.407707 0.154831
vt 0.406708 0.160348
vt 0.386044 0.153201
vt 0.385358 0.155731
vt 0.386999 0.156184
vt 0.386536 0.157384
vt 0.496314 0.745390
vt 0.494501 0.746196
vt 0.493756 0.743257
vt 0.395247 0.162088
vt 0.395863 0.160530
vt 0.440335 0.180697
vt 0.432564 0.175443
vt 0.433721 0.174502
vt 0.437741 0.170304
vt 0.441108 0.164168
vt 0.452414 0.169971
vt 0.749398 0.070875
vt 0.391962 0.070344
vt 0.392717 0.068853
vt 0.392741 0.071546
vt 0.482496 0.074365
vt 0.482513 0.071913
vt 0.501043 0.071913
vt 0.501002 0.074365
vt 0.466075 0.179569
vt 0.463609 0.198233
vt 0.451559 0.188899
vt 0.481438 0.203488
vt 0.491510 0.213165
vt 0.475846 0.206403
vt 0.473975 0.207572
vt 0.703487 0.161439
vt 0.485862 0.215867
vt 0.483941 0.216956
vt 0.718161 0.162957
vt 0.714520 0.157446
vt 0.711534 0.171788
vt 0.703456 0.177424
vt 0.719941 0.168304
vt 0.672186 0.192042
vt 0.661470 0.202212
vt 0.500496 0.137867
vt 0.518544 0.138372
vt 0.521048 0.151698
vt 0.503776 0.151447
vt 0.464565 0.152911
vt 0.457683 0.162860
vt 0.435149 0.132918
vt 0.423619 0.130949
vt 0.691993 0.186531
vt 0.679951 0.196314
vt 0.644802 0.183580
vt 0.668738 0.173706
vt 0.643302 0.226243
vt 0.625128 0.238975
vt 0.638532 0.225056
vt 0.683697 0.161621
vt 0.669503 0.205840
vt 0.659248 0.215686
vt 0.657048 0.214756
vt 0.473048 0.174477
vt 0.481710 0.169852
vt 0.495942 0.184752
vt 0.886246 0.315677
vt 0.873406 0.315272
vt 0.494979 0.167313
vt 0.510097 0.166300
vt 0.395274 0.108929
vt 0.403996 0.096319
vt 0.402178 0.109220
vt 0.481439 0.137589
vt 0.485198 0.151734
vt 0.506405 0.197050
vt 0.747681 0.095224
vt 0.744809 0.095288
vt 0.726803 0.095294
vt 0.737178 0.095345
vt 0.604207 0.192917
vt 0.608990 0.179299
vt 0.621544 0.179614
vt 0.751585 0.108293
vt 0.390490 0.108744
vt 0.752893 0.122110
vt 0.752679 0.121439
vt 0.592988 0.192994
vt 0.599504 0.205928
vt 0.589829 0.205838
vt 0.426159 0.084124
vt 0.438042 0.084112
vt 0.465267 0.074365
vt 0.464842 0.081144
vt 0.450459 0.081144
vt 0.450756 0.074365
vt 0.450326 0.083511
vt 0.518956 0.081144
vt 0.536252 0.081144
vt 0.464565 0.083511
vt 0.910895 0.316504
vt 0.922650 0.317095
vt 0.911067 0.319584
vt 0.465278 0.071913
vt 0.450695 0.071913
vt 0.638004 0.074365
vt 0.657093 0.074365
vt 0.657302 0.081144
vt 0.638002 0.081144
vt 0.657383 0.083511
vt 0.657387 0.084114
vt 0.675096 0.074365
vt 0.690175 0.074365
vt 0.619725 0.071913
vt 0.638016 0.071913
vt 0.487741 0.700222
vt 0.657085 0.071913
vt 0.703198 0.084115
vt 0.703122 0.086462
vt 0.690209 0.071913
vt 0.749215 0.083402
vt 0.675053 0.071913
vt 0.500878 0.081144
vt 0.501309 0.084114
vt 0.501063 0.083511
vt 0.482194 0.083511
vt 0.482222 0.081144
vt 0.633588 0.181103
vt 0.015320 0.072229
vt 0.015494 0.074511
vt 0.629185 0.165005
vt 0.614393 0.164945
vt 0.540570 0.230614
vt 0.543179 0.226919
vt 0.549355 0.228880
vt 0.549119 0.236626
vt 0.846825 0.283225
vt 0.847054 0.283697
vt 0.085470 0.029509
vt 0.085470 0.033899
vt 0.073667 0.033899
vt 0.073667 0.029509
vt 0.076893 0.308049
vt 0.065578 0.305117
vt 0.692577 0.144971
vt 0.555481 0.166058
vt 0.554005 0.152057
vt 0.570327 0.151976
vt 0.570428 0.165849
vt 0.518265 0.222218
vt 0.510558 0.223186
vt 0.525188 0.221448
vt 0.535985 0.233591
vt 0.697490 0.154203
vt 0.515282 0.208607
vt 0.709799 0.150022
vt 0.706039 0.141138
vt 0.065805 0.071364
vt 0.080706 0.071364
vt 0.481185 0.123974
vt 0.556619 0.229740
vt 0.556972 0.239383
vt 0.552418 0.111443
vt 0.604281 0.125314
vt 0.603993 0.138412
vt 0.587033 0.138805
vt 0.587053 0.125666
vt 0.569704 0.111505
vt 0.569818 0.125780
vt 0.552479 0.125733
vt 0.586892 0.111429
vt 0.569628 0.097352
vt 0.586565 0.097303
vt 0.621627 0.124716
vt 0.621438 0.110600
vt 0.639327 0.109813
vt 0.639455 0.123945
vt 0.602624 0.151407
vt 0.657777 0.123112
vt 0.563577 0.229901
vt 0.496363 0.226696
vt 0.494129 0.227364
vt 0.538465 0.218826
vt 0.531704 0.206876
vt 0.523235 0.207668
vt 0.531781 0.220152
vt 0.508615 0.240530
vt 0.502642 0.224889
vt 0.786135 0.956623
vt 0.487415 0.214860
vt 0.498224 0.226102
vt 0.035049 0.326931
vt 0.964901 0.324111
vt 0.593592 0.242389
vt 0.604312 0.233610
vt 0.585999 0.081144
vt 0.585970 0.074365
vt 0.594418 0.218382
vt 0.590905 0.228968
vt 0.811797 0.282781
vt 0.811964 0.282325
vt 0.657748 0.108980
vt 0.675096 0.108284
vt 0.563275 0.249020
vt 0.555464 0.246776
vt 0.563908 0.240477
vt 0.744203 0.068177
vt 0.744363 0.070845
vt 0.737183 0.070850
vt 0.570259 0.229850
vt 0.590899 0.236903
vt 0.542427 0.264354
vt 0.544706 0.261458
vt 0.548887 0.256788
vt 0.524163 0.255064
vt 0.645486 0.226818
vt 0.650756 0.212596
vt 0.580452 0.260911
vt 0.582731 0.265774
vt 0.615611 0.221118
vt 0.500416 0.096249
vt 0.499647 0.110194
vt 0.481636 0.109680
vt 0.482020 0.095878
vt 0.464796 0.109402
vt 0.464846 0.095895
vt 0.499533 0.124491
vt 0.756742 0.159783
vt 0.757210 0.159693
vt 0.540216 0.267505
vt 0.482848 0.938485
vt 0.539906 0.269846
vt 0.560067 0.260920
vt 0.570592 0.262300
vt 0.541438 0.265743
vt 0.556879 0.270616
vt 0.362899 0.159420
vt 0.362707 0.159417
vt 0.974967 0.761589
vt 0.601601 0.266743
vt 0.586237 0.271656
vt 0.519348 0.070848
vt 0.501013 0.070848
vt 0.747176 0.071905
vt 0.737149 0.071913
vt 0.737151 0.074354
vt 0.744217 0.086379
vt 0.746969 0.086349
vt 0.553267 0.074365
vt 0.553027 0.081144
vt 0.736669 0.086437
vt 0.450228 0.109100
vt 0.422873 0.305045
vt 0.450599 0.095991
vt 0.307188 0.036564
vt 0.318486 0.036564
vt 0.307188 0.041009
vt 0.437947 0.095938
vt 0.553382 0.071913
vt 0.552960 0.083511
vt 0.425617 0.096022
vt 0.414100 0.096128
vt 0.426141 0.086631
vt 0.569540 0.083511
vt 0.569541 0.081144
vt 0.657418 0.086475
vt 0.085470 0.041009
vt 0.085589 0.051747
vt 0.073726 0.051747
vt 0.569627 0.074365
vt 0.570315 0.256452
vt 0.561840 0.255358
vt 0.552594 0.252080
vt 0.578399 0.255605
vt 0.570446 0.179866
vt 0.586486 0.151787
vt 0.280508 0.041009
vt 0.294740 0.041009
vt 0.295081 0.051747
vt 0.280744 0.051747
vt 0.360681 0.051747
vt 0.603529 0.097094
vt 0.604089 0.111132
vt 0.535853 0.138780
vt 0.552988 0.138949
vt 0.537585 0.151990
vt 0.535088 0.125534
vt 0.570065 0.138955
vt 0.510773 0.749437
vt 0.739298 0.165354
vt 0.747099 0.163129
vt 0.727430 0.282894
vt 0.738972 0.282853
vt 0.823642 0.299470
vt 0.811588 0.299185
vt 0.811611 0.295564
vt 0.823678 0.295852
vt 0.715257 0.095165
vt 0.757020 0.158918
vt 0.385516 0.153417
vt 0.517517 0.125103
vt 0.690141 0.095208
vt 0.675463 0.095265
vt 0.657582 0.095479
vt 0.703242 0.083511
vt 0.602480 0.071913
vt 0.602748 0.084114
vt 0.602899 0.086788
vt 0.602714 0.083511
vt 0.390903 0.143261
vt 0.754568 0.156534
vt 0.753909 0.151864
vt 0.755055 0.151744
vt 0.737731 0.158564
vt 0.736278 0.153643
vt 0.746002 0.152305
vt 0.746814 0.157341
vt 0.746989 0.161534
vt 0.757275 0.159495
vt 0.384634 0.155856
vt 0.390920 0.108554
vt 0.392668 0.108696
vt 0.412785 0.108632
vt 0.411634 0.120456
vt 0.531112 0.525942
vt 0.527223 0.540775
vt 0.530189 0.527134
vt 0.689992 0.107682
vt 0.558632 0.962569
vt 0.427353 0.972293
vt 0.703293 0.107179
vt 0.703830 0.119535
vt 0.703008 0.095127
vt 0.552918 0.084114
vt 0.569537 0.084114
vt 0.525269 0.166135
vt 0.540368 0.166188
vt 0.447641 0.020254
vt 0.447641 0.029509
vt 0.586063 0.083511
vt 0.501308 0.086616
vt 0.519059 0.086722
vt 0.744384 0.059398
vt 0.743730 0.061246
vt 0.737408 0.059397
vt 0.569544 0.086837
vt 0.438076 0.086598
vt 0.478708 0.031075
vt 0.010849 0.018802
vt 0.540296 0.319797
vt 0.538042 0.319951
vt 0.586109 0.084114
vt 0.585910 0.071913
vt 0.755071 0.145333
vt 0.387003 0.142378
vt 0.755500 0.151998
vt 0.755471 0.151691
vt 0.464827 0.320829
vt 0.419679 0.157997
vt 0.431023 0.160689
vt 0.704434 0.130935
vt 0.687766 0.282975
vt 0.701337 0.316159
vt 0.015291 0.086741
vt 0.034143 0.443715
vt 0.440523 0.794437
vt 0.450416 0.189610
vt 0.449170 0.816002
vt 0.447536 0.814567
vt 0.400453 0.286926
vt 0.400353 0.289789
vt 0.035204 0.306804
vt 0.035488 0.310110
vt 0.798765 0.282534
vt 0.798740 0.285327
vt 0.785023 0.282430
vt 0.546340 0.242025
vt 0.392152 0.095651
vt 0.703344 0.963858
vt 0.073726 0.014407
vt 0.640687 0.314008
vt 0.393164 0.087006
vt 0.749161 0.084902
vt 0.392567 0.084631
vt 0.013362 0.071364
vt 0.012324 0.072229
vt 0.013373 0.072229
vt 0.397034 0.068797
vt 0.394413 0.068839
vt 0.823664 0.300785
vt 0.811617 0.300482
vt 0.417529 0.164129
vt 0.416545 0.166128
vt 0.405894 0.162577
vt 0.522623 0.946728
vt 0.425173 0.170320
vt 0.424238 0.171210
vt 0.427886 0.167155
vt 0.725344 0.155194
vt 0.727608 0.160290
vt 0.738433 0.161340
vt 0.350274 0.059889
vt 0.350446 0.059395
vt 0.025759 0.020253
vt 0.037032 0.020254
vt 0.096681 0.020254
vt 0.096681 0.029509
vt 0.049144 0.020254
vt 0.462360 0.033899
vt 0.447641 0.033899
vt 0.447641 0.036564
vt 0.061473 0.020254
vt 0.107549 0.015707
vt 0.739344 0.960155
vt 0.107550 0.014407
vt 0.431292 0.033899
vt 0.431292 0.029509
vt 0.399048 0.033899
vt 0.399048 0.029509
vt 0.414838 0.029509
vt 0.414838 0.033899
vt 0.107549 0.033899
vt 0.096681 0.033899
vt 0.107549 0.029509
vt 0.107549 0.020254
vt 0.384669 0.029509
vt 0.384669 0.033899
vt 0.118413 0.029509
vt 0.118413 0.020254
vt 0.372118 0.033899
vt 0.372118 0.029509
vt 0.360768 0.029509
vt 0.129611 0.029509
vt 0.129611 0.020254
vt 0.141398 0.020254
vt 0.141398 0.029509
vt 0.153592 0.029509
vt 0.153592 0.020254
vt 0.339631 0.033899
vt 0.165959 0.020254
vt 0.165959 0.029509
vt 0.318486 0.033899
vt 0.329227 0.033899
vt 0.329227 0.036564
vt 0.329227 0.029509
vt 0.178044 0.020254
vt 0.178044 0.029509
vt 0.318486 0.029509
vt 0.209519 0.029509
vt 0.218038 0.029509
vt 0.218038 0.033899
vt 0.209519 0.033899
vt 0.188987 0.015707
vt 0.188873 0.020254
vt 0.307188 0.033899
vt 0.307188 0.029509
vt 0.196194 0.029509
vt 0.188873 0.029509
vt 0.294740 0.029509
vt 0.294740 0.033899
vt 0.209519 0.020254
vt 0.218038 0.020254
vt 0.232277 0.015707
vt 0.217911 0.015707
vt 0.169147 0.983211
vt 0.232127 0.014407
vt 0.280508 0.029509
vt 0.232277 0.020254
vt 0.750347 0.312850
vt 0.761089 0.312922
vt 0.264865 0.029509
vt 0.248513 0.020254
vt 0.037032 0.036564
vt 0.049144 0.036564
vt 0.085470 0.036564
vt 0.388101 0.285667
vt 0.400605 0.286446
vt 0.096681 0.036564
vt 0.118413 0.033899
vt 0.384669 0.036564
vt 0.129611 0.033899
vt 0.339631 0.036564
vt 0.165959 0.033899
vt 0.178044 0.033899
vt 0.188873 0.033899
vt 0.188873 0.036564
vt 0.196194 0.033899
vt 0.196194 0.036564
vt 0.263148 0.544124
vt 0.218038 0.036564
vt 0.209519 0.036564
vt 0.061507 0.051747
vt 0.049082 0.051747
vt 0.049144 0.041009
vt 0.294740 0.036564
vt 0.232277 0.036564
vt 0.399048 0.020254
vt 0.414838 0.020254
vt 0.037032 0.041009
vt 0.025006 0.051747
vt 0.398811 0.051747
vt 0.737166 0.081097
vt 0.974906 0.761178
vt 0.188873 0.041009
vt 0.307371 0.051747
vt 0.328326 0.174976
vt 0.957237 0.803672
vt 0.196194 0.041009
vt 0.218038 0.041009
vt 0.264989 0.051747
vt 0.248491 0.051747
vt 0.002230 0.745896
vt 0.002513 0.157269
vt 0.378802 0.157280
vt 0.012969 0.159032
vt 0.989956 0.749106
vt 0.377306 0.157993
vt 0.990344 0.749246
vt 0.003988 0.157089
vt 0.006040 0.157517
vt 0.006176 0.156628
vt 0.004089 0.156211
vt 0.054040 0.781505
vt 0.055805 0.178686
vt 0.047735 0.774315
vt 0.067411 0.187551
vt 0.068322 0.186948
vt 0.056884 0.178874
vt 0.042533 0.167137
vt 0.079176 0.196816
vt 0.055123 0.792516
vt 0.079234 0.196632
vt 0.080256 0.196194
vt 0.066911 0.187908
vt 0.054947 0.780735
vt 0.049441 0.844464
vt 0.111202 0.225493
vt 0.100292 0.215410
vt 0.052311 0.828416
vt 0.090094 0.205862
vt 0.345862 0.164156
vt 0.962931 0.780542
vt 0.679651 0.974532
vt 0.679828 0.974450
vt 0.690927 0.967983
vt 0.049082 0.014407
vt 0.315239 0.183916
vt 0.316410 0.184287
vt 0.317158 0.184497
vt 0.956617 0.815962
vt 0.972440 0.640555
vt 0.282030 0.213821
vt 0.973398 0.920869
vt 0.972616 0.920869
vt 0.967482 0.902198
vt 0.968334 0.902004
vt 0.121779 0.237108
vt 0.044402 0.860232
vt 0.977696 0.935679
vt 0.978400 0.935529
vt 0.982235 0.945923
vt 0.258362 0.237932
vt 0.022178 0.062423
vt 0.022250 0.059889
vt 0.022936 0.917058
vt 0.178388 0.274857
vt 0.958457 0.846871
vt 0.293203 0.203640
vt 0.282345 0.213838
vt 0.961019 0.864390
vt 0.271563 0.225013
vt 0.963560 0.882058
vt 0.271144 0.224990
vt 0.013594 0.949401
vt 0.012547 0.954247
vt 0.217105 0.272018
vt 0.978775 0.935898
vt 0.997779 0.744746
vt 0.002416 0.744995
vt 0.983038 0.753480
vt 0.982796 0.753778
vt 0.371143 0.158633
vt 0.023046 0.161176
vt 0.010093 0.751180
vt 0.003078 0.154865
vt 0.670637 0.206217
vt 0.544302 0.816159
vt 0.575248 0.274476
vt 0.522164 0.935872
vt 0.518874 0.945596
vt 0.537312 0.882084
vt 0.621337 0.257255
vt 0.532601 0.901951
vt 0.537259 0.882504
vt 0.532233 0.901909
vt 0.602030 0.268886
vt 0.660410 0.215732
vt 0.543275 0.831462
vt 0.546255 0.816095
vt 0.533993 0.769146
vt 0.711844 0.171836
vt 0.575698 0.271627
vt 0.730308 0.167737
vt 0.518179 0.753581
vt 0.518431 0.753657
vt 0.747037 0.160097
vt 0.752588 0.156774
vt 0.753028 0.159311
vt 0.758070 0.161857
vt 0.383579 0.158312
vt 0.498296 0.746178
vt 0.497970 0.744476
vt 0.503539 0.743980
vt 0.498324 0.745795
vt 0.672902 0.983922
vt 0.670955 0.982797
vt 0.037032 0.015707
vt 0.025668 0.015706
vt 0.673594 0.984930
vt 0.037026 0.014407
vt 0.668783 0.993360
vt 0.668503 0.991712
vt 0.025006 0.014407
vt 0.666621 0.990890
vt 0.691487 0.969332
vt 0.061507 0.014407
vt 0.061473 0.015707
vt 0.727884 0.959290
vt 0.085589 0.014407
vt 0.715713 0.962276
vt 0.228961 0.902022
vt 0.178044 0.015707
vt 0.188316 0.277147
vt 0.017828 0.935942
vt 0.202697 0.033899
vt 0.202697 0.029509
vt 0.189727 0.014407
vt 0.821200 0.974697
vt 0.161937 0.996639
vt 0.836614 0.994412
vt 0.141398 0.015707
vt 0.785364 0.962244
vt 0.153550 0.014407
vt 0.460971 0.320765
vt 0.178130 0.014407
vt 0.809482 0.969361
vt 0.369663 0.155867
vt 0.129611 0.015707
vt 0.129493 0.014407
vt 0.118413 0.015707
vt 0.761725 0.960147
vt 0.141336 0.014407
vt 0.772909 0.960553
vt 0.773182 0.959270
vt 0.368100 0.069181
vt 0.368110 0.071364
vt 0.368941 0.071364
vt 0.369037 0.069181
vt 0.750534 0.959806
vt 0.761744 0.958673
vt 0.118358 0.014407
vt 0.294740 0.020254
vt 0.280508 0.020254
vt 0.307188 0.020254
vt 0.307371 0.014407
vt 0.207693 0.916157
vt 0.318486 0.020254
vt 0.229047 0.904781
vt 0.329227 0.015707
vt 0.329227 0.020254
vt 0.329291 0.014407
vt 0.229070 0.905957
vt 0.338944 0.097093
vt 0.264865 0.020254
vt 0.264865 0.015707
vt 0.360768 0.015707
vt 0.360768 0.020254
vt 0.350022 0.015707
vt 0.280744 0.014407
vt 0.186708 0.938014
vt 0.209013 0.015707
vt 0.216661 0.014407
vt 0.166095 0.995330
vt 0.165597 0.993255
vt 0.248513 0.015707
vt 0.264989 0.014407
vt 0.179832 0.953343
vt 0.372118 0.020254
vt 0.372118 0.015707
vt 0.384669 0.015707
vt 0.384669 0.020254
vt 0.398811 0.014407
vt 0.292950 0.915567
vt 0.293063 0.915141
vt 0.303777 0.925354
vt 0.030203 0.756242
vt 0.282245 0.910613
vt 0.384319 0.014407
vt 0.371927 0.014407
vt 0.271483 0.905721
vt 0.349954 0.014407
vt 0.250268 0.900971
vt 0.360681 0.014407
vt 0.260873 0.903350
vt 0.339632 0.015707
vt 0.383653 0.159214
vt 0.385903 0.158870
vt 0.496629 0.747138
vt 0.475975 0.921796
vt 0.482434 0.938057
vt 0.569289 0.274960
vt 0.488208 0.954258
vt 0.487075 0.954671
vt 0.487860 0.954132
vt 0.486470 0.949926
vt 0.204315 0.838328
vt 0.459236 0.864197
vt 0.482980 0.217375
vt 0.462948 0.198740
vt 0.451586 0.831475
vt 0.439492 0.794666
vt 0.439674 0.792183
vt 0.438665 0.180864
vt 0.439466 0.782310
vt 0.432670 0.176169
vt 0.437523 0.781410
vt 0.481924 0.752281
vt 0.489621 0.748378
vt 0.473594 0.759723
vt 0.403752 0.165138
vt 0.464580 0.765688
vt 0.415319 0.168642
vt 0.388487 0.159816
vt 0.497529 0.744785
vt 0.399048 0.015707
vt 0.414726 0.014407
vt 0.303446 0.926726
vt 0.462468 0.015707
vt 0.447641 0.015707
vt 0.327628 0.968763
vt 0.463468 0.014407
vt 0.518415 0.949556
vt 0.487613 0.955609
vt 0.517076 0.950059
vt 0.517546 0.949242
vt 0.423623 0.171704
vt 0.448611 0.776689
vt 0.476398 0.014423
vt 0.331400 0.983203
vt 0.431292 0.020254
vt 0.032442 0.493845
vt 0.339474 0.979703
vt 0.968644 0.901892
vt 0.260314 0.237069
vt 0.450513 0.070848
vt 0.438071 0.071912
vt 0.437863 0.070847
vt 0.983822 0.949608
vt 0.193665 0.277128
vt 0.002192 0.745894
vt 0.002199 0.157283
vt 0.585847 0.273186
vt 0.527268 0.921741
vt 0.736782 0.084049
vt 0.005749 0.142320
vt 0.502784 0.741644
vt 0.503081 0.741633
vt 0.756072 0.162277
vt 0.082978 0.195472
vt 0.478708 0.018798
vt 0.010849 0.015203
vt 0.017645 0.020250
vt 0.239904 0.282004
vt 0.239841 0.282477
vt 0.049144 0.015707
vt 0.165392 0.997803
vt 0.204900 0.014407
vt 0.221778 0.071364
vt 0.238999 0.071364
vt 0.619370 0.061243
vt 0.619591 0.068176
vt 0.449184 0.775262
vt 0.536481 0.320977
vt 0.615000 0.301292
vt 0.615007 0.300004
vt 0.627721 0.299867
vt 0.627715 0.301128
vt 0.012559 0.062423
vt 0.013533 0.069181
vt 0.221611 0.069181
vt 0.238868 0.069181
vt 0.238248 0.062423
vt 0.221099 0.062423
vt 0.655037 0.213940
vt 0.099494 0.289310
vt 0.444786 0.307140
vt 0.161550 0.995817
vt 0.859640 0.304997
vt 0.859489 0.301762
vt 0.179477 0.283907
vt 0.663518 0.993338
vt 0.739614 0.312934
vt 0.333653 0.319022
vt 0.346947 0.319331
vt 0.346932 0.319784
vt 0.037026 0.051747
vt 0.960783 0.310867
vt 0.397694 0.084665
vt 0.504403 0.739460
vt 0.373760 0.118827
vt 0.374255 0.127973
vt 0.975607 0.607876
vt 0.012373 0.954565
vt 0.983924 0.950031
vt 0.190988 0.277582
vt 0.189727 0.051747
vt 0.216661 0.051747
vt 0.536758 0.299551
vt 0.537978 0.299315
vt 0.435217 0.173227
vt 0.426204 0.169401
vt 0.477237 0.205317
vt 0.751900 0.151969
vt 0.488343 0.955021
vt 0.516862 0.949981
vt 0.755480 0.160037
vt 0.505294 0.734396
vt 0.424732 0.059421
vt 0.425200 0.061284
vt 0.496478 0.735101
vt 0.496146 0.740711
vt 0.488888 0.745383
vt 0.022058 0.069181
vt 0.015472 0.069181
vt 0.015306 0.071364
vt 0.021951 0.071364
vt 0.339588 0.062423
vt 0.350299 0.062423
vt 0.012285 0.074511
vt 0.013275 0.080644
vt 0.013497 0.074511
vt 0.498157 0.744924
vt 0.504134 0.739968
vt 0.505295 0.740894
vt 0.503710 0.744076
vt 0.996343 0.744323
vt 0.997216 0.743816
vt 0.014889 0.956177
vt 0.977508 0.952016
vt 0.976268 0.935928
vt 0.971094 0.920975
vt 0.957641 0.865315
vt 0.961053 0.883446
vt 0.965860 0.902552
vt 0.987334 0.736394
vt 0.995946 0.742028
vt 0.996862 0.741544
vt 0.003225 0.742782
vt 0.002863 0.742444
vt 0.012142 0.954995
vt 0.983533 0.949384
vt 0.191389 0.277510
vt 0.993898 0.740713
vt 0.004187 0.743396
vt 0.119796 0.059889
vt 0.099549 0.059889
vt 0.119662 0.062423
vt 0.125904 0.305809
vt 0.112889 0.306741
vt 0.112827 0.305348
vt 0.029133 0.543733
vt 0.002643 0.154531
vt 0.378232 0.155347
vt 0.749551 0.282359
vt 0.749558 0.282776
vt 0.739131 0.282433
vt 0.921946 0.307220
vt 0.933320 0.308019
vt 0.933846 0.317909
vt 0.011956 0.070682
vt 0.369902 0.061032
vt 0.369374 0.062423
vt 0.364259 0.989598
vt 0.623333 0.982038
vt 0.997808 0.744877
vt 0.378889 0.157438
vt 0.739212 0.303241
vt 0.747989 0.061245
vt 0.748937 0.068175
vt 0.037918 0.392743
vt 0.590001 0.317821
vt 0.478708 0.014407
vt 0.714355 0.285687
vt 0.700780 0.285826
vt 0.496428 0.741136
vt 0.572362 0.274959
vt 0.485414 0.956241
vt 0.517842 0.950295
vt 0.088465 0.308569
vt 0.088415 0.307243
vt 0.100343 0.306318
vt 0.100405 0.307674
vt 0.334125 0.283962
vt 0.347550 0.284344
vt 0.334200 0.284425
vt 0.162969 0.996214
vt 0.504029 0.742528
vt 0.368086 0.072229
vt 0.377140 0.150938
vt 0.002676 0.151944
vt 0.454681 0.323991
vt 0.944719 0.321863
vt 0.944593 0.318806
vt 0.954407 0.319719
vt 0.954495 0.322719
vt 0.827334 0.985040
vt 0.200284 0.014407
vt 0.003663 0.746604
vt 0.004842 0.157666
vt 0.202697 0.036564
vt 0.196202 0.051747
vt 0.984032 0.949975
vt 0.065142 0.292627
vt 0.065054 0.292257
vt 0.012869 0.955595
vt 0.981479 0.950822
vt 0.411589 0.304460
vt 0.411561 0.305760
vt 0.873571 0.318355
vt 0.860312 0.317991
vt 0.761185 0.315881
vt 0.099523 0.086859
vt 0.369659 0.084982
vt 0.008882 0.096744
vt 0.664983 0.299624
vt 0.676221 0.299528
vt 0.676204 0.300801
vt 0.665002 0.300883
vt 0.012838 0.086723
vt 0.638052 0.070848
vt 0.619676 0.070848
vt 0.009940 0.084982
vt 0.369562 0.083404
vt 0.749125 0.083998
vt 0.748556 0.083999
vt 0.737003 0.083450
vt 0.586211 0.086828
vt 0.034426 0.297596
vt 0.035590 0.297449
vt 0.482411 0.070848
vt 0.465141 0.070848
vt 0.464945 0.068176
vt 0.482290 0.068176
vt 0.539404 0.289409
vt 0.537082 0.289816
vt 0.754634 0.145338
vt 0.972079 0.575642
vt 0.973758 0.591740
vt 0.403888 0.068634
vt 0.404025 0.071313
vt 0.397085 0.071485
vt 0.569649 0.071913
vt 0.519448 0.068176
vt 0.500994 0.068176
vt 0.125376 0.290457
vt 0.015428 0.080644
vt 0.463309 0.320823
vt 0.011241 0.081968
vt 0.369234 0.073223
vt 0.010636 0.082768
vt 0.369569 0.081968
vt 0.372872 0.108263
vt 0.007109 0.109719
vt 0.371927 0.096563
vt 0.371226 0.096652
vt 0.031408 0.071364
vt 0.031429 0.069181
vt 0.041967 0.069181
vt 0.042041 0.071364
vt 0.359832 0.071364
vt 0.359762 0.069181
vt 0.350275 0.069181
vt 0.011892 0.072229
vt 0.369286 0.071324
vt 0.011756 0.072206
vt 0.216913 0.304214
vt 0.217025 0.314401
vt 0.204973 0.314710
vt 0.204765 0.304530
vt 0.053444 0.071364
vt 0.138273 0.071364
vt 0.099438 0.071364
vt 0.327502 0.071364
vt 0.119519 0.071364
vt 0.279071 0.071364
vt 0.258017 0.071364
vt 0.189045 0.071364
vt 0.744426 0.071907
vt 0.450241 0.068176
vt 0.205287 0.069181
vt 0.749555 0.071908
vt 0.392153 0.071584
vt 0.747056 0.070844
vt 0.205341 0.071364
vt 0.404125 0.072374
vt 0.640766 0.283217
vt 0.640709 0.283666
vt 0.394394 0.071531
vt 0.519685 0.061243
vt 0.520219 0.059395
vt 0.726835 0.070849
vt 0.690589 0.068176
vt 0.703685 0.068176
vt 0.690357 0.070848
vt 0.536948 0.068176
vt 0.536809 0.070848
vt 0.675143 0.070848
vt 0.657161 0.070848
vt 0.569641 0.070848
vt 0.553440 0.070848
vt 0.569638 0.068176
vt 0.012653 0.059889
vt 0.272638 0.282834
vt 0.284565 0.283093
vt 0.368359 0.062423
vt 0.012212 0.059889
vt 0.012157 0.062423
vt 0.012062 0.061032
vt 0.369772 0.059727
vt 0.369404 0.059889
vt 0.053363 0.069181
vt 0.359770 0.062423
vt 0.065845 0.069181
vt 0.339366 0.069181
vt 0.847421 0.317552
vt 0.847402 0.314483
vt 0.860203 0.314920
vt 0.739066 0.300082
vt 0.315203 0.059889
vt 0.119451 0.069181
vt 0.258020 0.069181
vt 0.257618 0.062423
vt 0.299085 0.059889
vt 0.278913 0.059889
vt 0.257420 0.059889
vt 0.189131 0.069181
vt 0.018898 0.624905
vt 0.983009 0.640039
vt 0.437567 0.068177
vt 0.437016 0.061246
vt 0.371681 0.108242
vt 0.370053 0.096655
vt 0.449697 0.061243
vt 0.448694 0.059395
vt 0.014612 0.059395
vt 0.021912 0.059395
vt 0.675572 0.061243
vt 0.675281 0.068176
vt 0.553525 0.068176
vt 0.569655 0.061243
vt 0.392036 0.072622
vt 0.749737 0.072908
vt 0.012418 0.059395
vt 0.013834 0.059395
vt 0.012120 0.059395
vt 0.360134 0.059395
vt 0.359736 0.059889
vt 0.052753 0.059889
vt 0.052529 0.059395
vt 0.898056 0.306237
vt 0.910186 0.306649
vt 0.898752 0.316104
vt 0.315807 0.059395
vt 0.099324 0.059395
vt 0.120138 0.059395
vt 0.299949 0.059395
vt 0.279159 0.059395
vt 0.704890 0.059395
vt 0.704211 0.061243
vt 0.256903 0.059395
vt 0.189645 0.059395
vt 0.749349 0.069642
vt 0.392585 0.060181
vt 0.393046 0.061836
vt 0.392894 0.059965
vt 0.392586 0.059966
vt 0.747921 0.059608
vt 0.747748 0.059398
vt 0.436377 0.059395
vt 0.691071 0.061243
vt 0.691962 0.059395
vt 0.676501 0.059395
vt 0.045032 0.309660
vt 0.045072 0.310988
vt 0.035119 0.311330
vt 0.035500 0.311332
vt 0.232277 0.041009
vt 0.232127 0.051747
vt 0.618868 0.059395
vt 0.637699 0.059395
vt 0.569669 0.059395
vt 0.747452 0.059398
vt 0.065844 0.313147
vt 0.066213 0.322919
vt 0.055058 0.313703
vt 0.374683 0.298741
vt 0.944160 0.304419
vt 0.933191 0.303466
vt 0.933321 0.299793
vt 0.944355 0.300782
vt 0.011861 0.074511
vt 0.665061 0.316473
vt 0.653558 0.316676
vt 0.031372 0.062423
vt 0.824581 0.316874
vt 0.954061 0.309996
vt 0.041667 0.062423
vt 0.011840 0.071324
vt 0.369331 0.070682
vt 0.052910 0.062423
vt 0.066313 0.325857
vt 0.423013 0.319490
vt 0.411367 0.319072
vt 0.411511 0.309018
vt 0.366344 0.062423
vt 0.366169 0.069181
vt 0.688480 0.313369
vt 0.688155 0.303771
vt 0.166713 0.301776
vt 0.166609 0.298119
vt 0.727704 0.303299
vt 0.727555 0.300120
vt 0.536858 0.304360
vt 0.465259 0.308621
vt 0.465144 0.310897
vt 0.465005 0.307607
vt 0.537072 0.307486
vt 0.556615 0.302846
vt 0.567059 0.318492
vt 0.578230 0.318098
vt 0.556585 0.301562
vt 0.536485 0.320338
vt 0.536714 0.320037
vt 0.033778 0.294994
vt 0.033630 0.294576
vt 0.653457 0.313783
vt 0.665039 0.313570
vt 0.728089 0.313117
vt 0.676234 0.303926
vt 0.688084 0.300641
vt 0.954505 0.323781
vt 0.909974 0.303426
vt 0.921735 0.303989
vt 0.921755 0.302689
vt 0.921851 0.299077
vt 0.898933 0.319189
vt 0.886408 0.318769
vt 0.835789 0.314078
vt 0.824421 0.313817
vt 0.823852 0.304002
vt 0.640778 0.299782
vt 0.835894 0.317157
vt 0.784960 0.300045
vt 0.771772 0.300003
vt 0.228668 0.300776
vt 0.399718 0.308456
vt 0.387500 0.304484
vt 0.399837 0.305145
vt 0.166863 0.316408
vt 0.153551 0.317218
vt 0.250295 0.314419
vt 0.250247 0.317403
vt 0.347045 0.316300
vt 0.333712 0.315977
vt 0.333977 0.305805
vt 0.347325 0.306156
vt 0.045199 0.314171
vt 0.101267 0.323862
vt 0.216875 0.300900
vt 0.204697 0.301227
vt 0.101092 0.320915
vt 0.140046 0.321153
vt 0.308724 0.296912
vt 0.308696 0.300594
vt 0.296549 0.300365
vt 0.166775 0.306343
vt 0.153341 0.307193
vt 0.153271 0.303941
vt 0.166744 0.303076
vt 0.192631 0.318205
vt 0.192600 0.315183
vt 0.179935 0.315712
vt 0.283530 0.317983
vt 0.271903 0.317861
vt 0.260947 0.317670
vt 0.261365 0.301140
vt 0.261280 0.304475
vt 0.493064 0.712921
vt 0.496132 0.723715
vt 0.444977 0.323813
vt 0.423095 0.322494
vt 0.434209 0.322998
vt 0.360521 0.319795
vt 0.373955 0.320321
vt 0.076925 0.309363
vt 0.411331 0.322063
vt 0.399356 0.318566
vt 0.714385 0.295460
vt 0.700871 0.295658
vt 0.360970 0.306625
vt 0.296327 0.304992
vt 0.308529 0.305203
vt 0.295721 0.315134
vt 0.307906 0.318726
vt 0.295504 0.318150
vt 0.284221 0.304822
vt 0.272412 0.304662
vt 0.272532 0.301337
vt 0.284389 0.301511
vt 0.556319 0.319813
vt 0.539447 0.360054
vt 0.962856 0.306638
vt 0.960835 0.306378
vt 0.961192 0.302875
vt 0.963277 0.303203
vt 0.036271 0.331616
vt 0.463360 0.324659
vt 0.465265 0.324516
vt 0.536792 0.317134
vt 0.465511 0.324066
vt 0.536202 0.320160
vt 0.556290 0.318988
vt 0.546654 0.319470
vt 0.546635 0.320187
vt 0.676385 0.313469
vt 0.944221 0.308930
vt 0.961245 0.323882
vt 0.933160 0.304781
vt 0.944116 0.305708
vt 0.799440 0.313396
vt 0.812312 0.313580
vt 0.811797 0.303706
vt 0.088601 0.311822
vt 0.077033 0.312600
vt 0.962773 0.308000
vt 0.960734 0.307715
vt 0.139503 0.304878
vt 0.077381 0.322507
vt 0.089020 0.321777
vt 0.204603 0.296203
vt 0.204412 0.285946
vt 0.260997 0.314630
vt 0.272025 0.314809
vt 0.321019 0.305490
vt 0.283696 0.314953
vt 0.739025 0.298811
vt 0.665018 0.304012
vt 0.387052 0.160528
vt 0.490470 0.750038
vt 0.602623 0.300160
vt 0.590505 0.300336
vt 0.590475 0.296728
vt 0.964923 0.322847
vt 0.034945 0.312208
vt 0.798857 0.303440
vt 0.100577 0.310949
vt 0.113070 0.310043
vt 0.360635 0.316781
vt 0.308676 0.301908
vt 0.296519 0.301691
vt 0.756143 0.156631
vt 0.385923 0.148804
vt 0.811754 0.285571
vt 0.823842 0.285911
vt 0.463189 0.310922
vt 0.464633 0.310927
vt 0.803590 0.829665
vt 0.204672 0.299912
vt 0.321119 0.302185
vt 0.465538 0.323083
vt 0.536629 0.305207
vt 0.035073 0.310157
vt 0.964025 0.308155
vt 0.963680 0.308097
vt 0.963760 0.306818
vt 0.953988 0.306818
vt 0.216862 0.299571
vt 0.464965 0.306200
vt 0.464523 0.307619
vt 0.653428 0.299708
vt 0.640750 0.296233
vt 0.653386 0.296170
vt 0.714406 0.298988
vt 0.700876 0.299198
vt 0.966316 0.291742
vt 0.033584 0.294607
vt 0.535576 0.287296
vt 0.535183 0.286787
vt 0.798667 0.300205
vt 0.369419 0.086657
vt 0.727494 0.298863
vt 0.688108 0.299383
vt 0.753235 0.160470
vt 0.859521 0.300467
vt 0.910071 0.298539
vt 0.910297 0.288671
vt 0.922107 0.289134
vt 0.872697 0.300853
vt 0.454612 0.306037
vt 0.872769 0.297269
vt 0.859614 0.296849
vt 0.859838 0.286883
vt 0.872992 0.287418
vt 0.540207 0.299108
vt 0.546679 0.298585
vt 0.465149 0.302613
vt 0.536429 0.301751
vt 0.465071 0.306202
vt 0.909989 0.302130
vt 0.465137 0.307675
vt 0.536838 0.303098
vt 0.520079 0.623966
vt 0.483639 0.641020
vt 0.153228 0.302641
vt 0.374866 0.135641
vt 0.373017 0.128016
vt 0.373558 0.135722
vt 0.463169 0.307614
vt 0.954063 0.305535
vt 0.411707 0.300795
vt 0.321130 0.300864
vt 0.166261 0.284734
vt 0.216816 0.295840
vt 0.995628 0.740000
vt 0.261371 0.299769
vt 0.261408 0.296021
vt 0.250587 0.299572
vt 0.749569 0.285498
vt 0.044905 0.306107
vt 0.760189 0.285377
vt 0.112670 0.301600
vt 0.664961 0.296115
vt 0.664935 0.286434
vt 0.653376 0.286392
vt 0.640717 0.286410
vt 0.835249 0.286239
vt 0.627652 0.286501
vt 0.627708 0.296315
vt 0.847002 0.286480
vt 0.590392 0.286783
vt 0.578678 0.296972
vt 0.578554 0.286897
vt 0.885720 0.287838
vt 0.898194 0.285440
vt 0.898135 0.288197
vt 0.910360 0.285917
vt 0.933681 0.289664
vt 0.535834 0.290072
vt 0.945091 0.287901
vt 0.944929 0.290708
vt 0.964323 0.303475
vt 0.955455 0.289394
vt 0.955211 0.292132
vt 0.434189 0.291878
vt 0.065239 0.295350
vt 0.033976 0.297635
vt 0.423227 0.291446
vt 0.422958 0.301445
vt 0.054492 0.295928
vt 0.044496 0.296491
vt 0.054409 0.293224
vt 0.112133 0.288636
vt 0.112250 0.291456
vt 0.308791 0.286752
vt 0.261537 0.285796
vt 0.216682 0.285542
vt 0.228586 0.285343
vt 0.567029 0.284296
vt 0.727751 0.282461
vt 0.945221 0.287402
vt 0.675962 0.283257
vt 0.798931 0.282075
vt 0.627540 0.283346
vt 0.627636 0.283758
vt 0.602518 0.283895
vt 0.614914 0.283810
vt 0.614859 0.283367
vt 0.602476 0.283457
vt 0.590313 0.283585
vt 0.590370 0.284005
vt 0.578522 0.284082
vt 0.578463 0.283635
vt 0.566939 0.283748
vt 0.898243 0.284975
vt 0.910446 0.285505
vt 0.555896 0.284492
vt 0.545355 0.285337
vt 0.534906 0.287068
vt 0.465813 0.290125
vt 0.465825 0.289643
vt 0.461239 0.292679
vt 0.955982 0.288947
vt 0.964898 0.290586
vt 0.966265 0.291102
vt 0.412173 0.287849
vt 0.412303 0.287427
vt 0.054354 0.292818
vt 0.497526 0.741578
vt 0.375018 0.285050
vt 0.361348 0.284621
vt 0.112010 0.288197
vt 0.296706 0.283716
vt 0.321222 0.284135
vt 0.308807 0.283912
vt 0.308741 0.283465
vt 0.321102 0.283677
vt 0.296730 0.283274
vt 0.784937 0.281966
vt 0.465845 0.290614
vt 0.535119 0.287440
vt 0.885514 0.297686
vt 0.897927 0.298090
vt 0.463573 0.292794
vt 0.954350 0.301950
vt 0.412069 0.290677
vt 0.037608 0.297189
vt 0.054786 0.305634
vt 0.100181 0.302616
vt 0.153117 0.298986
vt 0.466456 0.411729
vt 0.535514 0.394549
vt 0.465516 0.344102
vt 0.989740 0.699270
vt 0.964542 0.305633
vt 0.033682 0.295489
vt 0.514219 0.671077
vt 0.536195 0.320877
vt 0.536212 0.326703
vt 0.465604 0.343718
vt 0.518127 0.640041
vt 0.485732 0.656582
vt 0.532939 0.510162
vt 0.487828 0.672147
vt 0.516042 0.655553
vt 0.477915 0.592737
vt 0.525625 0.575927
vt 0.520605 0.574954
vt 0.524078 0.591913
vt 0.991529 0.711709
vt 0.987770 0.699283
vt 0.474581 0.560493
vt 0.528684 0.543612
vt 0.476115 0.576705
vt 0.527155 0.559770
vt 0.532897 0.476454
vt 0.477929 0.463499
vt 0.467953 0.461648
vt 0.534377 0.444629
vt 0.533817 0.460958
vt 0.535749 0.394534
vt 0.536174 0.377601
vt 0.496726 0.735300
vt 0.506571 0.723527
vt 0.506911 0.723701
vt 0.506778 0.723632
vt 0.510397 0.699873
vt 0.387451 0.129922
vt 0.754057 0.138265
vt 0.837245 0.994222
vt 0.158032 0.995567
vt 0.751908 0.108335
vt 0.391383 0.094763
vt 0.466995 0.370614
vt 0.745738 0.059398
vt 0.503618 0.741744
vt 0.498399 0.746152
vt 0.392431 0.084245
vt 0.749288 0.083894
vt 0.391792 0.073627
vt 0.749453 0.082483
vt 0.535117 0.287933
vt 0.465202 0.304735
vt 0.525446 0.539994
vt 0.527401 0.559771
vt 0.009406 0.108541
vt 0.535198 0.428028
vt 0.755157 0.158976
vt 0.465137 0.329392
vt 0.465959 0.342638
vt 0.465839 0.330961
vt 0.368256 0.086659
vt 0.474726 0.481584
vt 0.479178 0.444786
vt 0.465488 0.377752
vt 0.470685 0.386344
vt 0.474864 0.404155
vt 0.496390 0.741168
vt 0.495228 0.711191
vt 0.758187 0.161827
vt 0.389132 0.158255
vt 0.338061 0.996783
vt 0.663775 0.994207
vt 0.011896 0.073223
vt 0.369293 0.072206
vt 0.034729 0.426917
vt 0.368933 0.072229
vt 0.463886 0.331739
vt 0.470979 0.386312
vt 0.397109 0.072549
vt 0.371344 0.135830
vt 0.004962 0.148899
vt 0.372571 0.118795
vt 0.030073 0.511186
vt 0.035070 0.329857
vt 0.032017 0.478295
vt 0.968953 0.494241
vt 0.378462 0.156884
vt 0.378696 0.157477
vt 0.996536 0.745658
vt 0.997582 0.744006
vt 0.002857 0.741994
vt 0.997132 0.740962
vt 0.002951 0.741368
vt 0.369893 0.059395
vt 0.012132 0.059727
vt 0.964259 0.308991
vt 0.035058 0.311393
vt 0.002192 0.156930
vt 0.369645 0.059395
vt 0.006771 0.120278
vt 0.011534 0.096920
vt 0.018735 0.640893
vt 0.034960 0.329938
vt 0.013034 0.700799
vt 0.366222 0.071364
vt 0.963797 0.290590
vt 0.370864 0.128023
vt 0.981716 0.655697
vt 0.657679 0.059395
vt 0.004056 0.157481
vt 0.002457 0.746021
vt 0.012315 0.159433
vt 0.004275 0.746883
vt 0.536288 0.320077
vt 0.012243 0.955094
vt 0.983278 0.950280
vt 0.503866 0.741870
s 1
usemtl initialShadingGroup
f 110/1/1 6353/2/2 5875/3/3 69/4/4
f 111/5/5 109/6/6 112/7/7 102/8/8
f 6016/9/9 6015/10/10 4369/11/11 4392/12/12
f 109/6/6 113/13/13 105/14/14 112/7/7
f 115/15/15 114/16/16 116/17/17 99/18/18
f 6270/19/19 6229/20/20 6165/21/21 6207/22/22
f 6163/23/23 6162/24/24 5974/25/25 5973/26/26
f 6340/27/27 118/28/28 97/29/29 319/30/30
f 6228/31/31 6226/32/32 114/16/16 118/28/28
f 115/15/15 97/29/29 118/28/28 114/16/16
f 5424/33/33 5136/34/34 5134/35/35 5422/36/36
f 119/37/37 6337/38/38 6342/39/39 4376/40/40
f 6017/41/41 4482/42/42 276/43/43 5975/44/44
f 392/45/45 379/46/46 106/47/47 319/30/30
f 4700/48/48 6347/49/49 6343/50/50 4493/51/51
f 5976/52/52 5969/53/53 1/54/54 317/55/55
f 358/56/56 359/57/57 73/58/58 327/59/59
f 123/60/60 121/61/61 124/62/62 101/63/63
f 4102/64/64 4101/65/65 6341/66/66 3501/67/67
f 6014/68/68 6206/69/69 6168/70/70 5976/52/52
f 127/71/71 126/72/72 128/73/73 7/74/74
f 4103/75/75 3468/76/76 3473/77/77 4104/78/78
f 6538/79/79 3734/80/80 3617/81/81 3618/82/82
f 130/83/83 4137/84/84 4135/85/85 126/72/72
f 127/71/71 98/86/86 130/83/83 126/72/72
f 131/87/87 132/88/88 7/74/74 128/73/73
f 131/87/87 133/89/89 9/90/90 132/88/88
f 128/73/73 4136/91/91 4138/92/92 131/87/87
f 5729/93/93 5721/94/94 1482/95/95 3959/96/96
f 133/89/89 131/87/87 4138/92/92 4139/97/97
f 656/98/98 1876/99/99 1874/100/100 1853/101/101
f 141/102/102 139/103/103 142/104/104 96/105/105
f 335/106/106 136/107/107 11/108/108 204/109/109
f 137/110/110 11/108/108 136/107/107 135/111/111
f 4109/112/112 4108/113/113 3478/114/114 3518/115/115
f 4139/97/97 4140/116/116 135/111/111 133/89/89
f 140/117/117 139/103/103 141/102/102 14/118/118
f 139/103/103 4142/119/119 4144/120/120 142/104/104
f 3480/121/121 3481/122/122 4110/123/123 4111/124/124
f 6425/125/125 3587/126/126 3586/127/127 6424/128/128
f 145/129/129 144/130/130 140/117/117 14/118/118
f 2798/131/131 2606/132/132 956/133/133 2799/134/134
f 4145/135/135 4143/136/136 140/117/117 144/130/130
f 4114/137/137 4113/138/138 4145/135/135 4146/139/139
f 6423/140/140 3581/141/141 3595/142/142 6429/143/143
f 16/144/144 147/145/145 144/130/130 145/129/129
f 149/146/146 148/147/147 147/145/145 16/144/144
f 4114/137/137 4115/148/148 3485/149/149 3482/150/150
f 151/151/151 4148/152/152 4147/153/153 148/147/147
f 153/154/154 152/155/155 145/129/129 14/118/118
f 386/156/156 92/157/157 345/158/158 391/159/159
f 70/160/160 154/161/161 152/155/155 155/162/162
f 335/106/106 336/163/163 75/164/164 159/165/165
f 210/166/166 72/167/167 161/168/168 349/169/169
f 152/155/155 153/154/154 76/170/170 155/162/162
f 264/171/171 31/172/172 210/166/166 349/169/169
f 157/173/173 156/174/174 158/175/175 72/167/167
f 159/165/165 75/164/164 158/175/175 156/174/174
f 4485/176/176 4495/177/177 178/178/178 179/179/179
f 4366/180/180 179/179/179 178/178/178 4379/181/181
f 3849/182/182 3357/183/183 3356/184/184 3848/185/185
f 162/186/186 25/187/187 161/168/168 160/188/188
f 158/175/175 160/188/188 161/168/168 72/167/167
f 163/189/189 21/190/190 162/186/186 160/188/188
f 166/191/191 164/192/192 6100/193/193 6101/194/194
f 86/195/195 165/196/196 164/192/192 166/191/191
f 6282/197/197 6281/198/198 6218/199/199 6219/200/200
f 198/201/201 200/202/202 74/203/203 171/204/204
f 5876/205/205 6352/206/206 23/207/207 167/208/208
f 165/196/196 105/14/14 113/13/13 164/192/192
f 29/209/209 310/210/210 350/211/211 351/212/212
f 83/213/213 169/214/214 168/215/215 170/216/216
f 74/203/203 170/216/216 168/215/215 171/204/204
f 168/215/215 172/217/217 22/218/218 171/204/204
f 219/219/219 199/220/220 26/221/221 222/222/222
f 168/215/215 169/214/214 28/223/223 172/217/217
f 4378/224/224 4370/225/225 174/226/226 173/227/227
f 4410/228/228 379/46/46 89/229/229 4397/230/230
f 821/231/231 2224/232/232 2226/233/233 2227/234/234
f 4402/235/235 4397/230/230 89/229/229 175/236/236
f 4492/237/237 4494/238/238 4701/239/239 4699/240/240
f 2301/241/241 2300/242/242 2302/243/243 824/244/244
f 4403/245/245 180/246/246 34/247/247 4389/248/248
f 4368/249/249 181/250/250 311/251/251 4383/252/252
f 4389/248/248 4366/180/180 4379/181/181 4403/245/245
f 4368/249/249 4379/181/181 178/178/178 181/250/250
f 4404/253/253 4380/254/254 4366/180/180 4389/248/248
f 4483/255/255 181/250/250 178/178/178 4495/177/177
f 415/256/256 5624/257/257 5573/258/258 1149/259/259
f 2270/260/260 2268/261/261 4881/262/262 4882/263/263
f 4384/264/264 333/265/265 188/266/266 4365/267/267
f 4375/268/268 4380/254/254 4404/253/253 4398/269/269
f 4484/270/270 4497/271/271 187/272/272 188/266/266
f 4692/273/273 4703/274/274 186/275/275 30/276/276
f 4703/274/274 4698/277/277 87/278/278 186/275/275
f 188/266/266 187/272/272 4381/279/279 4365/267/267
f 174/226/226 4370/225/225 4381/279/279 187/272/272
f 3651/280/280 3652/281/281 3650/282/282 3664/283/283
f 174/226/226 187/272/272 4497/271/271 4486/284/284
f 191/285/285 155/162/162 76/170/170 192/286/286
f 3799/287/287 3802/288/288 3837/289/289 3834/290/290
f 2244/291/291 817/292/292 2241/293/293 2243/294/294
f 193/295/295 191/285/285 194/296/296 22/218/218
f 196/297/297 195/298/298 197/299/299 77/300/300
f 191/285/285 192/286/286 26/221/221 194/296/296
f 193/295/295 195/298/298 196/297/297 70/160/160
f 2073/301/301 1571/302/302 569/303/303 2066/304/304
f 199/220/220 198/201/201 194/296/296 26/221/221
f 220/305/305 65/306/306 332/307/307 331/308/308
f 2237/309/309 2583/310/310 2579/311/311 931/312/312
f 2228/313/313 811/314/314 2233/315/315 2230/316/316
f 203/317/317 201/318/318 204/109/109 11/108/108
f 199/220/220 66/319/319 200/202/202 198/201/201
f 202/320/320 201/318/318 203/317/317 42/321/321
f 259/322/322 205/323/323 81/324/324 260/325/325
f 4628/326/326 4630/327/327 4584/328/328 4582/329/329
f 6028/330/330 6027/331/331 4993/332/332 5065/333/333
f 202/320/320 81/324/324 205/323/323 201/318/318
f 207/334/334 76/170/170 153/154/154 206/335/335
f 4864/336/336 4771/337/337 4810/338/338 4863/339/339
f 206/335/335 208/340/340 94/341/341 207/334/334
f 206/335/335 141/102/102 96/105/105 208/340/340
f 210/166/166 209/342/342 211/343/343 72/167/167
f 212/344/344 107/345/345 377/346/346 375/347/347
f 4694/348/348 55/349/349 281/350/350 4706/351/351
f 4823/352/352 4819/353/353 4962/354/354 4933/355/355
f 54/356/356 218/357/357 214/358/358 215/359/359
f 2561/360/360 2564/361/361 929/362/362 2309/363/363
f 216/364/364 214/358/358 217/365/365 63/366/366
f 352/367/367 351/212/212 76/170/170 207/334/334
f 215/359/359 214/358/358 216/364/364 62/368/368
f 338/369/369 337/370/370 296/371/371 67/372/372
f 35/373/373 217/365/365 214/358/358 218/357/357
f 77/300/300 258/374/374 362/375/375 196/297/297
f 295/376/376 296/371/371 65/306/306 221/377/377
f 4875/378/378 4874/379/379 4782/380/380 4827/381/381
f 65/306/306 220/305/305 219/219/219 221/377/377
f 2385/382/382 844/383/383 2365/384/384 2384/385/385
f 219/219/219 222/222/222 19/386/386 221/377/377
f 226/387/387 80/388/388 225/389/389 223/390/390
f 337/370/370 332/307/307 65/306/306 296/371/371
f 224/391/391 223/390/390 225/389/389 79/392/392
f 358/56/56 360/393/393 27/394/394 224/391/391
f 38/395/395 226/387/387 223/390/390 227/396/396
f 260/325/325 81/324/324 369/397/397 370/398/398
f 223/390/390 224/391/391 27/394/394 227/396/396
f 229/399/399 228/400/400 4149/401/401 4150/402/402
f 4117/403/403 4109/112/112 3518/115/115 3519/404/404
f 137/110/110 228/400/400 203/317/317 11/108/108
f 4143/136/136 4142/119/119 139/103/103 140/117/117
f 232/405/405 231/406/406 233/407/407 48/408/408
f 3529/409/409 4121/410/410 4119/411/411 3516/412/412
f 4120/413/413 3515/414/414 3516/412/412 4119/411/411
f 237/415/415 236/416/416 238/417/417 78/418/418
f 243/419/419 240/420/420 169/214/214 83/213/213
f 236/416/416 233/407/407 40/421/421 238/417/417
f 236/416/416 237/415/415 50/422/422 239/423/423
f 53/424/424 302/425/425 299/426/426 300/427/427
f 241/428/428 28/223/223 169/214/214 240/420/420
f 293/429/429 303/430/430 243/419/419 83/213/213
f 39/431/431 241/428/428 240/420/420 242/432/432
f 245/433/433 51/434/434 287/435/435 306/436/436
f 84/437/437 242/432/432 240/420/420 243/419/419
f 267/438/438 283/439/439 284/440/440 45/441/441
f 246/442/442 51/434/434 245/433/433 244/443/443
f 244/443/443 247/444/444 49/445/445 246/442/442
f 244/443/443 245/433/433 57/446/446 248/447/447
f 250/448/448 249/449/449 251/450/450 45/441/441
f 6364/451/451 3661/452/452 3546/453/453 3549/454/454
f 3546/453/453 3559/455/455 4123/456/456 4122/457/457
f 3886/458/458 3884/459/459 3426/460/460 3428/461/461
f 3549/454/454 3546/453/453 4122/457/457 4118/462/462
f 151/151/151 253/463/463 4156/464/464 4148/152/152
f 1731/465/465 1728/466/466 1726/467/467 637/468/468
f 4124/469/469 4116/470/470 4148/152/152 4156/464/464
f 254/471/471 40/421/421 234/472/472 253/463/463
f 3984/473/473 3985/474/474 3924/475/475 3923/476/476
f 257/477/477 78/418/418 238/417/417 256/478/478
f 258/374/374 77/300/300 257/477/477 256/478/478
f 12/479/479 258/374/374 256/478/478 254/471/471
f 361/480/480 336/163/163 82/481/481 261/482/482
f 261/482/482 82/481/481 205/323/323 259/322/322
f 261/482/482 259/322/322 227/396/396 27/394/394
f 2299/483/483 801/484/484 2200/485/485 2318/486/486
f 267/438/438 266/487/487 268/488/488 46/489/489
f 20/490/490 263/491/491 262/492/492 264/171/171
f 4390/493/493 4406/494/494 217/365/365 35/373/373
f 60/495/495 265/496/496 262/492/492 189/497/497
f 6148/498/498 6147/499/499 6082/500/500 6083/501/501
f 33/502/502 189/497/497 262/492/492 263/491/491
f 6076/503/503 5948/504/504 5949/505/505 6077/506/506
f 45/441/441 251/450/450 266/487/487 267/438/438
f 4166/507/507 1353/508/508 1393/509/509 4171/510/510
f 4308/511/511 4126/512/512 3565/513/513 4302/514/514
f 4287/515/515 4282/516/516 3565/513/513 4126/512/512
f 4288/517/517 4157/518/518 4125/519/519 4287/515/515
f 4123/456/456 4125/519/519 4157/518/518 4155/520/520
f 292/521/521 289/522/522 52/523/523 294/524/524
f 271/525/525 46/489/489 268/488/488 270/526/526
f 4127/527/527 4159/528/528 4309/529/529 4308/511/511
f 4126/512/512 4158/530/530 4288/517/517 4287/515/515
f 3564/531/531 3515/414/414 4120/413/413 4127/527/527
f 4158/530/530 4126/512/512 4308/511/511 4309/529/529
f 4697/532/532 4705/533/533 275/534/534 85/535/535
f 4705/533/533 6149/536/536 6103/537/537 275/534/534
f 5896/538/538 6354/539/539 5911/540/540 5950/541/541
f 4396/542/542 4401/543/543 4377/544/544 4373/545/545
f 273/546/546 4377/544/544 6143/547/547 6102/548/548
f 31/172/172 265/496/496 277/549/549 213/550/550
f 278/551/551 89/229/229 379/46/46 392/45/45
f 4394/552/552 63/366/366 217/365/365 4406/494/494
f 4706/351/351 281/350/350 64/553/553 4695/554/554
f 4367/555/555 4382/556/556 4406/494/494 4390/493/493
f 284/440/440 49/445/445 369/397/397 368/557/557
f 286/558/558 287/435/435 51/434/434 285/559/559
f 229/399/399 249/449/449 250/448/448 42/321/321
f 4013/560/560 4012/561/561 3510/562/562 3512/563/563
f 283/439/439 285/559/559 51/434/434 246/442/442
f 163/189/189 361/480/480 360/393/393 21/190/190
f 4152/564/564 4159/528/528 4127/527/527 4120/413/413
f 286/558/558 239/423/423 50/422/422 287/435/435
f 288/565/565 289/522/522 74/203/203 200/202/202
f 52/523/523 289/522/522 288/565/565 290/566/566
f 293/429/429 83/213/213 170/216/216 292/521/521
f 53/424/424 290/566/566 288/565/565 291/567/567
f 66/319/319 291/567/567 288/565/565 200/202/202
f 4703/274/274 4692/273/273 4485/176/176 4496/568/568
f 170/216/216 74/203/203 289/522/522 292/521/521
f 124/62/62 381/569/569 383/570/570 101/63/63
f 1395/571/571 1393/509/509 1353/508/508 506/572/572
f 832/573/573 2345/574/574 2352/575/575 2332/576/576
f 291/567/567 66/319/319 220/305/305 331/308/308
f 6399/577/577 3756/578/578 3755/579/579 6404/580/580
f 5866/581/581 5803/582/582 5801/583/583 5864/584/584
f 4492/237/237 4503/585/585 378/586/586 176/587/587
f 295/376/376 297/588/588 67/372/372 296/371/371
f 345/158/158 92/157/157 316/589/589 343/590/590
f 298/591/591 36/592/592 297/588/588 295/376/376
f 357/593/593 52/523/523 290/566/566 356/594/594
f 4102/64/64 4134/595/595 4133/596/596 4101/65/65
f 300/427/427 299/426/426 301/597/597 61/598/598
f 54/356/356 215/359/359 299/426/426 302/425/425
f 3660/599/599 6376/600/600 6366/601/601 3661/452/452
f 2966/602/602 3180/603/603 4680/604/604 4670/605/605
f 303/430/430 305/606/606 57/446/446 304/607/607
f 304/607/607 306/436/436 307/608/608 84/437/437
f 307/608/608 366/609/609 242/432/432 84/437/437
f 4856/610/610 4857/611/611 4812/612/612 4813/613/613
f 2464/614/614 2463/615/615 2255/616/616 879/617/617
f 4480/618/618 3267/619/619 3129/620/620 4467/621/621
f 309/622/622 308/623/623 310/210/210 29/209/209
f 4407/624/624 297/588/588 36/592/592 4391/625/625
f 310/210/210 308/623/623 298/591/591 19/386/386
f 309/622/622 34/247/247 180/246/246 308/623/623
f 4395/626/626 67/372/372 297/588/588 4407/624/624
f 4500/627/627 4489/628/628 312/629/629 311/251/251
f 4500/627/627 4483/255/255 4690/630/630 4707/631/631
f 4707/631/631 4696/632/632 4489/628/628 4500/627/627
f 981/633/633 2678/634/634 2676/635/635 2669/636/636
f 4483/255/255 4500/627/627 311/251/251 181/250/250
f 4403/245/245 4391/625/625 36/592/592 180/246/246
f 316/589/589 314/637/637 6104/638/638 6105/639/639
f 315/640/640 314/637/637 316/589/589 92/157/157
f 5913/641/641 5914/642/642 6042/643/643 6041/644/644
f 3667/645/645 6137/646/646 6136/647/647 3612/648/648
f 5890/649/649 3467/650/650 4130/651/651 5894/652/652
f 4095/653/653 2486/654/654 2484/655/655 4094/656/656
f 3613/657/657 3612/648/648 4128/658/658 4129/659/659
f 6338/660/660 6230/661/661 6234/662/662 6340/27/27
f 4400/663/663 6338/660/660 106/47/47 4399/664/664
f 4402/235/235 4393/665/665 4370/225/225 4378/224/224
f 6340/27/27 6234/662/662 6228/31/31 118/28/28
f 167/208/208 5977/666/666 5972/667/667 37/668/668
f 6340/27/27 319/30/30 106/47/47 6338/660/660
f 29/209/209 323/669/669 321/670/670 309/622/622
f 322/671/671 321/670/670 323/669/669 103/672/672
f 321/670/670 185/673/673 34/247/247 309/622/622
f 325/674/674 324/675/675 326/676/676 61/598/598
f 73/58/58 326/676/676 324/675/675 327/59/59
f 324/675/675 162/186/186 21/190/190 327/59/59
f 2406/677/677 857/678/678 2422/679/679 2424/680/680
f 104/681/681 185/673/673 321/670/670 322/671/671
f 5727/682/682 5726/683/683 3497/684/684 3752/685/685
f 4367/555/555 282/686/686 279/687/687 4382/556/556
f 4408/688/688 4388/689/689 33/502/502 330/690/690
f 329/691/691 62/368/368 216/364/364 328/692/692
f 291/567/567 331/308/308 302/425/425 53/424/424
f 331/308/308 332/307/307 54/356/356 302/425/425
f 285/559/559 283/439/439 267/438/438 46/489/489
f 4395/626/626 4372/693/693 4385/694/694 4409/695/695
f 5212/696/696 5210/697/697 5282/698/698 5284/699/699
f 4702/700/700 4692/273/273 30/276/276 182/701/701
f 4708/702/702 4691/703/703 4484/270/270 4501/704/704
f 4704/705/705 4691/703/703 18/706/706 190/707/707
f 6062/708/708 6061/709/709 6124/710/710 6125/711/711
f 4705/533/533 4697/532/532 4490/712/712 4498/713/713
f 334/714/714 18/706/706 4691/703/703 4708/702/702
f 4501/704/704 333/265/265 280/715/715 4488/716/716
f 4408/688/688 4394/552/552 4371/717/717 4384/264/264
f 6105/639/639 6104/638/638 6041/644/644 6042/643/643
f 335/106/106 204/109/109 82/481/481 336/163/163
f 6178/718/718 6242/719/719 6237/720/720 6173/721/721
f 339/722/722 340/723/723 25/187/187 325/674/674
f 337/370/370 218/357/357 54/356/356 332/307/307
f 4397/230/230 4374/724/724 4386/725/725 4410/228/228
f 35/373/373 218/357/357 337/370/370 338/369/369
f 548/726/726 1523/727/727 1525/728/728 1502/729/729
f 62/368/368 329/691/691 339/722/722 301/597/597
f 339/722/722 329/691/691 20/490/490 340/723/723
f 5623/730/730 402/731/731 1129/732/732 5626/733/733
f 282/686/686 4487/734/734 4499/735/735 279/687/687
f 4385/694/694 341/736/736 282/686/686 4367/555/555
f 6164/737/737 6162/24/24 6226/32/32 6228/31/31
f 4502/738/738 4489/628/628 4696/632/632 4709/739/739
f 312/629/629 341/736/736 4385/694/694 4372/693/693
f 5914/642/642 6350/740/740 5877/741/741 5915/742/742
f 102/8/8 345/158/158 343/590/590 111/5/5
f 5875/743/3 5877/744/741 344/745/743 69/4/4
f 347/746/744 346/747/745 123/60/60 101/63/63
f 6235/748/746 6233/749/747 123/60/60 346/747/745
f 5978/750/748 5973/26/26 69/4/4 344/745/743
f 808/751/749 2314/752/750 2316/753/751 2296/754/752
f 5646/755/753 5706/756/754 5705/757/755 5645/758/756
f 340/723/723 349/169/169 161/168/168 25/187/187
f 76/170/170 351/212/212 350/211/211 192/286/286
f 351/212/212 352/367/367 323/669/669 29/209/209
f 6043/759/757 6042/643/643 5914/642/642 5915/742/742
f 157/173/173 354/760/758 127/71/71 7/74/74
f 127/71/71 354/760/758 355/761/759 98/86/86
f 357/593/593 363/762/760 294/524/524 52/523/523
f 2414/763/761 2416/764/762 2398/765/763 854/766/764
f 6248/767/765 6247/768/766 6183/769/767 6184/770/768
f 326/676/676 356/594/594 300/427/427 61/598/598
f 300/427/427 356/594/594 290/566/566 53/424/424
f 2312/771/769 825/772/770 2325/773/771 2330/774/772
f 336/163/163 361/480/480 163/189/189 75/164/164
f 108/775/773 212/344/344 375/347/347 376/776/774
f 2330/774/772 2331/777/775 826/778/776 2312/771/769
f 149/146/146 362/375/375 258/374/374 12/479/479
f 2414/763/761 2413/779/777 2415/780/778 861/781/779
f 70/160/160 196/297/297 362/375/375 154/161/161
f 4443/782/780 4435/783/781 4415/784/782 4422/785/783
f 363/762/760 364/786/784 56/787/785 294/524/524
f 6069/788/786 6132/789/787 6133/790/788 6070/791/789
f 1720/792/790 1721/793/791 628/794/792 1685/795/793
f 364/786/784 365/796/794 305/606/606 56/787/785
f 3526/797/795 3484/798/796 4116/470/470 4124/469/469
f 248/447/447 365/796/794 225/389/389 80/388/388
f 6522/799/797 5444/800/798 5156/801/799 5904/802/800
f 367/803/801 39/431/431 242/432/432 366/609/609
f 1859/804/802 657/805/803 1857/806/804 1858/807/805
f 366/609/609 237/415/415 78/418/418 367/803/801
f 6523/808/806 6455/809/807 6419/810/808 6444/811/809
f 1202/812/810 1444/813/811 1426/814/812 510/815/813
f 42/321/321 250/448/448 368/557/557 202/320/320
f 284/440/440 368/557/557 250/448/448 45/441/441
f 370/398/398 226/387/387 38/395/395 260/325/325
f 5795/816/814 5858/817/815 5845/818/816 5782/819/817
f 306/436/436 304/607/607 57/446/446 245/433/433
f 3039/820/818 715/821/819 3060/822/820 3059/823/821
f 367/803/801 371/824/822 241/428/428 39/431/431
f 371/824/822 257/477/477 77/300/300 197/299/299
f 372/825/823 353/826/824 94/341/341 373/827/825
f 6143/547/547 4377/544/544 4401/543/543 6144/828/826
f 1079/829/827 426/830/828 1084/831/829 1082/832/830
f 4386/725/725 378/586/586 119/37/37 4376/40/40
f 380/833/831 90/834/832 4700/48/48 4710/835/833
f 4710/835/833 4699/240/240 88/836/834 380/833/831
f 2347/837/835 2348/838/836 892/839/837 2351/840/838
f 381/569/569 124/62/62 4134/595/595 4163/841/839
f 381/569/569 130/83/83 98/86/86 383/570/570
f 4163/841/839 4137/84/84 130/83/83 381/569/569
f 3489/842/840 4132/843/841 4112/844/842 3491/845/843
f 4474/846/844 4450/847/845 4449/848/846 4473/849/847
f 142/104/104 384/850/848 386/156/156 96/105/105
f 386/156/156 384/850/848 315/640/640 92/157/157
f 384/850/848 4164/851/849 4161/852/850 315/640/640
f 374/853/851 387/854/852 322/671/671 103/672/672
f 4102/64/64 3501/67/67 3500/855/853 4131/856/854
f 179/179/179 183/857/855 4496/568/568 4485/176/176
f 4250/858/856 4253/859/857 4266/860/858 4268/861/859
f 3265/862/860 3102/863/861 3264/864/862 3261/865/863
f 4387/866/864 389/867/865 184/868/866 4375/268/268
f 4502/738/738 4487/734/734 282/686/686 341/736/736
f 4504/869/867 4491/870/868 184/868/866 389/867/865
f 4711/871/869 4697/532/532 85/535/535 390/872/870
f 4504/869/867 389/867/865 274/873/871 4490/712/712
f 4373/545/545 274/873/871 389/867/865 4387/866/864
f 208/340/340 96/105/105 386/156/156 391/159/159
f 391/159/159 373/827/825 94/341/341 208/340/340
f 373/827/825 391/159/159 345/158/158 102/8/8
f 2443/874/872 2444/875/873 865/876/874 2426/877/875
f 4336/878/876 4274/879/877 4270/880/878 4332/881/879
f 1230/882/880 457/883/881 1275/884/882 1277/885/883
f 383/570/570 393/886/884 347/746/744 101/63/63
f 844/383/383 2385/382/382 2387/887/885 2368/888/886
f 376/776/774 393/886/884 355/761/759 108/775/773
f 6302/889/887 4465/890/888 3108/891/889 5490/892/890
f 4005/893/891 3999/894/892 3938/895/893 3944/896/894
f 1069/897/895 1068/898/896 1070/899/897 423/900/898
f 1256/901/899 4848/902/900 4831/903/901 1075/904/902
f 1600/905/903 600/906/904 1599/907/905 1597/908/906
f 4832/909/907 1077/910/908 1073/911/909 4830/912/910
f 1115/913/911 442/914/912 1443/915/913 1455/916/914
f 1075/904/902 1073/911/909 1076/917/915 444/918/916
f 1818/919/917 1817/920/918 1819/921/919 646/922/920
f 4830/912/910 1073/911/909 1075/904/902 4831/903/901
f 4902/923/921 4800/924/922 4795/925/923 4938/926/924
f 4832/909/907 4830/912/910 4795/925/923 4800/924/922
f 426/830/828 1079/829/827 1078/927/925 1080/928/926
f 1081/929/927 400/930/928 1069/897/895 1078/927/925
f 1078/927/925 1069/897/895 423/900/898 1080/928/926
f 1079/829/827 411/931/929 1081/929/927 1078/927/925
f 1083/932/930 1082/832/830 1084/831/829 428/933/931
f 411/931/929 1079/829/827 1082/832/830 1085/934/932
f 1615/935/933 607/936/934 1613/937/935 1614/938/936
f 1087/939/937 1086/940/938 1088/941/939 430/942/940
f 1086/940/938 1083/932/930 428/933/931 1088/941/939
f 1089/943/941 410/944/942 1083/932/930 1086/940/938
f 1092/945/943 1090/946/944 1087/939/937 430/942/940
f 1087/939/937 409/947/945 1089/943/941 1086/940/938
f 1091/948/946 1090/946/944 1092/945/943 432/949/947
f 1098/950/948 1095/951/949 434/952/950 1100/953/951
f 1405/954/952 1406/955/953 497/956/954 1386/957/955
f 1618/958/956 1617/959/957 1619/960/958 611/961/959
f 1624/962/960 1623/963/961 1625/964/962 615/965/963
f 1094/966/964 1096/967/965 434/952/950 1095/951/949
f 1097/968/966 408/969/967 1091/948/946 1094/966/964
f 1096/967/965 1094/966/964 1091/948/946 432/949/947
f 1099/970/968 1098/950/948 1100/953/951 436/971/969
f 407/972/970 1095/951/949 1098/950/948 1101/973/971
f 6483/974/972 5519/975/973 5510/976/974 5480/977/975
f 1622/978/976 1620/979/977 1101/973/971 406/980/978
f 438/981/979 1103/982/980 1102/983/981 1104/984/982
f 1105/985/983 406/980/978 1099/970/968 1102/983/981
f 1629/986/984 1113/987/985 403/988/986 1631/989/987
f 1104/984/982 1102/983/981 1099/970/968 436/971/969
f 404/990/988 1109/991/989 1106/992/990 1107/993/991
f 1108/994/992 1106/992/990 1103/982/980 438/981/979
f 1103/982/980 405/995/993 1105/985/983 1102/983/981
f 1107/993/991 1106/992/990 1108/994/992 440/996/994
f 1177/997/995 1176/998/996 420/999/997 1134/1000/998
f 1127/1001/999 1130/1002/1000 421/1003/1001 1118/1004/1002
f 6511/1005/1003 6502/1006/1004 5931/1007/1005 5932/1008/1006
f 1106/992/990 1109/991/989 405/995/993 1103/982/980
f 429/1009/1007 1142/1010/1008 1139/1011/1009 1140/1012/1010
f 5565/1013/1011 5575/1014/1012 5770/1015/1013 5771/1016/1014
f 1110/1017/1015 1112/1018/1016 442/914/912 1111/1019/1017
f 5646/755/753 5645/758/756 5610/1020/1018 5520/1021/1019
f 1113/987/985 404/990/988 1107/993/991 1110/1017/1015
f 1110/1017/1015 1107/993/991 440/996/994 1112/1018/1016
f 2149/1022/1020 2148/1023/1021 6236/1024/1022 6237/720/720
f 4364/1025/1023 4307/1026/1024 4306/1027/1025 4363/1028/1026
f 1111/1019/1017 403/988/986 1113/987/985 1110/1017/1015
f 1114/1029/1027 1115/913/911 444/918/916 1076/917/915
f 5641/1030/1028 5608/1031/1029 5613/1032/1030 5639/1033/1031
f 1111/1019/1017 442/914/912 1115/913/911 1114/1029/1027
f 4300/1034/1032 4359/1035/1033 3740/1036/1034 4303/1037/1035
f 1956/1038/1036 1957/1039/1037 691/1040/1038 1955/1041/1039
f 1114/1029/1027 1116/1042/1040 403/988/986 1111/1019/1017
f 5698/1043/1041 5638/1044/1042 5636/1045/1043 5696/1046/1044
f 1119/1047/1045 401/1048/1046 6476/1049/1047 6483/1050/972
f 4790/1051/1048 5502/1052/1049 5503/1053/1050 4834/1054/1051
f 5510/976/974 5519/1055/973 5636/1045/1043 5638/1044/1042
f 1120/1056/1052 1117/1057/1053 1121/1058/1054 422/1059/1055
f 5534/1060/1056 6299/1061/1057 6293/1062/1058 6294/1063/1059
f 1118/1004/1002 421/1003/1001 1121/1058/1054 1117/1057/1053
f 6484/1064/1060 1124/1065/1061 4834/1054/1051 5503/1066/1050
f 3359/1067/1062 3357/183/183 3849/182/182 3851/1068/1063
f 5701/1069/1064 5699/1070/1065 1122/1071/1066 1125/1072/1067
f 1126/1073/1068 441/1074/1069 1125/1072/1067 1122/1071/1066
f 3901/1075/1070 3443/1076/1071 3441/1077/1072 3899/1078/1073
f 4833/1079/1074 4835/1080/1075 1126/1073/1068 1122/1071/1066
f 1203/1081/1076 1204/1082/1077 463/1083/1078 1168/1084/1079
f 5614/1085/1080 5609/1086/1081 5643/1087/1082 5642/1088/1083
f 1118/1004/1002 5697/1089/1084 5702/1090/1085 1127/1001/999
f 1295/1091/1086 1276/1092/1087 450/1093/1088 1293/1094/1089
f 1205/1095/1090 1207/1096/1091 1208/1097/1092 462/1098/1093
f 1178/1099/1094 1177/997/995 1179/1100/1095 445/1101/1096
f 6533/1102/1097 6379/1103/1098 6378/1104/1099 6534/1105/1100
f 5644/1106/1101 5645/758/756 5705/757/755 5704/1107/1102
f 1128/1108/1103 420/999/997 1130/1002/1000 1127/1001/999
f 5644/1106/1101 5615/1109/1104 5610/1020/1018 5645/758/756
f 6485/1110/1105 1133/1111/1106 412/1112/1107 6478/1113/1108
f 5609/1086/1081 5615/1109/1104 5644/1106/1101 5643/1087/1082
f 1128/1108/1103 1131/1114/1109 1134/1000/998 420/999/997
f 1140/1012/1010 5709/1115/1110 5710/1116/1111 1143/1117/1112
f 1132/1118/1113 425/1119/1114 1134/1000/998 1131/1114/1109
f 5706/756/754 5707/1120/1115 1136/1121/1116 1135/1122/1117
f 412/1112/1107 1137/1123/1118 6486/1124/1119 6478/1125/1108
f 1155/1126/1120 1158/1127/1121 435/1128/1122 1152/1129/1123
f 469/1130/1124 1184/1131/1125 1321/1132/1126 1302/1133/1127
f 1136/1121/1116 5707/1120/1115 5708/1134/1128 1139/1011/1009
f 1135/1122/1117 1136/1121/1116 427/1135/1129 1138/1136/1130
f 1139/1011/1009 5708/1134/1128 5709/1115/1110 1140/1012/1010
f 3400/1137/1131 3398/1138/1132 3890/1139/1133 3892/1140/1134
f 1139/1011/1009 1142/1010/1008 427/1135/1129 1136/1121/1116
f 1373/1141/1135 1354/1142/1136 485/1143/1137 1333/1144/1138
f 5482/1145/1139 6488/1146/1140 1145/1147/1141 415/256/256
f 1150/1148/1142 433/1149/1143 1191/1150/1144 1189/1151/1145
f 5561/1152/1146 5761/1153/1147 5762/1154/1148 5627/1155/1149
f 1146/1156/1150 1143/1117/1112 1144/1157/1151 431/1158/1152
f 4149/401/401 228/400/400 137/110/110 4141/1159/1153
f 5654/1160/1154 5653/1161/1155 5514/1162/1156 5523/1163/1157
f 416/1164/1158 5483/1165/1159 6489/1166/1160 1149/259/259
f 2407/1167/1161 2389/1168/1162 851/1169/1163 2405/1170/1164
f 4079/1171/1165 4047/1172/1166 4046/1173/1167 4078/1174/1168
f 5712/1175/1169 1147/1176/1170 1144/1157/1151 5711/1177/1171
f 5716/1178/1172 5656/1179/1173 5657/1180/1174 5717/1181/1175
f 1144/1157/1151 1147/1176/1170 1150/1148/1142 431/1158/1152
f 1148/1182/1176 433/1149/1143 1150/1148/1142 1147/1176/1170
f 5714/1183/1177 5715/1184/1178 1152/1129/1123 1151/1185/1179
f 5822/1186/1180 5821/1187/1181 2642/1188/1182 2644/1189/1183
f 437/1190/1184 1158/1127/1121 1155/1126/1120 1156/1191/1185
f 416/1164/1158 1153/1192/1186 6490/1193/1187 5483/1194/1159
f 1194/1195/1188 496/1196/1189 1193/1197/1190 1192/1198/1191
f 1158/1127/1121 1195/1199/1192 1194/1195/1188 435/1128/1122
f 1151/1185/1179 1152/1129/1123 435/1128/1122 1154/1200/1193
f 5657/1180/1174 5656/1179/1173 5524/1201/1194 5612/1202/1195
f 1156/1191/1185 1155/1126/1120 5716/1178/1172 5717/1181/1175
f 5524/1201/1194 5656/1179/1173 5655/1203/1196 5515/1204/1197
f 5718/1205/1198 1159/1206/1199 1156/1191/1185 5717/1181/1175
f 6481/1207/1200 6491/1208/1201 1161/1209/1202 419/1210/1203
f 848/1211/1204 2397/1212/1205 2399/1213/1206 2380/1214/1207
f 1156/1191/1185 1159/1206/1199 1162/1215/1208 437/1190/1184
f 1162/1215/1208 1159/1206/1199 1160/1216/1209 439/1217/1210
f 5608/1031/1029 5617/1218/1211 5488/1219/1212 6475/1220/1213
f 5660/1221/1214 5617/1218/1211 5608/1031/1029 5641/1030/1028
f 5488/1222/1212 6481/1223/1200 419/1210/1203 1164/1224/1215
f 1160/1216/1209 1163/1225/1216 1165/1226/1217 439/1217/1210
f 1167/1227/1218 1166/1228/1219 1168/1084/1079 463/1083/1078
f 1167/1227/1218 422/1059/1055 1121/1058/1054 1166/1228/1219
f 1166/1228/1219 1169/1229/1220 452/1230/1221 1168/1084/1079
f 1169/1229/1220 1166/1228/1219 1121/1058/1054 421/1003/1001
f 1171/1231/1222 1170/1232/1223 1172/1233/1224 517/1234/1225
f 4837/1235/1226 4836/1236/1227 4775/1237/1228 4776/1238/1229
f 4835/1080/1075 4836/1236/1227 1170/1232/1223 1126/1073/1068
f 6223/1239/1230 6222/1240/1231 6030/1241/1232 6031/1242/1233
f 521/1243/1234 1241/1244/1235 1248/1245/1236 1249/1246/1237
f 1259/1247/1238 1206/1248/1239 452/1230/1221 1175/1249/1240
f 1175/1249/1240 452/1230/1221 1169/1229/1220 1174/1250/1241
f 1176/998/996 1174/1250/1241 1130/1002/1000 420/999/997
f 5231/1251/1242 5303/1252/1243 5301/1253/1244 5229/1254/1245
f 1177/997/995 1178/1099/1094 446/1255/1246 1176/998/996
f 1177/997/995 1134/1000/998 425/1119/1114 1179/1100/1095
f 5387/1256/1247 5243/1257/1248 5241/1258/1249 5385/1259/1250
f 1181/1260/1251 445/1101/1096 1179/1100/1095 1180/1261/1252
f 1182/1262/1253 1180/1261/1252 1138/1136/1130 427/1135/1129
f 6284/1263/1254 6221/1264/1255 6225/1265/1256 6288/1266/1257
f 6080/1267/1258 5952/1268/1259 5956/1269/1260 6084/1270/1261
f 1183/1271/1262 1185/1272/1263 475/1273/1264 1184/1131/1125
f 1192/1198/1191 1193/1197/1190 489/1274/1265 1191/1150/1144
f 1185/1272/1263 1186/1275/1266 1187/1276/1267 475/1273/1264
f 431/1158/1152 1150/1148/1142 1189/1151/1145 1188/1277/1268
f 1190/1278/1269 482/1279/1270 1188/1277/1268 1189/1151/1145
f 1189/1151/1145 1191/1150/1144 489/1274/1265 1190/1278/1269
f 1197/1280/1271 503/1281/1272 1196/1282/1273 1195/1199/1192
f 1559/1283/1274 1560/1284/1275 561/1285/1276 1543/1286/1277
f 5214/1287/1278 5212/696/696 5284/699/699 5286/1288/1279
f 1194/1195/1188 1192/1198/1191 1154/1200/1193 435/1128/1122
f 1194/1195/1188 1195/1199/1192 1196/1282/1273 496/1196/1189
f 1197/1280/1271 1198/1289/1280 1199/1290/1281 503/1281/1272
f 1200/1291/1282 510/815/813 1199/1290/1281 1198/1289/1280
f 1198/1289/1280 1162/1215/1208 439/1217/1210 1200/1291/1282
f 517/1234/1225 1202/812/810 1201/1292/1283 1171/1231/1222
f 3334/1293/1284 3252/1294/1285 3139/1295/1286 3336/1296/1287
f 1201/1292/1283 1202/812/810 510/815/813 1200/1291/1282
f 1208/1097/1092 461/1297/1288 1511/1298/1289 1513/1299/1290
f 5077/1300/1291 939/1301/1292 2273/1302/1293 5107/1303/1294
f 3271/1304/1295 3274/1305/1296 3097/1306/1297 3251/1307/1298
f 1204/1082/1077 1203/1081/1076 1205/1095/1090 462/1098/1093
f 1213/1308/1299 1211/1309/1300 1214/1310/1301 455/1311/1302
f 5397/1312/1303 5395/1313/1304 5467/1314/1305 5469/1315/1306
f 1287/1316/1307 465/1317/1308 1304/1318/1309 1306/1319/1310
f 5901/1320/1311 5961/1321/1312 5962/1322/1313 5902/1323/1314
f 1210/1324/1315 1207/1096/1091 1205/1095/1090 453/1325/1316
f 1207/1096/1091 1209/1326/1317 461/1297/1288 1208/1097/1092
f 1272/1327/1318 1274/1328/1319 1227/1329/1320 456/1330/1321
f 454/1331/1322 1209/1326/1317 1207/1096/1091 1210/1324/1315
f 1212/1332/1323 1211/1309/1300 1213/1308/1299 460/1333/1324
f 565/1334/1325 1270/1335/1326 1556/1336/1327 1552/1337/1328
f 468/1338/1329 1299/1339/1330 1298/1340/1331 1296/1341/1332
f 1510/1342/1333 1504/1343/1334 550/1344/1335 1512/1345/1336
f 1214/1310/1301 1211/1309/1300 1209/1326/1317 454/1331/1322
f 1434/1346/1337 1450/1347/1338 1375/1348/1339 492/1349/1340
f 1215/1350/1341 1217/1351/1342 551/1352/1343 1216/1353/1344
f 1218/1354/1345 572/1355/1346 1217/1351/1342 1215/1350/1341
f 1414/1356/1347 1374/1357/1348 513/1358/1349 1216/1353/1344
f 573/1359/1350 1218/1354/1345 1215/1350/1341 1219/1360/1351
f 455/1311/1302 1223/1361/1352 1220/1362/1353 1213/1308/1299
f 1224/1363/1354 1225/1364/1355 459/1365/1356 1222/1366/1357
f 1215/1350/1341 1216/1353/1344 513/1358/1349 1219/1360/1351
f 1220/1362/1353 1222/1366/1357 459/1365/1356 1221/1367/1358
f 1281/1368/1359 464/1369/1360 1280/1370/1361 1279/1371/1362
f 1274/1328/1319 1275/884/882 457/883/881 1227/1329/1320
f 1226/1372/1363 458/1373/1364 1225/1364/1355 1224/1363/1354
f 1227/1329/1320 457/883/881 1226/1372/1363 1224/1363/1354
f 1224/1363/1354 1222/1366/1357 456/1330/1321 1227/1329/1320
f 3277/1374/1365 3275/1375/1366 3278/1376/1367 3144/1377/1368
f 1252/1378/1369 4846/1379/1370 4847/1380/1371 1254/1381/1372
f 1229/1382/1373 1228/1383/1374 1070/899/897 424/1384/1375
f 1228/1383/1374 1230/882/880 423/900/898 1070/899/897
f 5086/1385/1376 5061/1386/1377 4989/1387/1378 5014/1388/1379
f 3352/1389/1380 3353/1390/1381 3117/1391/1382 3333/1392/1383
f 4942/1393/1384 4917/1394/1385 4801/1395/1386 4806/1396/1387
f 4840/1397/1388 4839/1398/1389 4785/1399/1390 4806/1396/1387
f 1231/1400/1391 1233/1401/1392 518/1402/1393 1232/1403/1394
f 4838/1404/1395 1231/1400/1391 1172/1233/1224 4837/1235/1226
f 4791/1405/1396 4785/1399/1390 4839/1398/1389 4838/1404/1395
f 3840/1406/1397 3838/1407/1398 3803/1408/1399 3805/1409/1400
f 4838/1404/1395 4837/1235/1226 4776/1238/1229 4791/1405/1396
f 1232/1403/1394 517/1234/1225 1172/1233/1224 1231/1400/1391
f 1323/1410/1401 1321/1132/1126 1184/1131/1125 475/1273/1264
f 1236/1411/1402 1235/1412/1403 1237/1413/1404 519/1414/1405
f 4806/1396/1387 4785/1399/1390 4914/1415/1406 4942/1393/1384
f 4806/1396/1387 4801/1395/1386 4841/1416/1407 4840/1397/1388
f 1233/1401/1392 1235/1412/1403 1236/1411/1402 518/1402/1393
f 1239/1417/1408 1241/1244/1235 521/1243/1234 1240/1418/1409
f 4844/1419/1410 1248/1245/1236 1241/1244/1235 4843/1420/1411
f 4842/1421/1412 4843/1420/1411 1241/1244/1235 1239/1417/1408
f 1246/1422/1413 1243/1423/1414 1247/1424/1415 564/1425/1416
f 5113/1426/1417 5041/1427/1418 4978/1428/1419 5050/1429/1420
f 1237/1413/1404 1239/1417/1408 1240/1418/1409 519/1414/1405
f 1244/1430/1421 1243/1423/1414 1245/1431/1422 572/1355/1346
f 6371/1432/1423 6387/1433/1424 3662/1434/1425 6365/1435/1426
f 1260/1436/1427 1259/1247/1238 1261/1437/1428 447/1438/1429
f 1454/1439/1430 1453/1440/1431 1253/1441/1432 523/1442/1433
f 1243/1423/1414 1246/1422/1413 571/1443/1434 1245/1431/1422
f 1569/1444/1435 568/1445/1436 1561/1446/1437 1568/1447/1438
f 1250/1448/1439 522/1449/1440 1249/1246/1237 1248/1245/1236
f 4844/1419/1410 4845/1450/1441 1250/1448/1439 1248/1245/1236
f 2335/1451/1442 833/1452/1443 2353/1453/1444 2355/1454/1445
f 4759/1455/1446 4844/1419/1410 4843/1420/1411 4796/1456/1447
f 1252/1378/1369 1254/1381/1372 523/1442/1433 1253/1441/1432
f 4772/1457/1448 4773/1458/1449 4847/1380/1371 4846/1379/1370
f 1264/1459/1450 448/1460/1451 1263/1461/1452 1262/1462/1453
f 1301/1463/1454 1303/1464/1455 1284/1465/1456 464/1369/1360
f 1257/1466/1457 1256/901/899 1075/904/902 444/918/916
f 1256/901/899 1254/1381/1372 4847/1380/1371 4848/902/900
f 1244/1430/1421 572/1355/1346 1218/1354/1345 1268/1467/1458
f 1259/1247/1238 1260/1436/1427 453/1325/1316 1206/1248/1239
f 1263/1461/1452 454/1331/1322 1210/1324/1315 1262/1462/1453
f 4176/1468/1459 4003/1469/1460 3314/1470/1461 3315/1471/1462
f 1262/1462/1453 1260/1436/1427 447/1438/1429 1264/1459/1450
f 3768/1472/1463 3638/1473/1464 3639/1474/1465 3770/1475/1466
f 1265/1476/1467 1266/1477/1468 455/1311/1302 1214/1310/1301
f 566/1478/1469 1270/1335/1326 1268/1467/1458 1269/1479/1470
f 5847/1480/1471 5784/1481/1472 5785/1482/1473 5848/1483/1474
f 5365/1484/1475 5221/1485/1476 5219/1486/1477 5363/1487/1478
f 1269/1479/1470 1268/1467/1458 1218/1354/1345 573/1359/1350
f 566/1478/1469 1269/1479/1470 1288/1488/1479 1291/1489/1480
f 1268/1467/1458 1270/1335/1326 565/1334/1325 1244/1430/1421
f 1223/1361/1352 1271/1490/1481 1272/1327/1318 456/1330/1321
f 1272/1327/1318 450/1093/1088 1276/1092/1087 1274/1328/1319
f 1271/1490/1481 1273/1491/1482 450/1093/1088 1272/1327/1318
f 1286/1492/1483 1292/1493/1484 1273/1491/1482 449/1494/1485
f 449/1494/1485 1273/1491/1482 1271/1490/1481 1266/1477/1468
f 1275/884/882 1274/1328/1319 1276/1092/1087 451/1495/1486
f 1278/1496/1487 1277/885/883 1275/884/882 451/1495/1486
f 1307/1497/1488 1306/1319/1310 1308/1498/1489 472/1499/1490
f 1230/882/880 1277/885/883 1080/928/926 423/900/898
f 447/1438/1429 1280/1370/1361 1282/1500/1491 1264/1459/1450
f 1303/1464/1455 1304/1318/1309 465/1317/1308 1284/1465/1456
f 1040/1501/1492 2920/1502/1493 2940/1503/1494 2939/1504/1495
f 1261/1437/1428 1279/1371/1362 1280/1370/1361 447/1438/1429
f 1281/1368/1359 1279/1371/1362 1178/1099/1094 445/1101/1096
f 1264/1459/1450 1282/1500/1491 1283/1505/1496 448/1460/1451
f 1284/1465/1456 465/1317/1308 1283/1505/1496 1282/1500/1491
f 1285/1506/1497 1286/1492/1483 449/1494/1485 1267/1507/1498
f 5236/1508/1499 5308/1509/1500 5310/1510/1501 5238/1511/1502
f 1287/1316/1307 466/1512/1503 1286/1492/1483 1285/1506/1497
f 1341/1513/1504 1339/1514/1505 481/1515/1506 1342/1516/1507
f 1335/1517/1508 1336/1518/1509 473/1519/1510 1315/1520/1511
f 574/1521/1512 1289/1522/1513 1288/1488/1479 1290/1523/1514
f 1290/1523/1514 1288/1488/1479 1269/1479/1470 573/1359/1350
f 1531/1524/1515 1312/1525/1516 537/1526/1517 1471/1527/1518
f 1288/1488/1479 1289/1522/1513 567/1528/1519 1291/1489/1480
f 1294/1529/1520 466/1512/1503 1307/1497/1488 1313/1530/1521
f 1273/1491/1482 1292/1493/1484 1293/1094/1089 450/1093/1088
f 1293/1094/1089 467/1531/1522 1297/1532/1523 1295/1091/1086
f 424/1384/1375 1071/1533/1524 1493/1534/1525 1494/1535/1526
f 467/1531/1522 1293/1094/1089 1292/1493/1484 1294/1529/1520
f 1204/1082/1077 462/1098/1093 1514/1536/1527 1516/1537/1528
f 1295/1091/1086 1297/1532/1523 468/1338/1329 1296/1341/1332
f 1300/1538/1529 1281/1368/1359 445/1101/1096 1181/1260/1251
f 5246/1539/1530 5244/1540/1531 5316/1541/1532 5318/1542/1533
f 1727/1543/1534 637/468/468 1726/467/467 1724/1544/1535
f 1084/831/829 1298/1340/1331 1299/1339/1330 428/933/931
f 5326/1545/1536 5328/1546/1537 5256/1547/1538 5254/1548/1539
f 5942/1549/1540 5941/1550/1541 6069/788/786 6070/791/789
f 1281/1368/1359 1300/1538/1529 1301/1463/1454 464/1369/1360
f 1344/1551/1542 1346/1552/1543 1326/1553/1544 476/1554/1545
f 1305/1555/1546 1303/1464/1455 1301/1463/1454 470/1556/1547
f 3887/1557/1548 3885/1558/1549 3393/1559/1550 3395/1560/1551
f 1308/1498/1489 1306/1319/1310 1304/1318/1309 471/1561/1552
f 1332/1562/1553 1330/1563/1554 1333/1144/1138 485/1143/1137
f 5410/1564/1555 5122/1565/1556 5120/1566/1557 5408/1567/1558
f 1310/1568/1559 1309/1569/1560 1311/1570/1561 535/1571/1562
f 1309/1569/1560 1289/1522/1513 574/1521/1512 1311/1570/1561
f 5475/1572/1563 5477/1573/1564 5405/1574/1565 5403/1575/1566
f 1310/1568/1559 537/1526/1517 1312/1525/1516 1309/1569/1560
f 1450/1347/1338 1219/1360/1351 513/1358/1349 1375/1348/1339
f 1313/1530/1521 1314/1576/1567 467/1531/1522 1294/1529/1520
f 1317/1577/1568 474/1578/1569 1320/1579/1570 1319/1580/1571
f 1314/1576/1567 1316/1581/1572 1297/1532/1523 467/1531/1522
f 1297/1532/1523 1316/1581/1572 1317/1577/1568 468/1338/1329
f 474/1578/1569 1317/1577/1568 1316/1581/1572 1318/1582/1573
f 1317/1577/1568 1319/1580/1571 1299/1339/1330 468/1338/1329
f 3746/1583/1574 3744/1584/1575 3533/1585/1576 3535/1586/1577
f 1299/1339/1330 1319/1580/1571 1088/941/939 428/933/931
f 1319/1580/1571 1320/1579/1570 430/942/940 1088/941/939
f 480/1587/1578 1340/1588/1579 1338/1589/1580 1336/1518/1509
f 1318/1582/1573 473/1519/1510 1336/1518/1509 1338/1589/1580
f 1321/1132/1126 1322/1590/1581 470/1556/1547 1302/1133/1127
f 1329/1591/1582 1327/1592/1583 1325/1593/1584 477/1594/1585
f 1305/1555/1546 1324/1595/1586 1325/1593/1584 471/1561/1552
f 1942/1596/1587 1961/1597/1588 1719/1598/1589 686/1599/1590
f 1324/1595/1586 1322/1590/1581 476/1554/1545 1326/1553/1544
f 466/1512/1503 1287/1316/1307 1306/1319/1310 1307/1497/1488
f 1328/1600/1591 472/1499/1490 1308/1498/1489 1327/1592/1583
f 3948/1601/1592 3947/1602/1593 4033/1603/1594 4032/1604/1595
f 1327/1592/1583 1329/1591/1582 479/1605/1596 1328/1600/1591
f 534/1606/1597 1334/1607/1598 1330/1563/1554 1331/1608/1599
f 1331/1608/1599 1330/1563/1554 1332/1562/1553 533/1609/1600
f 1373/1141/1135 1333/1144/1138 492/1349/1340 1375/1348/1339
f 1328/1600/1591 1335/1517/1508 1315/1520/1511 472/1499/1490
f 1337/1610/1601 480/1587/1578 1336/1518/1509 1335/1517/1508
f 1092/945/943 1341/1513/1504 1342/1516/1507 432/949/947
f 3512/563/563 3643/1611/1602 4036/1612/1603 4013/560/560
f 1240/1418/1409 521/1243/1234 1449/1613/1604 1448/1614/1605
f 1338/1589/1580 1339/1514/1505 474/1578/1569 1318/1582/1573
f 1340/1588/1579 481/1515/1506 1339/1514/1505 1338/1589/1580
f 1341/1513/1504 1092/945/943 430/942/940 1320/1579/1570
f 5459/1615/1606 5457/1616/1607 5169/1617/1608 5171/1618/1609
f 1368/1619/1610 484/1620/1611 1348/1621/1612 1367/1622/1613
f 5320/1623/1614 5248/1624/1615 5246/1539/1530 5318/1542/1533
f 1344/1551/1542 476/1554/1545 1323/1410/1401 1343/1625/1616
f 1343/1625/1616 1345/1626/1617 483/1627/1618 1344/1551/1542
f 482/1279/1270 1345/1626/1617 1343/1625/1616 1187/1276/1267
f 1347/1628/1619 1346/1552/1543 1348/1621/1612 484/1620/1611
f 5038/1629/1620 4966/1630/1621 4915/1631/1622 4987/1632/1623
f 1346/1552/1543 1347/1628/1619 477/1594/1585 1326/1553/1544
f 5172/1633/1624 5460/1634/1625 5462/1635/1626 5174/1636/1627
f 1389/1637/1628 497/956/954 1406/955/953 1408/1638/1629
f 2592/1639/1630 3837/289/289 3836/1640/1631 2591/1641/1632
f 1350/1642/1633 479/1605/1596 1329/1591/1582 1349/1643/1634
f 1357/1644/1635 1356/1645/1636 1358/1646/1637 487/1647/1638
f 5454/1648/1639 5452/1649/1640 5380/1650/1641 5382/1651/1642
f 1351/1652/1643 1349/1643/1634 1347/1628/1619 484/1620/1611
f 1354/1142/1136 506/572/572 1353/508/508 1352/1653/1644
f 1352/1653/1644 1355/1654/1645 485/1143/1137 1354/1142/1136
f 4173/1655/1646 1486/1656/1647 1355/1654/1645 4165/1657/1648
f 4170/1658/1649 4165/1657/1648 1355/1654/1645 1352/1653/1644
f 4212/1659/1650 4220/1660/1651 4170/1658/1649 4166/507/507
f 1357/1644/1635 480/1587/1578 1337/1610/1601 1356/1645/1636
f 4389/248/248 34/247/247 185/673/673 4404/253/253
f 1427/1661/1652 1428/1662/1653 505/1663/1654 1410/1664/1655
f 86/195/195 166/191/191 4401/543/543 4396/542/542
f 2548/1665/1656 2549/1666/1657 912/1667/1658 2526/1668/1659
f 1190/1278/1269 1364/1669/1660 1345/1626/1617 482/1279/1270
f 1361/1670/1661 1359/1671/1662 1357/1644/1635 487/1647/1638
f 1342/1516/1507 1362/1672/1663 1096/967/965 432/949/947
f 5518/1673/1664 5662/1674/1665 5661/1675/1666 5526/1676/1667
f 1363/1677/1668 434/952/950 1096/967/965 1362/1672/1663
f 3905/1678/1669 3903/1679/1670 3411/1680/1671 3413/1681/1672
f 1365/1682/1673 483/1627/1618 1345/1626/1617 1364/1669/1660
f 1365/1682/1673 490/1683/1674 1369/1684/1675 1367/1622/1613
f 1364/1669/1660 1366/1685/1676 490/1683/1674 1365/1682/1673
f 5254/1548/1539 5398/1686/1677 5396/1687/1678 5252/1688/1679
f 1367/1622/1613 1369/1684/1675 491/1689/1680 1368/1619/1610
f 1196/1282/1273 1405/954/952 1386/957/955 496/1196/1189
f 1371/1690/1681 1370/1691/1682 1372/1692/1683 493/1693/1684
f 6095/1694/1685 6160/1695/1686 6158/1696/1687 6093/1697/1688
f 1370/1691/1682 1371/1690/1681 486/1698/1689 1351/1652/1643
f 513/1358/1349 1374/1357/1348 1373/1141/1135 1375/1348/1339
f 4167/1699/1690 4174/1700/1691 4228/1701/1692 4214/1702/1693
f 1358/1646/1637 1376/1703/1694 1377/1704/1695 487/1647/1638
f 1380/1705/1696 1382/1706/1697 1363/1677/1668 488/1707/1698
f 1378/1708/1699 494/1709/1700 1377/1704/1695 1376/1703/1694
f 3890/1139/1133 3398/1138/1132 3396/1710/1701 3888/1711/1702
f 1378/1708/1699 1376/1703/1694 1371/1690/1681 493/1693/1684
f 1380/1705/1696 488/1707/1698 1361/1670/1661 1379/1712/1703
f 1385/1713/1704 1387/1714/1705 1369/1684/1675 490/1683/1674
f 968/1715/1706 2627/1716/1707 2940/1503/1494 2920/1502/1493
f 3898/1717/1708 3406/1718/1709 3404/1719/1710 3896/1720/1711
f 1381/1721/1712 1379/1712/1703 1377/1704/1695 494/1709/1700
f 5394/1722/1713 5250/1723/1714 5252/1688/1679 5396/1687/1678
f 4670/605/605 4680/604/604 3155/1724/1715 2972/1725/1716
f 1382/1706/1697 1383/1726/1717 436/971/969 1100/953/951
f 1382/1706/1697 1380/1705/1696 495/1727/1718 1383/1726/1717
f 1061/1728/1719 1060/1729/1720 3123/1730/1721 3351/1731/1722
f 1389/1637/1628 1387/1714/1705 1385/1713/1704 497/956/954
f 497/956/954 1385/1713/1704 1384/1732/1723 1386/957/955
f 1384/1732/1723 1193/1197/1190 496/1196/1189 1386/957/955
f 3245/1733/1724 3097/1306/1297 3274/1305/1296 348/1734/1725
f 1390/1735/1726 1388/1736/1727 498/1737/1728 1392/1738/1729
f 2469/1739/1730 2470/1740/1731 875/1741/1732 2455/1742/1733
f 1369/1684/1675 1387/1714/1705 1388/1736/1727 491/1689/1680
f 1408/1638/1629 1409/1743/1734 498/1737/1728 1389/1637/1628
f 1387/1714/1705 1389/1637/1628 498/1737/1728 1388/1736/1727
f 5626/733/733 1129/732/732 401/1048/1046 5622/1744/1735
f 1381/1721/1712 495/1727/1718 1380/1705/1696 1379/1712/1703
f 1391/1745/1736 493/1693/1684 1372/1692/1683 1390/1735/1726
f 1430/1746/1737 1413/1747/1738 505/1663/1654 1428/1662/1653
f 1390/1735/1726 1392/1738/1729 500/1748/1739 1391/1745/1736
f 4167/1699/1690 4171/510/510 1393/509/509 1394/1749/1740
f 4215/1750/1741 4190/1751/1742 4194/1752/1743 4223/1753/1744
f 4106/1754/1745 4138/92/92 4136/91/91 4104/78/78
f 5397/1312/1303 5399/1755/1746 5255/1756/1747 5253/1757/1748
f 5087/1758/1749 1242/1759/1750 583/1760/1751 5062/1761/1752
f 1394/1749/1740 1393/509/509 1395/571/571 527/1762/1753
f 6397/1763/1754 3706/1764/1755 3709/1765/1756 3708/1766/1757
f 1416/1767/1758 1399/1768/1759 500/1748/1739 1412/1769/1760
f 1396/1770/1761 499/1771/1762 4212/1659/1650 4222/1772/1763
f 6256/1773/1764 2177/1774/1765 2175/1775/1766 6255/1776/1767
f 1378/1708/1699 1397/1777/1768 1398/1778/1769 494/1709/1700
f 3905/1678/1669 3447/1779/1770 3445/1780/1771 3903/1679/1670
f 5692/1781/1772 5693/1782/1773 5745/1783/1774 5744/1784/1775
f 3743/1785/1776 3742/1786/1777 3744/1584/1575 3745/1787/1778
f 1381/1721/1712 1400/1788/1779 1401/1789/1780 495/1727/1718
f 1406/955/953 1405/954/952 1407/1790/1781 504/1791/1782
f 502/1792/1783 1401/1789/1780 1400/1788/1779 1402/1793/1784
f 501/1794/1785 1402/1793/1784 1400/1788/1779 1398/1778/1769
f 1439/1795/1786 1421/1796/1787 508/1797/1788 1437/1798/1789
f 3514/1799/1790 3589/1800/1791 4049/1801/1792 4050/1802/1793
f 3890/1139/1133 3888/1711/1702 3430/1803/1794 3432/1804/1795
f 406/980/978 1101/973/971 1098/950/948 1099/970/968
f 1104/984/982 1403/1805/1796 1404/1806/1797 438/981/979
f 1404/1806/1797 1403/1805/1796 1401/1789/1780 502/1792/1783
f 3526/797/795 4124/469/469 4121/410/410 3529/409/409
f 3893/1807/1798 3435/1808/1799 3433/1809/1800 3891/1810/1801
f 1405/954/952 1196/1282/1273 503/1281/1272 1407/1790/1781
f 2491/1811/1802 2490/1812/1803 2492/1813/1804 900/1814/1805
f 1216/1353/1344 551/1352/1343 1415/1815/1806 1414/1356/1347
f 1410/1664/1655 505/1663/1654 1409/1743/1734 1408/1638/1629
f 1410/1664/1655 1408/1638/1629 1406/955/953 504/1791/1782
f 1123/1816/1807 5083/1817/1808 5742/1818/1809 5700/1819/1810
f 5029/1820/1811 4995/1821/1812 4923/1822/1813 4957/1823/1814
f 1411/1824/1815 1412/1769/1760 500/1748/1739 1392/1738/1729
f 498/1737/1728 1409/1743/1734 1411/1824/1815 1392/1738/1729
f 1413/1747/1738 1411/1824/1815 1409/1743/1734 505/1663/1654
f 3446/1825/1816 3448/1826/1817 3906/1827/1818 3904/1828/1819
f 1415/1815/1806 527/1762/1753 1395/571/571 1414/1356/1347
f 3895/1829/1820 3893/1807/1798 3401/1830/1821 3403/1831/1822
f 1803/1832/1823 641/1833/1824 1801/1834/1825 1802/1835/1826
f 1403/1805/1796 1104/984/982 436/971/969 1383/1726/1717
f 3902/1836/1827 3900/1837/1828 3442/1838/1829 3444/1839/1830
f 1417/1840/1831 501/1794/1785 1399/1768/1759 1416/1767/1758
f 1418/1841/1832 508/1797/1788 1417/1840/1831 1416/1767/1758
f 1402/1793/1784 1419/1842/1833 1420/1843/1834 502/1792/1783
f 1421/1796/1787 1419/1842/1833 1417/1840/1831 508/1797/1788
f 4730/1844/1835 4728/1845/1836 4521/1846/1837 4523/1847/1838
f 1422/1848/1839 1108/994/992 438/981/979 1404/1806/1797
f 3663/1849/1840 3565/513/513 4282/516/516 6370/1850/1841
f 1422/1848/1839 1420/1843/1834 509/1851/1842 1423/1852/1843
f 6426/1853/1844 6430/1854/1845 3599/1855/1846 3588/1856/1847
f 1425/1857/1848 504/1791/1782 1407/1790/1781 1424/1858/1849
f 1426/814/812 511/1859/1850 1425/1857/1848 1424/1858/1849
f 1428/1662/1653 1427/1661/1652 1429/1860/1851 512/1861/1852
f 4669/1862/1853 255/1863/1854 3130/1864/1855 4676/1865/1856
f 1427/1661/1652 1425/1857/1848 511/1859/1850 1429/1860/1851
f 6446/1866/1857 6428/1867/1858 3591/1868/1859 3590/1869/1860
f 514/1870/1861 1431/1871/1862 1430/1746/1737 1432/1872/1863
f 1430/1746/1737 1428/1662/1653 512/1861/1852 1432/1872/1863
f 507/1873/1864 1431/1871/1862 1436/1874/1865 1418/1841/1832
f 1433/1875/1866 1434/1346/1337 492/1349/1340 1334/1607/1598
f 535/1571/1562 1311/1570/1561 1433/1875/1866 1435/1876/1867
f 143/1877/1868 146/1878/1869 3129/620/620 3268/1879/1870
f 1418/1841/1832 1436/1874/1865 1437/1798/1789 508/1797/1788
f 515/1880/1871 1438/1881/1872 1451/1882/1873 1452/1883/1874
f 1436/1874/1865 1438/1881/1872 515/1880/1871 1437/1798/1789
f 1443/915/913 1442/1884/1875 1440/1885/1876 516/1886/1877
f 1439/1795/1786 1441/1887/1878 516/1886/1877 1440/1885/1876
f 1232/1403/1394 518/1402/1393 1445/1888/1879 1444/813/811
f 440/996/994 1423/1852/1843 1442/1884/1875 1112/1018/1016
f 5625/1889/1880 5622/1744/1735 401/1048/1046 1119/1047/1045
f 1112/1018/1016 1442/1884/1875 1443/915/913 442/914/912
f 1240/1418/1409 1448/1614/1605 1447/1890/1881 519/1414/1405
f 2063/1891/1882 729/1892/1883 2045/1893/1884 2064/1894/1885
f 1426/814/812 1444/813/811 1445/1888/1879 511/1859/1850
f 2036/1895/1886 2035/1896/1887 2037/1897/1888 728/1898/1889
f 5407/1899/1890 5335/1900/1891 5334/1901/1892 5406/1902/1893
f 1232/1403/1394 1444/813/811 1202/812/810 517/1234/1225
f 3997/1903/1894 3999/894/892 3285/1904/1895 3282/1905/1896
f 1447/1890/1881 512/1861/1852 1429/1860/1851 1446/1906/1897
f 1446/1906/1897 1236/1411/1402 519/1414/1405 1447/1890/1881
f 4446/1907/1898 4470/1908/1899 4469/1909/1900 4445/1910/1901
f 3952/1911/1902 3951/1912/1903 4010/1913/1904 4011/1914/1905
f 2293/1915/1906 2295/1916/1907 2249/1917/1908 815/1918/1909
f 512/1861/1852 1447/1890/1881 1448/1614/1605 1432/1872/1863
f 1256/901/899 1257/1466/1457 523/1442/1433 1254/1381/1372
f 5361/1919/1910 5433/1920/1911 5435/1921/1912 5363/1487/1478
f 1450/1347/1338 1290/1523/1514 573/1359/1350 1219/1360/1351
f 1450/1347/1338 1434/1346/1337 574/1521/1512 1290/1523/1514
f 1449/1613/1604 521/1243/1234 1249/1246/1237 1451/1882/1873
f 514/1870/1861 1449/1613/1604 1451/1882/1873 1438/1881/1872
f 1451/1882/1873 1249/1246/1237 522/1449/1440 1452/1883/1874
f 4030/1922/1913 4009/1923/1914 3950/1924/1915 3949/1925/1916
f 5677/1926/1917 5675/1927/1918 5729/93/93 5730/1928/1919
f 1441/1887/1878 1453/1440/1431 1454/1439/1430 516/1886/1877
f 5012/1929/1920 5084/1930/1921 5053/1931/1922 4981/1932/1923
f 3487/1933/1924 6534/1105/1100 6418/1934/1925 6454/1935/1926
f 5726/683/683 5727/682/682 5673/1936/1927 5671/1937/1928
f 4187/1938/1929 4178/1939/1930 3639/1474/1465 4035/1940/1931
f 3254/1941/1932 3085/1942/1933 3195/1943/1934 269/1944/1935
f 1455/916/914 1257/1466/1457 444/918/916 1115/913/911
f 3219/1945/1936 3166/1946/1937 1481/1947/1938 3125/1948/1939
f 3630/1949/1940 4033/1603/1594 4034/1950/1941 3638/1473/1464
f 533/1609/1600 1457/1951/1942 1456/1952/1943 1458/1953/1944
f 3639/1474/1465 3638/1473/1464 4034/1950/1941 4035/1940/1931
f 5052/1954/1945 5084/1930/1921 5012/1929/1920 4980/1955/1946
f 1460/1956/1947 6472/1957/1948 4236/1958/1949 4224/1959/1950
f 4224/1959/1950 4172/1960/1951 4168/1961/1952 4216/1962/1953
f 1458/1953/1944 1461/1963/1954 1331/1608/1599 533/1609/1600
f 3834/290/290 3833/1964/1955 3798/1965/1956 3799/287/287
f 3947/1602/1593 3948/1601/1592 1462/1966/1957 1461/1963/1954
f 4034/1950/1941 4033/1603/1594 3947/1602/1593 3946/1967/1958
f 1465/1968/1959 535/1571/1562 1435/1876/1867 1464/1969/1960
f 6182/1970/1961 6183/769/767 6247/768/766 6246/1971/1962
f 1462/1966/1957 1464/1969/1960 1435/1876/1867 534/1606/1597
f 6205/1972/1963 6268/1973/1964 6269/1974/1965 6206/69/69
f 3950/1924/1915 1465/1968/1959 1464/1969/1960 3949/1925/1916
f 4010/1913/1904 4009/1923/1914 3505/1975/1966 3506/1976/1967
f 4032/1604/1595 3629/1977/1968 3624/1978/1969 4030/1922/1913
f 535/1571/1562 1465/1968/1959 1467/1979/1970 1310/1568/1559
f 3953/1980/1971 1470/1981/1972 1468/1982/1973 3952/1911/1902
f 3952/1911/1902 1468/1982/1973 1467/1979/1970 3951/1912/1903
f 4009/1923/1914 4010/1913/1904 3951/1912/1903 3950/1924/1915
f 4008/1983/1974 3958/1984/1975 3957/1985/1976 4031/1986/1977
f 1532/1987/1978 1531/1524/1515 1533/1988/1979 560/1989/1980
f 704/1990/1981 1851/1991/1982 1977/1992/1983 1975/1993/1984
f 1903/1994/1985 673/1995/1986 1924/1996/1987 1922/1997/1988
f 3956/1998/1989 1476/1999/1990 1474/2000/1991 3955/2001/1992
f 3050/2002/1993 3078/2003/1994 3025/2004/1995 880/2005/1996
f 1470/1981/1972 1472/2006/1997 539/2007/1998 1471/1527/1518
f 6407/2008/1999 5629/2009/2000 3771/2010/2001 6415/2011/2002
f 3953/1980/1971 3954/2012/2003 1472/2006/1997 1470/1981/1972
f 6309/2013/2004 5665/2014/2005 5634/2015/2006 6306/2016/2007
f 1474/2000/1991 1475/2017/2008 539/2007/1998 1472/2006/1997
f 1322/1590/1581 1321/1132/1126 1323/1410/1401 476/1554/1545
f 3895/1829/1820 3437/2018/2009 3435/1808/1799 3893/1807/1798
f 3955/2001/1992 3954/2012/2003 4013/560/560 4036/1612/1603
f 1476/1999/1990 1478/2019/2010 1479/2020/2011 540/2021/2012
f 1518/2022/2013 1519/2023/2014 546/2024/2015 1495/2025/2016
f 3957/1985/1976 3958/1984/1975 1480/2026/2017 1478/2019/2010
f 3627/2027/2018 4031/1986/1977 4006/2028/2019 3494/2029/2020
f 1480/2026/2017 1482/95/95 1483/2030/2021 542/2031/2022
f 5722/2032/2023 5721/94/94 5661/1675/1666 5662/1674/1665
f 1484/2033/2024 6492/2034/2025 5496/2035/2026 3960/2036/2027
f 3498/2037/2028 3497/684/684 4007/2038/2029 4008/1983/1974
f 1332/1562/1553 485/1143/1137 1355/1654/1645 1486/1656/1647
f 1486/1656/1647 1457/1951/1942 533/1609/1600 1332/1562/1553
f 531/2039/2030 4216/1962/1953 4226/2040/2031 1487/2041/2032
f 4210/2042/2033 4226/2040/2031 4173/1655/1646 4165/1657/1648
f 478/2043/2034 1487/2044/2032 4226/2040/2031 4210/2042/2033
f 549/2045/2035 1502/729/729 1525/728/728 1526/2046/2036
f 1489/2047/2037 542/2031/2022 1483/2030/2021 1488/2048/2038
f 1519/2023/2014 554/2049/2039 1524/2050/2040 1522/2051/2041
f 422/1059/1055 1489/2047/2037 1488/2048/2038 1120/1056/1052
f 6493/2052/2042 1490/2053/2043 394/2054/2044 5480/2055/975
f 1490/2053/2043 6493/2056/2042 6482/2057/2045 543/2058/2046
f 540/2021/2012 1479/2020/2011 1491/2059/2047 1492/2060/2048
f 5343/2061/2049 5199/2062/2050 5197/2063/2051 5341/2064/2052
f 1167/1227/1218 1491/2059/2047 1489/2047/2037 422/1059/1055
f 6218/199/199 6026/2065/2053 6027/331/331 6219/200/200
f 5776/2066/2054 5775/2067/2055 5838/2068/2056 5839/2069/2057
f 2002/2070/2058 1496/2071/2059 397/2072/2060 1598/2073/2061
f 2031/2074/2062 726/2075/2063 2030/2076/2064 2029/2077/2065
f 1493/1534/1525 1495/2025/2016 546/2024/2015 1494/1535/1526
f 1493/1534/1525 1496/2071/2059 547/2078/2066 1495/2025/2016
f 1499/2079/2067 1497/2080/2068 1494/1535/1526 546/2024/2015
f 1498/2081/2069 1497/2080/2068 1499/2079/2067 548/726/726
f 3997/1903/1894 3998/2082/2070 3937/2083/2071 3936/2084/2072
f 424/1384/1375 1494/1535/1526 1497/2080/2068 1229/1382/1373
f 1501/2085/2073 1500/2086/2074 1502/729/729 549/2045/2035
f 1500/2086/2074 1498/2081/2069 548/726/726 1502/729/729
f 1500/2086/2074 1225/1364/1355 458/1373/1364 1498/2081/2069
f 6412/2087/2075 6401/2088/2076 3763/2089/2077 3762/2090/2078
f 5239/2091/2079 5237/2092/2080 5381/2093/2081 5383/2094/2082
f 4271/2095/2083 4275/2096/2084 2410/2097/2085 2411/2098/2086
f 1503/2099/2087 1505/2100/2088 550/1344/1335 1504/1343/1334
f 5461/2101/2089 5463/2102/2090 5391/2103/2091 5389/2104/2092
f 1503/2099/2087 1504/1343/1334 460/1333/1324 1221/1367/1358
f 1507/2105/2093 1506/2106/2094 1508/2107/2095 575/2108/2096
f 1508/2107/2095 1506/2106/2094 1394/1749/1740 527/1762/1753
f 4167/1699/1690 1394/1749/1740 1506/2106/2094 4174/1700/1691
f 1539/2109/2097 1537/2110/2098 1535/2111/2099 559/2112/2100
f 4174/1700/1691 4169/2113/2101 4218/2114/2102 4228/1701/1692
f 1511/1298/1289 1510/1342/1333 1512/1345/1336 552/2115/2103
f 1915/2116/2104 1914/2117/2105 1916/2118/2106 677/2119/2107
f 552/2115/2103 1515/2120/2108 1513/1299/1290 1511/1298/1289
f 1514/1536/1527 1513/1299/1290 1515/2120/2108 553/2121/2109
f 1325/1593/1584 1327/1592/1583 1308/1498/1489 471/1561/1552
f 1547/2122/2110 561/1285/1276 1560/1284/1275 1563/2123/2111
f 1285/1506/1497 1267/1507/1498 448/1460/1451 1283/1505/1496
f 1517/2124/2112 553/2121/2109 1538/2125/2113 1540/2126/2114
f 1517/2124/2112 540/2021/2012 1492/2060/2048 1516/1537/1528
f 1549/2127/2115 564/1425/1416 1247/1424/1415 1551/2128/2116
f 1516/1537/1528 1492/2060/2048 463/1083/1078 1204/1082/1077
f 2050/2129/2117 2051/2130/2118 2052/2131/2119 731/2132/2120
f 1518/2022/2013 1520/2133/2121 554/2049/2039 1519/2023/2014
f 1518/2022/2013 1521/2134/2122 555/2135/2123 1520/2133/2121
f 558/2136/2124 1552/1337/1328 1556/1336/1327 1536/2137/2125
f 2469/1739/1730 2466/2138/2126 881/2139/2127 2267/2140/2128
f 1530/2141/2129 1528/2142/2130 1526/2046/2036 557/2143/2131
f 1523/727/727 1522/2051/2041 1524/2050/2040 556/2144/2132
f 1526/2046/2036 1525/728/728 1527/2145/2133 557/2143/2131
f 5831/2146/2134 2657/2147/2135 2659/2148/2136 5832/2149/2137
f 1525/728/728 1523/727/727 556/2144/2132 1527/2145/2133
f 1530/2141/2129 558/2136/2124 1529/2150/2138 1528/2142/2130
f 1529/2150/2138 550/1344/1335 1505/2100/2088 1528/2142/2130
f 5182/2151/2139 5180/2152/2140 5468/2153/2141 5470/2154/2142
f 1526/2046/2036 1528/2142/2130 1505/2100/2088 549/2045/2035
f 1740/2155/2143 636/2156/2144 2013/2157/2145 2011/2158/2146
f 893/2159/2147 1753/2160/2148 5142/2161/2149 5144/2162/2150
f 567/1528/1519 1312/1525/1516 1531/1524/1515 1532/1987/1978
f 539/2007/1998 1533/1988/1979 1531/1524/1515 1471/1527/1518
f 1698/2163/2151 1700/2164/2152 1657/2165/2153 604/2166/2154
f 1535/2111/2099 1534/2167/2155 1536/2137/2125 559/2112/2100
f 1536/2137/2125 1534/2167/2155 1529/2150/2138 558/2136/2124
f 1538/2125/2113 1537/2110/2098 1539/2109/2097 560/1989/1980
f 3649/2168/2156 3690/2169/2157 3689/2170/2158 3691/2171/2159
f 6010/2172/2160 6007/2173/2161 3467/650/650 3679/2174/2162
f 1535/2111/2099 1537/2110/2098 1515/2120/2108 552/2115/2103
f 3775/2175/2163 6403/2176/2164 6405/2177/2165 3701/2178/2166
f 1533/1988/1979 1540/2126/2114 1538/2125/2113 560/1989/1980
f 6530/2179/2167 3466/2180/2168 6451/2181/2169 6531/2182/2170
f 1651/2183/2171 602/2184/2172 1653/2185/2173 1652/2186/2174
f 1541/2187/2175 1543/1286/1277 561/1285/1276 1542/2188/2176
f 2048/2189/2177 2049/2190/2178 562/2191/2179 1544/2192/2180
f 2999/2193/2181 3021/2194/2182 3020/2195/2183 586/2196/2184
f 1541/2187/2175 1544/2192/2180 562/2191/2179 1543/1286/1277
f 1554/2197/2185 1553/2198/2186 1507/2105/2093 575/2108/2096
f 1541/2187/2175 1520/2133/2121 555/2135/2123 1544/2192/2180
f 1545/2199/2187 1547/2122/2110 563/2200/2188 1546/2201/2189
f 1572/2202/2190 1573/2203/2191 570/2204/2192 1565/2205/2193
f 1566/2206/2194 1550/2207/2195 563/2200/2188 1564/2208/2196
f 4479/2209/2197 4466/2210/2198 4442/2211/2199 4455/2212/2200
f 5531/2213/2201 5665/2014/2005 5664/2214/2202 5532/2215/2203
f 1549/2127/2115 1548/2216/2204 1550/2207/2195 564/1425/1416
f 1557/2217/2205 566/1478/1469 1291/1489/1480 1558/2218/2206
f 1550/2207/2195 1548/2216/2204 1546/2201/2189 563/2200/2188
f 1614/938/936 1613/937/935 409/947/945 1093/2219/2207
f 1536/2137/2125 1556/1336/1327 1557/2217/2205 559/2112/2100
f 1549/2127/2115 1551/2128/2116 1530/2141/2129 557/2143/2131
f 1553/2198/2186 1554/2197/2185 3813/2220/2208 3812/2221/2209
f 4230/2222/2210 1555/2223/2211 6447/2224/2212 4218/2114/2102
f 3778/2225/2213 4244/2226/2214 4232/2227/2215 6456/2228/2216
f 1565/2205/2193 1563/2123/2111 1560/1284/1275 568/1445/1436
f 1557/2217/2205 1556/1336/1327 1270/1335/1326 566/1478/1469
f 5632/2229/2217 5605/2230/2218 5223/2231/2219 5367/2232/2220
f 1532/1987/1978 1558/2218/2206 1291/1489/1480 567/1528/1519
f 5659/2233/2221 5516/2234/2222 5617/1218/1211 5660/1221/1214
f 211/343/343 209/342/342 212/344/344 108/775/773
f 1557/2217/2205 1558/2218/2206 1539/2109/2097 559/2112/2100
f 1559/1283/1274 1561/1446/1437 568/1445/1436 1560/1284/1275
f 1562/2235/2223 569/303/303 1561/1446/1437 1559/1283/1274
f 1798/2236/2224 640/2237/2225 1797/2238/2226 1796/2239/2227
f 3815/2240/2228 3779/2241/2229 3777/2242/2230 3813/2220/2208
f 5647/2243/2231 5512/2244/2232 5521/2245/2233 5648/2246/2234
f 1563/2123/2111 1565/2205/2193 570/2204/2192 1564/2208/2196
f 879/617/617 2256/2247/2235 2258/2248/2236 2259/2249/2237
f 1566/2206/2194 1567/2250/2238 571/1443/1434 1246/1422/1413
f 3174/2251/2239 5842/2252/2240 5841/2253/2241 3172/2254/2242
f 576/2255/2243 1569/1444/1435 1568/1447/1438 1570/2256/2244
f 1591/2257/2245 1570/2256/2244 577/2258/2246 1592/2259/2247
f 1571/302/302 577/2258/2246 1570/2256/2244 1568/1447/1438
f 1573/2203/2191 578/2260/2248 1577/2261/2249 1575/2262/2250
f 4147/153/153 4148/152/152 4116/470/470 4115/148/148
f 578/2260/2248 1574/2263/2251 1594/2264/2252 1595/2265/2253
f 1574/2263/2251 578/2260/2248 1573/2203/2191 1572/2202/2190
f 1572/2202/2190 1569/1444/1435 576/2255/2243 1574/2263/2251
f 1575/2262/2250 1577/2261/2249 579/2266/2254 1576/2267/2255
f 1581/2268/2256 1596/2269/2257 1584/2270/2258 575/2108/2096
f 1581/2268/2256 1580/2271/2259 1579/2272/2260 579/2266/2254
f 3552/2273/2261 3579/2274/2262 3700/2275/2263 3772/2276/2264
f 4103/75/75 4104/78/78 4136/91/91 4135/85/85
f 1245/1431/1422 1578/2277/2265 1217/1351/1342 572/1355/1346
f 551/1352/1343 1217/1351/1342 1578/2277/2265 1579/2272/2260
f 1508/2107/2095 1580/2271/2259 1581/2268/2256 575/2108/2096
f 3780/2278/2266 3779/2241/2229 3815/2240/2228 3816/2279/2267
f 1584/2270/2258 581/2280/2268 1583/2281/2269 1582/2282/2270
f 1582/2282/2270 1554/2197/2185 575/2108/2096 1584/2270/2258
f 754/2283/2271 2108/2284/2272 2598/2285/2273 2599/2286/2274
f 1587/2287/2275 1585/2288/2276 1583/2281/2269 581/2280/2268
f 3817/2289/2277 3818/2290/2278 3782/2291/2279 3781/2292/2280
f 1586/2293/2281 1585/2288/2276 1587/2287/2275 582/2294/2282
f 5743/2295/2283 5149/2296/2284 1123/1816/1807 5700/1819/1810
f 2060/2297/2285 4358/2298/2286 4352/2299/2287 743/2300/2288
f 1585/2288/2276 3817/2289/2277 3816/2279/2267 1583/2281/2269
f 3606/2301/2289 3607/2302/2290 3783/2303/2291 3784/2304/2292
f 3783/2303/2291 3782/2291/2279 3818/2290/2278 3819/2305/2293
f 1589/2306/2294 1588/2307/2295 1590/2308/2296 584/2309/2297
f 6414/2310/2298 5851/2311/2299 5788/2312/2300 6295/2313/2301
f 4537/2314/2302 4535/2315/2303 3178/2316/2304 3152/2317/2305
f 1590/2308/2296 1588/2307/2295 1586/2293/2281 582/2294/2282
f 576/2255/2243 1593/2318/2306 1594/2264/2252 1574/2263/2251
f 1592/2259/2247 584/2309/2297 1590/2308/2296 1591/2257/2245
f 581/2280/2268 1595/2265/2253 1594/2264/2252 1587/2287/2275
f 1594/2264/2252 1593/2318/2306 582/2294/2282 1587/2287/2275
f 2219/2319/2307 2217/2320/2308 2182/2321/2309 795/2322/2310
f 1135/1122/1117 1138/1136/1130 425/1119/1114 1132/1118/1113
f 6533/1102/1097 3486/2323/2311 3458/2324/2312 6526/2325/2313
f 1596/2269/2257 1595/2265/2253 581/2280/2268 1584/2270/2258
f 1605/2326/2314 1081/929/927 411/931/929 1607/2327/2315
f 1595/2265/2253 1596/2269/2257 1577/2261/2249 578/2260/2248
f 4790/1051/1048 4834/1054/1051 5600/2328/2316 5631/2329/2317
f 2002/2070/2058 1598/2073/2061 601/2330/2318 2004/2331/2319
f 601/2330/2318 1598/2073/2061 1597/908/906 1599/907/905
f 1602/2332/2320 1601/2333/2321 1603/2334/2322 620/2335/2323
f 398/2336/2324 1077/910/908 1601/2333/2321 1602/2332/2320
f 4850/2337/2325 4849/2338/2326 4765/2339/2327 4764/2340/2328
f 1077/910/908 4832/909/907 4849/2338/2326 1601/2333/2321
f 400/930/928 1081/929/927 1605/2326/2314 1600/905/903
f 1605/2326/2314 1606/2341/2329 600/906/904 1600/905/903
f 1605/2326/2314 1607/2327/2315 603/2342/2330 1606/2341/2329
f 1608/2343/2331 1607/2327/2315 411/931/929 1085/934/932
f 1612/2344/2332 605/2345/2333 1610/2346/2334 1611/2347/2335
f 1607/2327/2315 1608/2343/2331 1609/2348/2336 603/2342/2330
f 605/2345/2333 1609/2348/2336 1608/2343/2331 1610/2346/2334
f 1089/943/941 1611/2347/2335 1610/2346/2334 410/944/942
f 3123/1730/1721 3340/2349/2337 3338/2350/2338 3339/2351/2339
f 5445/2352/2340 5443/2353/2341 5155/2354/2342 5157/2355/2343
f 1611/2347/2335 1613/937/935 607/936/934 1612/2344/2332
f 1151/1185/1179 1154/1200/1193 433/1149/1143 1148/1182/1176
f 1839/2356/2344 1860/2357/2345 1705/2358/2346 651/2359/2347
f 1552/1337/1328 558/2136/2124 1530/2141/2129 1551/2128/2116
f 1885/2360/2348 1886/2361/2349 666/2362/2350 1884/2363/2351
f 1614/938/936 1616/2364/2352 609/2365/2353 1615/935/933
f 1880/2366/2354 1859/804/802 609/2365/2353 1618/958/956
f 2763/2367/2355 2762/2368/2356 982/2369/2357 2710/2370/2358
f 1097/968/966 1617/959/957 1616/2364/2352 408/969/967
f 1625/964/962 1623/963/961 1105/985/983 405/995/993
f 1618/958/956 609/2365/2353 1616/2364/2352 1617/959/957
f 1903/1994/1985 1922/1997/1988 1714/2371/2359 672/2372/2360
f 1101/973/971 1620/979/977 1619/960/958 407/972/970
f 1347/1628/1619 1349/1643/1634 1329/1591/1582 477/1594/1585
f 1620/979/977 1622/978/976 613/2373/2361 1621/2374/2362
f 1622/978/976 406/980/978 1105/985/983 1623/963/961
f 6062/708/708 6063/2375/2363 5935/2376/2364 5934/2377/2365
f 1942/1596/1587 1941/2378/2366 1943/2379/2367 687/2380/2368
f 1626/2381/2369 1625/964/962 405/995/993 1109/991/989
f 2741/2382/2370 2739/2383/2371 1050/2384/2372 2744/2385/2373
f 1628/2386/2374 617/2387/2375 1627/2388/2376 1626/2381/2369
f 1701/2389/2377 651/2359/2347 1705/2358/2346 1703/2390/2378
f 404/990/988 1113/987/985 1629/986/984 1628/2386/2374
f 3985/474/474 3984/473/473 3190/2391/2379 3191/2392/2380
f 1632/2393/2381 1633/2394/2382 619/2395/2383 1631/989/987
f 6053/2396/2384 5925/2397/2385 5924/2398/2386 6052/2399/2387
f 1629/986/984 1631/989/987 619/2395/2383 1630/2400/2388
f 3590/1869/1860 3589/1800/1791 6427/2401/2389 6446/1866/1857
f 5478/2402/2390 5497/2403/2391 5538/2404/2392 5507/2405/2393
f 398/2336/2324 1602/2332/2320 1632/2393/2381 1116/1042/1040
f 6012/2406/2394 4085/2407/2395 1993/2408/2396 6005/2409/2397
f 1633/2394/2382 1632/2393/2381 1602/2332/2320 620/2335/2323
f 6442/2410/2398 6441/2411/2399 6391/2412/2400 6138/2413/2401
f 1635/2414/2402 1634/2415/2403 1636/2416/2404 599/2417/2405
f 5879/2418/2406 5885/2419/2407 1637/2420/2408 751/2421/2409
f 6048/2422/2410 6047/2423/2411 5919/2424/2412 5920/2425/2413
f 5880/2426/2414 5885/2427/2407 5916/2428/2415 5918/2429/2416
f 1684/2430/2417 1683/2431/2418 1685/795/793 628/794/792
f 1640/2432/2419 618/2433/2420 1690/2434/2421 1687/2435/2422
f 1639/2436/2423 1641/2437/2424 618/2433/2420 1640/2432/2419
f 4299/2438/2425 2059/2439/2426 2017/2440/2427 4293/2441/2428
f 6111/2442/2429 6110/2443/2430 6047/2423/2411 6048/2422/2410
f 6500/2444/2431 5920/2425/2413 5919/2424/2412 5886/2445/2432
f 6519/2446/2433 5886/2447/2432 5919/2424/2412 5960/2448/2434
f 4852/2449/2435 4851/2450/2436 1639/2436/2423 1640/2432/2419
f 1645/2451/2437 1644/2452/2438 1638/2453/2439 598/2454/2440
f 1952/2455/2441 1967/2456/2442 1807/2457/2443 742/2458/2444
f 5923/2459/2445 5922/2460/2446 6050/2461/2447 6051/2462/2448
f 6507/2463/2449 1646/2464/2450 757/2465/2451 5880/2466/2414
f 5881/2467/2452 6507/2468/2449 5922/2460/2446 5923/2459/2445
f 1711/2469/2453 672/2372/2360 1710/2470/2454 1709/2471/2455
f 5880/2466/2414 5918/2429/2416 5922/2460/2446 6507/2463/2449
f 5928/2472/2456 5887/2473/2457 5882/2474/2458 5927/2475/2459
f 6114/2476/2460 6115/2477/2461 6052/2399/2387 6051/2462/2448
f 1323/1410/1401 475/1273/1264 1187/1276/1267 1343/1625/1616
f 1652/2186/2174 1653/2185/2173 604/2166/2154 1655/2478/2462
f 5924/2398/2386 5925/2397/2385 6501/2479/2463 6508/2480/2464
f 1653/2185/2173 602/2184/2172 1695/2481/2465 1697/2482/2466
f 1648/2483/2467 1649/2484/2468 602/2184/2172 1651/2183/2171
f 2686/2485/2469 2685/2486/2470 2687/2487/2471 1006/2488/2472
f 1654/2489/2473 768/2490/2474 6501/2491/2463 6509/2492/2475
f 5927/2475/2459 5926/2493/2476 6054/2494/2477 6055/2495/2478
f 6509/2492/2475 6501/2491/2463 5925/2397/2385 5926/2493/2476
f 5926/2493/2476 5927/2475/2459 5882/2496/2458 6509/2497/2475
f 1657/2165/2153 1656/2498/2479 1655/2478/2462 604/2166/2154
f 1699/2499/2480 1697/2482/2466 1695/2481/2465 621/2500/2481
f 6129/2501/2482 6066/2502/2483 6065/2503/2484 6128/2504/2485
f 1658/2505/2486 5887/2506/2457 5883/2507/2487 770/2508/2488
f 6512/2509/2489 6503/2510/2490 5933/2511/2491 5934/2377/2365
f 1658/2505/2486 769/2512/2492 5882/2474/2458 5887/2473/2457
f 6502/2513/1004 6510/2514/2493 5930/2515/2494 5931/1007/1005
f 608/2516/2495 1663/2517/2496 1660/2518/2497 1661/2519/2498
f 6120/2520/2499 6057/2521/2500 6056/2522/2501 6119/2523/2502
f 6121/2524/2503 6120/2520/2499 1659/2525/2504 1660/2518/2497
f 1657/2165/2153 606/2526/2505 1659/2525/2504 1656/2498/2479
f 1660/2518/2497 1659/2525/2504 606/2526/2505 1661/2519/2498
f 5929/2527/2506 5930/2515/2494 6510/2528/2493 5883/2529/2487
f 807/2530/2507 2311/2531/2508 2313/2532/2509 2294/2533/2510
f 1671/2534/2511 1668/2535/2512 1669/2536/2513 612/2537/2514
f 1665/2538/2515 1664/2539/2516 1663/2517/2496 608/2516/2495
f 5932/1008/1006 5931/1007/1005 6059/2540/2517 6060/2541/2518
f 6060/2541/2518 6061/709/709 5933/2511/2491 5932/1008/1006
f 3896/1720/1711 3894/2542/2519 3436/2543/2520 3438/2544/2521
f 1709/2471/2455 1669/2536/2513 610/2545/2522 1707/2546/2523
f 1664/2539/2516 1665/2538/2515 610/2545/2522 1667/2547/2524
f 5895/2548/2525 4162/2549/2526 317/55/55 6355/2550/2527
f 1670/2551/2528 772/2552/2529 6503/2510/2490 6512/2509/2489
f 6129/2501/2482 6128/2504/2485 1675/2553/2530 1676/2554/2531
f 1723/2555/2532 1720/792/790 1685/795/793 639/2556/2533
f 5934/2377/2365 5935/2376/2364 5884/2557/2534 6512/2558/2489
f 773/2559/2535 5884/2560/2534 6513/2561/2536 1674/2562/2537
f 6513/2561/2536 5884/2560/2534 5935/2376/2364 5936/2563/2538
f 1674/2562/2537 6513/2564/2536 6504/2565/2539 774/2566/2540
f 1719/1598/1589 693/2567/2541 1690/2434/2421 1718/2568/2542
f 6505/2569/2543 775/2570/2544 1678/2571/2545 5888/2572/2546
f 1675/2553/2530 1672/2573/2547 1673/2574/2548 614/2575/2549
f 6505/2569/2543 5888/2572/2546 5938/2576/2550 5939/2577/2551
f 1676/2554/2531 1675/2553/2530 614/2575/2549 1677/2578/2552
f 2242/2579/2553 2239/2580/2554 2232/2581/2555 813/2582/2556
f 1678/2571/2545 774/2566/2540 6504/2583/2539 5888/2584/2546
f 6067/2585/2557 5939/2577/2551 5938/2576/2550 6066/2502/2483
f 1681/2586/2558 1680/2587/2559 1679/2588/2560 616/2589/2561
f 6514/2590/2562 6505/2591/2543 5939/2577/2551 5940/2592/2563
f 1452/1883/1874 1453/1440/1431 1441/1887/1878 515/1880/1871
f 6048/2422/2410 6068/2593/2564 6131/2594/2565 6111/2442/2429
f 1681/2586/2558 618/2433/2420 1641/2437/2424 1680/2587/2559
f 1635/2414/2402 1683/2431/2418 1684/2430/2417 598/2454/2440
f 1724/1544/1535 1722/2595/2566 638/2596/2567 1727/1543/1534
f 1684/2430/2417 628/794/792 1693/2597/2568 1691/2598/2569
f 3692/2599/2570 3693/2600/2571 6461/2601/2572 6460/2602/2573
f 1693/2597/2568 622/2603/2574 1692/2604/2575 1691/2598/2569
f 1758/2605/2576 4861/2606/2577 4860/2607/2578 1756/2608/2579
f 4854/2609/2580 4852/2449/2435 1640/2432/2419 1687/2435/2422
f 2816/2610/2581 999/2611/2582 2799/134/134 2817/2612/2583
f 4854/2609/2580 4855/2613/2584 4817/2614/2585 4818/2615/2586
f 1690/2434/2421 693/2567/2541 1689/2616/2587 1687/2435/2422
f 1838/2617/2588 1839/2356/2344 651/2359/2347 1702/2618/2589
f 1691/2598/2569 1692/2604/2575 597/2619/2590 1645/2451/2437
f 5589/2620/2591 5588/2621/2592 3523/2622/2593 6326/2623/2594
f 1695/2481/2465 602/2184/2172 1649/2484/2468 1694/2624/2595
f 1694/2624/2595 1696/2625/2596 621/2500/2481 1695/2481/2465
f 1694/2624/2595 1692/2604/2575 622/2603/2574 1696/2625/2596
f 4017/2626/2597 4199/2627/2598 4209/2628/2599 3961/2629/2600
f 1697/2482/2466 1698/2163/2151 604/2166/2154 1653/2185/2173
f 1548/2216/2204 1549/2127/2115 557/2143/2131 1527/2145/2133
f 1775/2630/2601 620/2335/2323 1603/2334/2322 1773/2631/2602
f 5829/2632/2603 5828/2633/2604 2653/2634/2605 2654/2635/2606
f 1701/2389/2377 606/2526/2505 1657/2165/2153 1700/2164/2152
f 1702/2618/2589 651/2359/2347 1701/2389/2377 1700/2164/2152
f 4260/2636/2607 4264/2637/2608 3697/2638/2609 4180/2639/2610
f 1702/2618/2589 1700/2164/2152 1698/2163/2151 645/2640/2611
f 1704/2641/2612 608/2516/2495 1661/2519/2498 1703/2390/2378
f 1703/2390/2378 1705/2358/2346 658/2642/2613 1704/2641/2612
f 1885/2360/2348 1884/2363/2351 659/2643/2614 1864/2644/2615
f 1704/2641/2612 1706/2645/2616 1665/2538/2515 608/2516/2495
f 1843/2646/2617 1841/2647/2618 1821/2648/2619 647/2649/2620
f 1845/2650/2621 1844/2651/2622 1846/2652/2623 655/2653/2624
f 1665/2538/2515 1706/2645/2616 1707/2546/2523 610/2545/2522
f 1709/2471/2455 1707/2546/2523 665/2654/2625 1711/2469/2453
f 1708/2655/2626 665/2654/2625 1707/2546/2523 1706/2645/2616
f 1928/2656/2627 1929/2657/2628 681/2658/2629 1927/2659/2630
f 1710/2470/2454 612/2537/2514 1669/2536/2513 1709/2471/2455
f 1710/2470/2454 1712/2660/2631 1673/2574/2548 612/2537/2514
f 6189/2661/2632 5988/2662/2633 6001/2663/2634 6190/2664/2635
f 3957/1985/1976 1478/2019/2010 1476/1999/1990 3956/1998/1989
f 1713/2665/2636 614/2575/2549 1673/2574/2548 1712/2660/2631
f 1714/2371/2359 679/2666/2637 1713/2665/2636 1712/2660/2631
f 1716/2667/2638 1715/2668/2639 1717/2669/2640 686/1599/1590
f 1712/2660/2631 1710/2470/2454 672/2372/2360 1714/2371/2359
f 3760/2670/2641 3761/2671/2642 3759/2672/2643 6291/2673/2644
f 1946/2674/2645 688/2675/2646 1945/2676/2647 1944/2677/2648
f 1715/2668/2639 1716/2667/2638 616/2589/2561 1677/2578/2552
f 3774/2678/2649 3754/2679/2650 6393/2680/2651 6398/2681/2652
f 1717/2669/2640 1715/2668/2639 1713/2665/2636 679/2666/2637
f 1690/2434/2421 618/2433/2420 1681/2586/2558 1718/2568/2542
f 1719/1598/1589 1718/2568/2542 1716/2667/2638 686/1599/1590
f 3755/579/579 3756/578/578 3627/2027/2018 3494/2029/2020
f 1779/2682/2653 1778/2683/2654 629/2684/2655 1725/2685/2656
f 1722/2595/2566 629/2684/2655 1721/793/791 1720/792/790
f 1726/467/467 630/2686/2657 1725/2685/2656 1724/1544/1535
f 1720/792/790 1723/2555/2532 638/2596/2567 1722/2595/2566
f 555/2135/2123 1521/2134/2122 2026/2687/2658 2027/2688/2659
f 1725/2685/2656 629/2684/2655 1722/2595/2566 1724/1544/1535
f 2044/2689/2660 2043/2690/2661 723/2691/2662 2022/2692/2663
f 1730/2693/2664 631/2694/2665 1729/2695/2666 1728/466/466
f 636/2156/2144 1730/2693/2664 1728/466/466 1731/465/465
f 1807/2457/2443 1967/2456/2442 1733/2696/2667 741/2697/2668
f 1733/2696/2667 1732/2698/2669 1734/2699/2670 741/2697/2668
f 740/2700/2671 1734/2699/2670 1732/2698/2669 1735/2701/2672
f 1967/2456/2442 1892/2702/2673 689/2703/2674 1733/2696/2667
f 3215/2704/2675 3093/2705/2676 1051/2706/2677 1055/2707/2678
f 1732/2698/2669 1736/2708/2679 722/2709/2680 1735/2701/2672
f 600/906/904 1746/2710/2681 1745/2711/2682 1599/907/905
f 701/2712/2683 2016/2713/2684 2084/2714/2685 1932/2715/2686
f 1732/2698/2669 1733/2696/2667 689/2703/2674 1736/2708/2679
f 1739/2716/2687 1737/2717/2688 1740/2155/2143 635/2718/2689
f 631/2694/2665 1730/2693/2664 1737/2717/2688 1738/2719/2690
f 1744/2720/2691 1741/2721/2692 1739/2716/2687 635/2718/2689
f 3824/2722/2693 2088/2723/2694 2086/2724/2695 3823/2725/2696
f 1739/2716/2687 1741/2721/2692 1742/2726/2697 632/2727/2698
f 1741/2721/2692 1743/2728/2699 633/2729/2700 1742/2726/2697
f 2010/2730/2701 720/2731/2702 2009/2732/2703 2008/2733/2704
f 1741/2721/2692 1744/2720/2691 634/2734/2705 1743/2728/2699
f 2008/2733/2704 1744/2720/2691 635/2718/2689 2010/2730/2701
f 4163/841/839 4131/856/854 4105/2735/2706 4137/84/84
f 1745/2711/2682 1746/2710/2681 633/2729/2700 1743/2728/2699
f 1831/2736/2707 649/2737/2708 1854/2738/2709 1852/2739/2710
f 1575/2262/2250 1567/2250/2238 570/2204/2192 1573/2203/2191
f 1745/2711/2682 1747/2740/2711 601/2330/2318 1599/907/905
f 3897/2741/2712 3895/1829/1820 3403/1831/1822 3405/2742/2713
f 2012/2743/2714 720/2731/2702 2010/2730/2701 2011/2158/2146
f 1751/2744/2715 694/2745/2716 1750/2746/2717 1748/2747/2718
f 4857/611/611 4856/610/610 1748/2747/2718 1750/2746/2717
f 1748/2747/2718 1689/2616/2587 693/2567/2541 1751/2744/2715
f 4857/611/611 4858/2748/2719 4799/2749/2720 4812/612/612
f 4858/2748/2719 4859/2750/2721 4814/2751/2722 4799/2749/2720
f 1755/2752/2723 695/2753/2724 1754/2754/2725 1752/2755/2726
f 4814/2751/2722 4859/2750/2721 4860/2607/2578 4816/2756/2727
f 4859/2750/2721 1754/2754/2725 1756/2608/2579 4860/2607/2578
f 4815/2757/2728 4816/2756/2727 4860/2607/2578 4861/2606/2577
f 1965/2758/2729 1966/2759/2730 697/2760/2731 1759/2761/2732
f 1756/2608/2579 1759/2761/2732 697/2760/2731 1758/2605/2576
f 4245/2762/2733 4233/2763/2734 4200/2764/2735 4206/2765/2736
f 1762/2766/2737 733/2767/2738 1761/2768/2739 1760/2769/2740
f 4815/2757/2728 4861/2606/2577 4862/2770/2741 4758/2771/2742
f 1763/2772/2743 739/2773/2744 1762/2766/2737 1760/2769/2740
f 1760/2769/2740 1764/2774/2745 740/2700/2671 1763/2772/2743
f 4926/2775/2746 4954/2776/2747 4771/337/337 4811/2777/2748
f 1761/2768/2739 734/2778/2749 1764/2774/2745 1760/2769/2740
f 1970/2779/2750 1969/2780/2751 691/1040/1038 1957/1039/1037
f 4861/2606/2577 1758/2605/2576 1765/2781/2752 4862/2770/2741
f 1765/2781/2752 1767/2782/2753 4863/339/339 4862/2770/2741
f 698/2783/2754 1767/2782/2753 1765/2781/2752 1768/2784/2755
f 3044/2785/2756 3043/2786/2757 593/2787/2758 3022/2788/2759
f 3392/2789/2760 4254/2790/2761 4257/2791/2762 3884/459/459
f 4863/339/339 1767/2782/2753 1769/2792/2763 4864/336/336
f 4811/2777/2748 4771/337/337 4864/336/336 4865/2793/2764
f 1775/2630/2601 1773/2631/2602 1771/2794/2765 699/2795/2766
f 831/2796/2767 2770/2797/2768 2769/2798/2769 2287/2799/2770
f 1771/2794/2765 1769/2792/2763 1772/2800/2771 699/2795/2766
f 4865/2793/2764 4866/2801/2772 4767/2802/2773 4811/2777/2748
f 2852/2803/2774 2850/2804/2775 2853/2805/2776 1037/2806/2777
f 4850/2337/2325 4866/2801/2772 1773/2631/2602 1603/2334/2322
f 2608/2807/2778 2609/2808/2779 956/133/133 2607/2809/2780
f 1781/2810/2781 1779/2682/2653 1725/2685/2656 630/2686/2657
f 1693/2597/2568 1776/2811/2782 1777/2812/2783 622/2603/2574
f 1778/2683/2654 623/2813/2784 1777/2812/2783 1776/2811/2782
f 1778/2683/2654 1776/2811/2782 1721/793/791 629/2684/2655
f 4361/2814/2785 3786/2815/2786 3465/2816/2787 4359/1035/1033
f 1778/2683/2654 1779/2682/2653 1780/2817/2788 623/2813/2784
f 426/830/828 1278/1496/1487 1298/1340/1331 1084/831/829
f 624/2818/2789 1780/2817/2788 1779/2682/2653 1781/2810/2781
f 5620/2819/2790 6303/2820/2791 5489/2821/2792 5528/2822/2793
f 6089/2823/2794 5961/1321/1312 5959/2824/2795 6087/2825/2796
f 1781/2810/2781 1782/2826/2797 1783/2827/2798 624/2818/2789
f 1782/2826/2797 1784/2828/2799 625/2829/2800 1783/2827/2798
f 1781/2810/2781 630/2686/2657 1729/2695/2666 1782/2826/2797
f 248/447/447 80/388/388 247/444/444 244/443/443
f 1782/2826/2797 1729/2695/2666 631/2694/2665 1784/2828/2799
f 734/2778/2749 1786/2830/2801 1785/2831/2802 1764/2774/2745
f 1785/2831/2802 1787/2832/2803 741/2697/2668 1734/2699/2670
f 3304/2833/2804 3303/2834/2805 3111/2835/2806 3287/2836/2807
f 584/2309/2297 2093/2837/2808 2092/2838/2809 1589/2306/2294
f 1814/2839/2810 644/2840/2811 1813/2841/2812 1812/2842/2813
f 1791/2843/2814 1792/2844/2815 626/2845/2816 1790/2846/2817
f 2309/363/363 2306/2847/2818 2264/2848/2819 805/2849/2820
f 1788/2850/2821 1790/2846/2817 626/2845/2816 1789/2851/2822
f 1788/2850/2821 1738/2719/2690 632/2727/2698 1790/2846/2817
f 1682/2852/2823 6514/2853/2562 6500/2854/2431 755/2855/2824
f 1791/2843/2814 1793/2856/2825 627/2857/2826 1792/2844/2815
f 1795/2858/2827 1794/2859/2828 1606/2341/2329 603/2342/2330
f 1795/2858/2827 627/2857/2826 1793/2856/2825 1794/2859/2828
f 4128/658/658 3612/648/648 6136/647/647 6141/2860/2829
f 1794/2859/2828 1746/2710/2681 600/906/904 1606/2341/2329
f 6044/2861/2830 6107/2862/2831 6109/2863/2832 6046/2864/2833
f 5702/1090/1085 5697/1089/1084 5637/2865/2834 5642/1088/1083
f 1796/2239/2227 1797/2238/2226 621/2500/2481 1696/2625/2596
f 1798/2236/2224 1796/2239/2227 1777/2812/2783 623/2813/2784
f 1823/2866/2835 1822/2867/2836 641/1833/1824 1803/1832/1823
f 3421/2868/2837 3387/2869/2838 3385/2870/2839 3419/2871/2840
f 1798/2236/2224 1799/2872/2841 1800/2873/2842 640/2237/2225
f 1799/2872/2841 1801/1834/1825 641/1833/1824 1800/2873/2842
f 1798/2236/2224 623/2813/2784 1780/2817/2788 1799/2872/2841
f 1799/2872/2841 1780/2817/2788 624/2818/2789 1801/1834/1825
f 1738/2719/2690 1737/2717/2688 1739/2716/2687 632/2727/2698
f 1807/2457/2443 1805/2874/2843 1808/2875/2844 742/2458/2444
f 1802/1835/1826 1804/2876/2845 642/2877/2846 1803/1832/1823
f 736/2878/2847 1808/2875/2844 1805/2874/2843 1806/2879/2848
f 1805/2874/2843 1787/2832/2803 735/2880/2849 1806/2879/2848
f 1828/2881/2850 1826/2882/2851 1829/2883/2852 706/2884/2853
f 1855/2885/2854 1854/2738/2709 649/2737/2708 1834/2886/2855
f 3808/2887/2856 3807/2888/2857 3842/2889/2858 3843/2890/2859
f 1804/2876/2845 1809/2891/2860 1810/2892/2861 642/2877/2846
f 1371/1690/1681 1376/1703/1694 1358/1646/1637 486/1698/1689
f 1979/2893/2862 1978/2894/2863 705/2895/2864 1951/2896/2865
f 4949/2897/2866 4818/2615/2586 4817/2614/2585 4930/2898/2867
f 1795/2858/2827 603/2342/2330 1609/2348/2336 1815/2899/2868
f 621/2500/2481 1797/2238/2226 1817/920/918 1699/2499/2480
f 1815/2899/2868 1816/2900/2869 644/2840/2811 1814/2839/2810
f 1815/2899/2868 1609/2348/2336 605/2345/2333 1816/2900/2869
f 4251/2901/2870 3850/2902/2871 3547/2903/2872 4252/2904/2873
f 1817/920/918 1818/919/917 645/2640/2611 1699/2499/2480
f 3200/2905/2874 3201/2906/2875 3087/2907/2876 3199/2908/2877
f 2672/2909/2878 2636/2910/2879 969/2911/2880 2675/2912/2881
f 1819/921/919 1820/2913/2882 1821/2648/2619 646/922/920
f 6460/2914/2573 3521/2915/2883 3522/2916/2884 6459/2917/2885
f 1820/2913/2882 1822/2867/2836 647/2649/2620 1821/2648/2619
f 6058/2918/2886 6121/2524/2503 6122/2919/2887 6059/2540/2517
f 2039/2920/2888 709/2921/2889 1985/2922/2890 2038/2923/2891
f 1811/2924/2892 1809/2891/2860 1789/2851/2822 626/2845/2816
f 1824/2925/2893 647/2649/2620 1822/2867/2836 1823/2866/2835
f 2523/2926/2894 2522/2927/2895 2520/2928/2896 911/2929/2897
f 1664/2539/2516 1667/2547/2524 6124/710/710 6123/2930/2898
f 1827/2931/2899 1826/2882/2851 1808/2875/2844 736/2878/2847
f 742/2458/2444 1808/2875/2844 1826/2882/2851 1828/2881/2850
f 1837/2932/2900 1836/2933/2901 1612/2344/2332 607/936/934
f 1831/2736/2707 648/2934/2902 1825/2935/2903 1830/2936/2904
f 1460/2937/1947 531/2938/2030 4217/2939/2905 4225/2940/2906
f 1830/2936/2904 1832/2941/2907 649/2737/2708 1831/2736/2707
f 1836/2933/2901 1837/2932/2900 650/2942/2908 1835/2943/2909
f 1830/2936/2904 1810/2892/2861 643/2944/2910 1832/2941/2907
f 1834/2886/2855 649/2737/2708 1832/2941/2907 1833/2945/2911
f 1851/1991/1982 705/2895/2864 1978/2894/2863 1977/1992/1983
f 3150/2946/2912 4677/2947/2913 4681/2948/2914 3178/2316/2304
f 1816/2900/2869 605/2345/2333 1612/2344/2332 1836/2933/2901
f 1671/2534/2511 1672/2573/2547 6127/2949/2915 6126/2950/2916
f 645/2640/2611 1818/919/917 1838/2617/2588 1702/2618/2589
f 1838/2617/2588 1840/2951/2917 652/2952/2918 1839/2356/2344
f 1838/2617/2588 1818/919/917 646/922/920 1840/2951/2917
f 1841/2647/2618 1842/2953/2919 652/2952/2918 1840/2951/2917
f 1844/2651/2622 1843/2646/2617 647/2649/2620 1824/2925/2893
f 1843/2646/2617 1844/2651/2622 1845/2650/2621 653/2954/2920
f 1575/2262/2250 1576/2267/2255 571/1443/1434 1567/2250/2238
f 1852/2739/2710 1846/2652/2623 648/2934/2902 1831/2736/2707
f 669/2955/2921 1895/2956/2922 1914/2117/2105 1910/2957/2923
f 1847/2958/2924 1849/2959/2925 668/2960/2926 1848/2961/2927
f 1850/2962/2928 661/2963/2929 1849/2959/2925 1847/2958/2924
f 1950/2964/2930 1951/2896/2865 705/2895/2864 1848/2961/2927
f 1854/2738/2709 656/98/98 1853/101/101 1852/2739/2710
f 1847/2958/2924 1848/2961/2927 705/2895/2864 1851/1991/1982
f 1852/2739/2710 1853/101/101 655/2653/2624 1846/2652/2623
f 5051/2965/2931 526/2966/2932 2673/2967/2933 5111/2968/2934
f 1854/2738/2709 1855/2885/2854 1856/2969/2935 656/98/98
f 1855/2885/2854 1857/806/804 657/805/803 1856/2969/2935
f 1858/807/805 1837/2932/2900 607/936/934 1615/935/933
f 1705/2358/2346 1860/2357/2345 1861/2970/2936 658/2642/2613
f 1863/2971/2937 1864/2644/2615 659/2643/2614 1862/2972/2938
f 1860/2357/2345 1862/2972/2938 659/2643/2614 1861/2970/2936
f 1868/2973/2939 1866/2974/2940 1845/2650/2621 655/2653/2624
f 1863/2971/2937 1865/2975/2941 660/2976/2942 1864/2644/2615
f 1862/2972/2938 652/2952/2918 1842/2953/2919 1863/2971/2937
f 1865/2975/2941 1863/2971/2937 1842/2953/2919 653/2954/2920
f 1867/2977/2943 660/2976/2942 1865/2975/2941 1866/2974/2940
f 3991/2978/2944 3990/2979/2945 3929/2980/2946 3930/2981/2947
f 4034/1950/1941 3946/1967/1958 3945/2982/2948 4035/1940/1931
f 1916/2118/2106 1914/2117/2105 1895/2956/2922 670/2983/2949
f 1258/2984/2950 5090/2985/2951 5064/2986/2952 702/2987/2953
f 4354/2988/2954 4295/2989/2955 4290/2990/2956 4349/2991/2957
f 4353/2992/2958 4348/2993/2959 654/2994/2960 1870/2995/2961
f 4353/2992/2958 4349/2991/2957 4290/2990/2956 4294/2996/2962
f 1869/2997/2963 1872/2998/2964 661/2963/2929 1871/2999/2965
f 4295/2989/2955 1911/3000/2966 1873/3001/2967 4290/2990/2956
f 1869/2997/2963 1873/3001/2967 682/3002/2968 1872/2998/2964
f 4290/2990/2956 1873/3001/2967 1869/2997/2963 4294/2996/2962
f 1874/100/100 1875/3003/2969 662/3004/2970 1868/2973/2939
f 656/98/98 1856/2969/2935 1877/3005/2971 1876/99/99
f 3993/3006/2972 3992/3007/2973 3931/3008/2974 3932/3009/2975
f 355/761/759 393/886/884 383/570/570 98/86/86
f 799/3010/2976 812/3011/2977 3169/3012/2978 3263/3013/2979
f 1876/99/99 1877/3005/2971 1878/3014/2980 663/3015/2981
f 1877/3005/2971 1879/3016/2982 664/3017/2983 1878/3014/2980
f 1905/3018/2984 1904/3019/2985 666/2362/2350 1886/2361/2349
f 2084/2714/2685 2083/3020/2986 722/2709/2680 1932/2715/2686
f 1879/3016/2982 1880/2366/2354 1881/3021/2987 664/3017/2983
f 1881/3021/2987 1880/2366/2354 1618/958/956 611/961/959
f 3996/3022/2988 3281/3023/2989 3299/3024/2990 4000/3025/2991
f 5839/2069/2057 2983/3026/2992 2985/3027/2993 5840/3028/2994
f 1884/2363/2351 1882/3029/2995 1861/2970/2936 659/2643/2614
f 1902/3030/2996 1883/3031/2997 666/2362/2350 1904/3019/2985
f 1884/2363/2351 666/2362/2350 1883/3031/2997 1882/3029/2995
f 1909/3032/2998 1908/3033/2999 1910/2957/2923 676/3034/3000
f 1888/3035/3001 1889/3036/3002 667/3037/3003 1887/3038/3004
f 1885/2360/2348 1887/3038/3004 667/3037/3003 1886/2361/2349
f 1887/3038/3004 660/2976/2942 1867/2977/2943 1888/3035/3001
f 5498/3039/3005 5496/3040/2026 5537/3041/3006 5539/3042/3007
f 1919/3043/3008 678/3044/3009 1918/3045/3010 1917/3046/3011
f 669/2955/2921 1889/3036/3002 1888/3035/3001 1890/3047/3012
f 1890/3047/3012 1888/3035/3001 1867/2977/2943 662/3004/2970
f 1892/2702/2673 668/2960/2926 1849/2959/2925 1891/3048/3013
f 1858/807/805 1857/806/804 650/2942/2908 1837/2932/2900
f 1893/3049/3014 689/2703/2674 1892/2702/2673 1891/3048/3013
f 5414/3050/3015 5412/3051/3016 5340/3052/3017 5342/3053/3018
f 4240/3054/3019 6402/3055/3020 4241/3056/3021 3636/3057/3022
f 1895/2956/2922 669/2955/2921 1890/3047/3012 1894/3058/3023
f 1894/3058/3023 1875/3003/2969 663/3015/2981 1896/3059/3024
f 1898/3060/3025 1897/3061/3026 1899/3062/3027 671/3063/3028
f 1897/3061/3026 1898/3060/3025 670/2983/2949 1896/3059/3024
f 1899/3062/3027 1900/3064/3029 1901/3065/3030 671/3063/3028
f 1900/3064/3029 1881/3021/2987 611/961/959 1621/2374/2362
f 1711/2469/2453 1902/3030/2996 1903/1994/1985 672/2372/2360
f 1902/3030/2996 1904/3019/2985 673/1995/1986 1903/1994/1985
f 1928/2656/2627 1927/2659/2630 674/3066/3031 1909/3032/2998
f 1927/2659/2630 1925/3067/3032 1906/3068/3033 674/3066/3031
f 1906/3068/3033 1905/3018/2984 1907/3069/3034 674/3066/3031
f 3984/473/473 3982/3070/3035 3187/3071/3036 3190/2391/2379
f 1907/3069/3034 1905/3018/2984 1886/2361/2349 667/3037/3003
f 2220/3072/3037 2184/3073/3038 797/3074/3039 2190/3075/3040
f 1910/2957/2923 1908/3033/2999 1889/3036/3002 669/2955/2921
f 4015/3076/3041 4016/3077/3042 3962/3078/3043 3963/3079/3044
f 3292/3080/3045 1473/3081/3046 1459/3082/3047 3110/3083/3048
f 1972/3084/3049 1971/3085/3050 692/3086/3051 1960/3087/3052
f 301/597/597 339/722/722 325/674/674 61/598/598
f 1933/3088/3053 1930/3089/3054 676/3034/3000 1915/2116/2104
f 1911/3000/2966 1913/3090/3055 701/2712/2683 1912/3091/3056
f 4298/3092/3057 2014/3093/3058 1913/3090/3055 4291/3094/3059
f 4295/2989/2955 4291/3094/3059 1913/3090/3055 1911/3000/2966
f 1910/2957/2923 1914/2117/2105 1915/2116/2104 676/3034/3000
f 4023/3095/3060 3557/3096/3061 3563/3097/3062 4024/3098/3063
f 1916/2118/2106 1917/3046/3011 1918/3045/3010 677/2119/2107
f 1938/3099/3064 1936/3100/3065 1918/3045/3010 678/3044/3009
f 1917/3046/3011 1898/3060/3025 671/3063/3028 1919/3043/3008
f 2024/3101/3066 2025/3102/3067 724/3103/3068 2023/3104/3069
f 1901/3065/3030 1920/3105/3070 1919/3043/3008 671/3063/3028
f 2989/3106/3071 2595/3107/3072 952/3108/3073 2991/3109/3074
f 1714/2371/2359 1922/1997/1988 1923/3110/3075 679/2666/2637
f 1957/1039/1037 1956/1038/1036 1958/3111/3076 692/3086/3051
f 1924/1996/1987 673/1995/1986 1906/3068/3033 1925/3067/3032
f 1924/1996/1987 1925/3067/3032 1926/3112/3077 680/3113/3078
f 681/2658/2629 1926/3112/3077 1925/3067/3032 1927/2659/2630
f 4201/3114/3079 4199/2627/2598 4017/2626/2597 3536/3115/3080
f 2220/3072/3037 2219/2319/2307 795/2322/2310 2184/3073/3038
f 6363/3116/3081 3519/404/404 3518/115/115 3654/3117/3082
f 239/423/423 48/408/408 233/407/407 236/416/416
f 1930/3089/3054 683/3118/3083 1929/2657/2628 1928/2656/2627
f 1928/2656/2627 1909/3032/2998 676/3034/3000 1930/3089/3054
f 3301/3119/3084 3112/3120/3085 3256/3121/3086 1463/3122/3087
f 1932/2715/2686 722/2709/2680 1736/2708/2679 1931/3123/3088
f 2984/3124/3089 2831/3125/3090 1065/3126/3091 2958/3127/3092
f 1934/3128/3093 683/3118/3083 1930/3089/3054 1933/3088/3053
f 3928/3129/3094 3927/3130/3095 3988/3131/3096 3989/3132/3097
f 684/3133/3098 1934/3128/3093 1933/3088/3053 1935/3134/3099
f 3284/3135/3100 3282/1905/1896 3285/1904/1895 3115/3136/3101
f 1933/3088/3053 1915/2116/2104 677/2119/2107 1935/3134/3099
f 1938/3099/3064 685/3137/3102 1937/3138/3103 1936/3100/3065
f 1938/3099/3064 1939/3139/3104 1940/3140/3105 685/3137/3102
f 1938/3099/3064 678/3044/3009 1921/3141/3106 1939/3139/3104
f 5480/2055/975 5510/1044/974 5527/3142/3107 6493/2052/2042
f 1939/3139/3104 1921/3141/3106 615/965/963 1627/2388/2376
f 3196/3143/3108 3988/3131/3096 3990/2979/2945 3199/2908/2877
f 686/1599/1590 1717/2669/2640 1941/2378/2366 1942/1596/1587
f 3305/3144/3109 1056/3145/3110 3204/3146/3111 3086/3147/3112
f 1941/2378/2366 1923/3110/3075 680/3113/3078 1943/2379/2367
f 1943/2379/2367 1944/2677/2648 1945/2676/2647 687/2380/2368
f 681/2658/2629 1946/2674/2645 1944/2677/2648 1926/3112/3077
f 2872/3148/3113 2948/3149/3114 2933/3150/3115 1023/3151/3116
f 1948/3152/3117 688/2675/2646 1946/2674/2645 1947/3153/3118
f 1947/3153/3118 1949/3154/3119 690/3155/3120 1948/3152/3117
f 1979/2893/2862 1951/2896/2865 706/2884/2853 1980/3156/3121
f 1947/3153/3118 1929/2657/2628 683/3118/3083 1949/3154/3119
f 5076/3157/3122 5105/3158/3123 5033/3159/3124 5004/3160/3125
f 95/3161/3126 748/3162/3127 716/3163/3128 3100/3164/3129
f 1950/2964/2930 1828/2881/2850 706/2884/2853 1951/2896/2865
f 2079/3165/3130 2080/3166/3131 746/3167/3132 2078/3168/3133
f 4203/3169/3134 3697/3170/2609 4264/2637/2608 4259/3171/3135
f 5487/3172/3136 5484/3173/3137 417/3174/3138 1157/3175/3139
f 1953/3176/3140 1954/3177/3141 690/3155/3120 1949/3154/3119
f 1958/3111/3076 1956/1038/1036 1937/3138/3103 685/3137/3102
f 1860/2357/2345 1839/2356/2344 652/2952/2918 1862/2972/2938
f 1960/3087/3052 692/3086/3051 1958/3111/3076 1959/3178/3142
f 1958/3111/3076 685/3137/3102 1940/3140/3105 1959/3178/3142
f 694/2745/2716 1751/2744/2715 1961/1597/1588 1962/3179/3143
f 1962/3179/3143 1963/3180/3144 1755/2752/2723 694/2745/2716
f 1963/3180/3144 1964/3181/3145 695/2753/2724 1755/2752/2723
f 4789/3182/3146 4936/3183/3147 4959/3184/3148 4782/380/380
f 1964/3181/3145 1963/3180/3144 1945/2676/2647 688/2675/2646
f 5718/1205/1198 5717/1181/1175 5657/1180/1174 5658/3185/3149
f 1964/3181/3145 1965/2758/2729 1759/2761/2732 695/2753/2724
f 2538/3186/3150 2537/3187/3151 2539/3188/3152 924/3189/3153
f 1783/2827/2798 625/2829/2800 1804/2876/2845 1802/1835/1826
f 3823/2725/2696 3822/3190/3154 3787/3191/3155 3788/3192/3156
f 1968/3193/3157 1969/2780/2751 698/2783/2754 1768/2784/2755
f 1969/2780/2751 1968/3193/3157 1954/3177/3141 691/1040/1038
f 1772/2800/2771 698/2783/2754 1969/2780/2751 1970/2779/2750
f 4348/2993/2959 4356/3194/3158 1996/3195/3159 654/3196/2960
f 1970/2779/2750 1971/3085/3050 699/2795/2766 1772/2800/2771
f 6408/3197/3160 5728/3198/3161 6313/3199/3162 5672/3200/3163
f 699/2795/2766 1971/3085/3050 1972/3084/3049 1775/2630/2601
f 4931/3201/3164 4962/354/354 4819/353/353 4820/3202/3165
f 1775/2630/2601 1972/3084/3049 1633/2394/2382 620/2335/2323
f 6067/2585/2557 6066/2502/2483 6129/2501/2482 6130/3203/3166
f 4363/1028/1026 4306/1027/1025 4301/3204/3167 4360/3205/3168
f 6410/3206/3169 3677/3207/3170 3673/3208/3171 6400/3209/3172
f 4355/3210/3173 4351/3211/3174 4292/3212/3175 4296/3213/3176
f 1973/3214/3177 1975/1993/1984 4071/3215/3178 4069/3216/3179
f 6372/3217/3180 5945/3218/3181 6073/3219/3182 6373/3220/3183
f 3676/3221/3184 3506/1976/1967 3505/1975/1966 3677/3207/3170
f 1973/3214/3177 4296/3213/3176 4292/3212/3175 1976/3222/3185
f 4072/3223/3186 1977/1992/1983 1978/2894/2863 4073/3224/3187
f 4086/3225/3188 2474/3226/3189 4276/3227/3190 4286/3228/3191
f 4075/3229/3192 4074/3230/3193 1979/2893/2862 1980/3156/3121
f 3663/1849/1840 6370/1850/1841 6386/3231/3194 6388/3232/3195
f 1979/2893/2862 4074/3230/3193 4073/3224/3187 1978/2894/2863
f 3656/3233/3196 6529/3234/3197 6417/3235/3198 3660/3236/599
f 1981/3237/3199 1982/3238/3200 4077/3239/3201 4076/3240/3202
f 4248/3241/3203 4266/3242/858 4265/3243/3204 4254/2790/2761
f 4077/3239/3201 4045/3244/3205 4044/3245/3206 4076/3240/3202
f 4044/3245/3206 4043/3246/3207 4075/3229/3192 4076/3240/3202
f 4342/3247/3208 3740/3248/1034 3465/3249/2787
f 1983/3250/3209 1984/3251/3210 4079/1171/1165 4078/1174/1168
f 2048/2189/2177 2027/2688/2659 725/3252/3211 2050/2129/2117
f 1983/3250/3209 1985/2922/2890 709/2921/2889 1984/3251/3210
f 707/3253/3212 1985/2922/2890 1983/3250/3209 1982/3238/3200
f 6409/3254/3213 6393/3255/2651 3754/2679/2650 3674/3256/3214
f 6473/3257/3215 4239/3258/3216 4236/1958/1949 6472/3259/1948
f 4045/3244/3205 4046/1173/1167 3595/142/142 3581/141/141
f 1988/3260/3217 1986/3261/3218 1984/3251/3210 709/2921/2889
f 4048/3262/3219 4049/1801/1792 3589/1800/1791 3590/1869/1860
f 4079/1171/1165 4080/3263/3220 4048/3262/3219 4047/1172/1166
f 1987/3264/3221 1986/3261/3218 1988/3260/3217 711/3265/3222
f 2007/3266/3223 2008/2733/2704 2009/2732/2703 719/3267/3224
f 4083/3268/3225 4082/3269/3226 1989/3270/3227 1990/3271/3228
f 2000/3272/3229 1999/3273/3230 713/3274/3231 1991/3275/3232
f 4082/3269/3226 4081/3276/3233 1987/3264/3221 1989/3270/3227
f 1989/3270/3227 1991/3275/3232 713/3274/3231 1990/3271/3228
f 4052/3277/3234 6139/3278/3235 6135/3279/3236 3511/3280/3237
f 1989/3270/3227 1987/3264/3221 711/3265/3222 1991/3275/3232
f 4050/1802/1793 4049/1801/1792 4081/3276/3233 4082/3269/3226
f 6515/3281/3238 5893/3282/3239 5947/3283/3240 5941/1550/1541
f 6506/3284/3241 901/3285/3242 1993/2408/2396 6515/3286/3238
f 4084/3287/3243 4052/3277/3234 4051/3288/3244 4083/3268/3225
f 2007/3266/3223 719/3267/3224 2006/3289/3245 2005/3290/3246
f 3513/3291/3247 4051/3288/3244 4052/3277/3234 3511/3280/3237
f 4297/3292/3248 1995/3293/3249 1976/3222/3185 4292/3212/3175
f 376/776/774 375/347/347 115/15/15 99/18/18
f 1976/3222/3185 1995/3293/3249 1850/2962/2928 704/1990/1981
f 1995/3293/3249 4297/3292/3248 4289/3294/3250 1871/2999/2965
f 5917/3295/3251 5879/3296/2406 5889/3297/3252 5943/3298/3253
f 6134/3299/3254 6133/790/788 1994/3300/3255 1997/3301/3256
f 1636/2416/2404 1997/3301/3256 1999/3273/3230 599/2417/2405
f 6100/193/193 164/192/192 113/13/13 6099/3302/3257
f 757/2465/2451 1646/2464/2450 5995/3303/3258 5982/3304/3259
f 2003/3305/3260 2002/2070/2058 2004/2331/2319 718/3306/3261
f 6506/3307/3241 5889/3308/3252 1998/3309/3262 901/3285/3242
f 1686/3310/3263 2000/3272/3229 2001/3311/3264 639/2556/2533
f 1999/3273/3230 2000/3272/3229 1686/3310/3263 599/2417/2405
f 2027/2688/2659 2026/2687/2658 2028/3312/3265 725/3252/3211
f 1496/2071/2059 2002/2070/2058 2003/3305/3260 547/2078/2066
f 6529/3234/3197 6528/3313/3266 3462/3314/3267 3463/3315/3268
f 4356/3194/3158 4348/2993/2959 4289/3294/3250 4297/3292/3248
f 1836/2933/2901 1835/2943/2909 644/2840/2811 1816/2900/2869
f 2004/2331/2319 2005/3290/3246 2006/3289/3245 718/3306/3261
f 5145/3316/3269 5143/3317/3270 529/3318/3271 1173/3319/3272
f 1603/2334/2322 1601/2333/2321 4849/2338/2326 4850/2337/2325
f 5492/3320/3273 5491/3321/3274 5531/2213/2201 5532/2215/2203
f 2005/3290/3246 1747/2740/2711 634/2734/2705 2007/3266/3223
f 2035/1896/1887 2012/2743/2714 721/3322/3275 2037/1897/1888
f 2036/1895/1886 727/3323/3276 2034/3324/3277 2035/1896/1887
f 2011/2158/2146 2010/2730/2701 635/2718/2689 1740/2155/2143
f 2011/2158/2146 2013/2157/2145 721/3322/3275 2012/2743/2714
f 2041/3325/3278 2037/1897/1888 721/3322/3275 2019/3326/3279
f 1542/2188/2176 561/1285/1276 1547/2122/2110 1545/2199/2187
f 4357/3327/3280 4350/3328/3281 696/3329/3282 2015/3330/3283
f 2361/3331/3284 836/3332/3285 2340/3333/3286 2360/3334/3287
f 1913/3090/3055 2014/3093/3058 2016/2713/2684 701/2712/2683
f 2349/3335/3288 2495/3336/3289 2475/3337/3290 891/3338/3291
f 4298/3092/3057 4293/2441/2428 2017/2440/2427 2014/3093/3058
f 1731/465/465 2018/3339/3292 2013/2157/2145 636/2156/2144
f 2020/3340/3293 2018/3339/3292 1731/465/465 637/468/468
f 5870/3341/3294 5225/3342/3295 5297/3343/3296 5871/3344/3297
f 4258/3345/3298 4263/3346/3299 4262/3347/3300 4255/3348/3301
f 2047/3349/3302 2025/3102/3067 711/3265/3222 1988/3260/3217
f 2021/3350/3303 2020/3340/3293 637/468/468 1727/1543/1534
f 4047/1172/1166 3591/1868/1859 3595/142/142 4046/1173/1167
f 2021/3350/3303 2023/3104/3069 724/3103/3068 2022/2692/2663
f 638/2596/2567 1723/2555/2532 2024/3101/3066 2023/3104/3069
f 639/2556/2533 2001/3311/3264 2024/3101/3066 1723/2555/2532
f 2025/3102/3067 2024/3101/3066 2001/3311/3264 711/3265/3222
f 4919/3351/3304 4769/3352/3305 4768/3353/3306 4946/3354/3307
f 2756/3355/3308 2753/3356/3309 2751/3357/3310 1053/3358/3311
f 2026/2687/2658 1521/2134/2122 547/2078/2066 2003/3305/3260
f 1614/938/936 1093/2219/2207 408/969/967 1616/2364/2352
f 2029/2077/2065 2028/3312/3265 718/3306/3261 2006/3289/3245
f 2061/3359/3312 744/3360/3313 2017/2440/2427 2059/2439/2426
f 2031/2074/2062 719/3267/3224 2009/2732/2703 2032/3361/3314
f 2031/2074/2062 2032/3361/3314 2033/3362/3315 726/2075/2063
f 727/3323/3276 2033/3362/3315 2032/3361/3314 2034/3324/3277
f 2043/2690/2661 2041/3325/3278 2019/3326/3279 723/2691/2662
f 6533/1102/1097 6526/2325/2313 3682/3363/3316 6379/3364/1098
f 2035/1896/1887 2034/3324/3277 720/2731/2702 2012/2743/2714
f 2064/1894/1885 2045/1893/1884 730/3365/3317 2040/3366/3318
f 2038/2923/2891 2040/3366/3318 730/3365/3317 2039/2920/2888
f 2044/2689/2660 2045/1893/1884 729/1892/1883 2043/2690/2661
f 2038/2923/2891 1827/2931/2899 736/2878/2847 2040/3366/3318
f 1827/2931/2899 2038/2923/2891 1985/2922/2890 707/3253/3212
f 4237/3367/3319 4225/2940/2906 4195/3368/3320 4209/2628/2599
f 735/2880/2849 1786/2830/2801 2062/3369/3321 2063/1891/1882
f 728/1898/1889 2037/1897/1888 2041/3325/3278 2042/3370/3322
f 2043/2690/2661 729/1892/1883 2042/3370/3322 2041/3325/3278
f 1430/1746/1737 1431/1871/1862 507/1873/1864 1413/1747/1738
f 6524/3371/3323 6450/3372/3324 3457/3373/3325 6525/3374/3326
f 2096/3375/3327 2077/3376/3328 746/3167/3132 2097/3377/3329
f 2046/3378/3330 730/3365/3317 2045/1893/1884 2044/2689/2660
f 2046/3378/3330 724/3103/3068 2025/3102/3067 2047/3349/3302
f 4702/700/700 182/701/701 17/3379/3331 4690/630/630
f 1571/302/302 1568/1447/1438 1561/1446/1437 569/303/303
f 2047/3349/3302 1988/3260/3217 709/2921/2889 2039/2920/2888
f 4942/1393/1384 4914/1415/1406 4986/3380/3332 5014/1388/1379
f 3752/685/685 6336/3381/3333 5728/3382/3161 5727/682/682
f 731/2132/2120 2049/2190/2178 2048/2189/2177 2050/2129/2117
f 2068/3383/3334 2067/3384/3335 731/2132/2120 2052/2131/2119
f 2051/2130/2118 2050/2129/2117 725/3252/3211 2030/2076/2064
f 4079/1171/1165 1984/3251/3210 1986/3261/3218 4080/3263/3220
f 2033/3362/3315 2054/3385/3336 2053/3386/3337 726/2075/2063
f 4305/3387/3338 4362/3388/3339 4361/2814/2785 4304/3389/3340
f 4156/464/464 4153/3390/3341 4121/410/410 4124/469/469
f 2054/3385/3336 2056/3391/3342 733/2767/2738 2055/3392/3343
f 2036/1895/1886 2057/3393/3344 2056/3391/3342 727/3323/3276
f 733/2767/2738 2056/3391/3342 2057/3393/3344 1761/2768/2739
f 1761/2768/2739 2057/3393/3344 2058/3394/3345 734/2778/2749
f 3822/3190/3154 3821/3395/3346 3785/3396/3347 3787/3191/3155
f 2061/3359/3312 2059/2439/2426 3821/3395/3346 3822/3190/3154
f 4147/153/153 4115/148/148 4114/137/137 4146/139/139
f 3787/3191/3155 3785/3396/3347 3464/3397/3348 3619/3398/3349
f 3965/3399/3350 2962/3400/3351 2964/3401/3352 3966/3402/3353
f 4300/1034/1032 4304/3389/3340 4361/2814/2785 4359/1035/1033
f 2058/3394/3345 728/1898/1889 2042/3370/3322 2062/3369/3321
f 2062/3369/3321 1786/2830/2801 734/2778/2749 2058/3394/3345
f 729/1892/1883 2063/1891/1882 2062/3369/3321 2042/3370/3322
f 2064/1894/1885 1806/2879/2848 735/2880/2849 2063/1891/1882
f 2049/2190/2178 2065/3403/3354 1562/2235/2223 562/2191/2179
f 2079/3165/3130 2078/3168/3133 738/3404/3355 2072/3405/3356
f 2066/304/304 569/303/303 1562/2235/2223 2065/3403/3354
f 270/526/526 268/488/488 4309/529/529 4159/528/528
f 2076/3406/3357 2075/3407/3358 737/3408/3359 2069/3409/3360
f 4768/3353/3306 4769/3352/3305 4831/903/901 4848/902/900
f 733/2767/2738 1762/2766/2737 2071/3410/3361 2055/3392/3343
f 2069/3409/3360 737/3408/3359 2067/3384/3335 2068/3383/3334
f 4271/2095/2083 4333/3411/3362 4337/3412/3363 4275/2096/2084
f 738/3404/3355 2069/3409/3360 2068/3383/3334 2070/3413/3364
f 1971/3085/3050 1970/2779/2750 1957/1039/1037 692/3086/3051
f 2071/3410/3361 2072/3405/3356 738/3404/3355 2070/3413/3364
f 1474/2000/1991 1472/2006/1997 3954/2012/2003 3955/2001/1992
f 2072/3405/3356 2071/3410/3361 1762/2766/2737 739/2773/2744
f 2073/301/301 2074/3414/3365 577/2258/2246 1571/302/302
f 2152/3415/3366 6239/3416/3367 6280/3417/3368 4870/3418/3369
f 4152/564/564 4120/413/413 4119/411/411 4151/3419/3370
f 2077/3376/3328 745/3420/3371 2075/3407/3358 2076/3406/3357
f 5976/52/52 317/55/55 4162/2549/2526 6014/68/68
f 2115/3421/3372 2113/3422/3373 2110/3423/3374 782/3424/3375
f 2076/3406/3357 2078/3168/3133 746/3167/3132 2077/3376/3328
f 740/2700/2671 1735/2701/2672 2082/3425/3376 1763/2772/2743
f 2085/3426/3377 2084/2714/2685 2016/2713/2684 744/3360/3313
f 2079/3165/3130 2081/3427/3378 747/3428/3379 2080/3166/3131
f 749/3429/3380 2097/3377/3329 2098/3430/3381 2087/3431/3382
f 2083/3020/2986 747/3428/3379 2081/3427/3378 2082/3425/3376
f 2082/3425/3376 2081/3427/3378 739/2773/2744 1763/2772/2743
f 4992/3432/3383 5064/2986/2952 5090/2985/2951 5018/3433/3384
f 2082/3425/3376 1735/2701/2672 722/2709/2680 2083/3020/2986
f 335/106/106 159/165/165 9/90/90 136/107/107
f 3792/3434/3385 3784/2304/2292 3820/3435/3386 3827/3436/3387
f 2061/3359/3312 2086/2724/2695 2087/3431/3382 744/3360/3313
f 3789/3437/3388 3617/81/81 3616/3438/3389 3790/3439/3390
f 4327/3440/3391 4310/3441/3392 4323/3442/3393 4325/3443/3394
f 2086/2724/2695 2088/2723/2694 749/3429/3380 2087/3431/3382
f 3788/3192/3156 3618/82/82 3617/81/81 3789/3437/3388
f 2086/2724/2695 2061/3359/3312 3822/3190/3154 3823/2725/2696
f 749/3429/3380 2088/2723/2694 2089/3444/3395 2090/3445/3396
f 6470/3446/3397 6469/3447/3398 3727/3448/3399 3728/3449/3400
f 2091/3450/3401 2092/2838/2809 2093/2837/2808 750/3451/3402
f 151/151/151 12/479/479 254/471/471 253/463/463
f 224/391/391 79/392/392 359/57/57 358/56/56
f 1589/2306/2294 2092/2838/2809 3827/3436/3387 3820/3435/3386
f 3827/3436/3387 3826/3452/3403 3791/3453/3404 3792/3434/3385
f 2094/3454/3405 2074/3414/3365 745/3420/3371 2095/3455/3406
f 3969/3456/3407 4025/3457/3408 4018/3458/3409 3968/3459/3410
f 12/479/479 151/151/151 148/147/147 149/146/146
f 2094/3454/3405 2093/2837/2808 584/2309/2297 1592/2259/2247
f 4757/3460/3411 4572/3461/3412 4570/3462/3413 4755/3463/3414
f 2096/3375/3327 2090/3445/3396 750/3451/3402 2095/3455/3406
f 2112/3464/3415 756/3465/3416 2100/3466/3417 2109/3467/3418
f 2098/3430/3381 2097/3377/3329 746/3167/3132 2080/3166/3131
f 2101/3468/3419 780/3469/3420 2248/3470/3421 2247/3471/3422
f 2512/3472/3423 2510/3473/3424 2508/3474/3425 907/3475/3426
f 2101/3468/3419 779/3476/3427 2100/3466/3417 2099/3477/3428
f 2103/3478/3429 753/3479/3430 2102/3480/3431 2099/3477/3428
f 4884/3481/3432 2274/3482/3433 2272/3483/3434 4883/3484/3435
f 2102/3480/3431 753/3479/3430 2503/3485/3436 2500/3486/3437
f 4868/3487/3438 4777/3488/3439 4770/3489/3440 4867/3490/3441
f 800/3491/3442 2106/3492/3443 2104/3493/3444 2107/3494/3445
f 2104/3493/3444 4867/3490/3441 4869/3495/3446 2108/2284/2272
f 754/2283/2271 2107/3494/3445 2104/3493/3444 2108/2284/2272
f 1004/3496/3447 2835/3497/3448 2833/3498/3449 2812/3499/3450
f 2110/3423/3374 2109/3467/3418 2111/3500/3451 782/3424/3375
f 2109/3467/3418 2100/3466/3417 779/3476/3427 2111/3500/3451
f 48/408/408 239/423/423 286/558/558 271/525/525
f 2114/3501/3452 2113/3422/3373 2115/3421/3372 784/3502/3453
f 4452/3503/3454 4442/2211/2199 4466/2210/2198 4476/3504/3455
f 764/3505/3456 2124/3506/3457 2121/3507/3458 2122/3508/3459
f 2113/3422/3373 2116/3509/3460 767/3510/3461 2110/3423/3374
f 4238/3511/3462 4237/3367/3319 4209/2628/2599 4199/2627/2598
f 2119/3512/3463 786/3513/3464 2118/3514/3465 2117/3515/3466
f 2120/3516/3467 766/3517/3468 2114/3501/3452 2117/3515/3466
f 2117/3515/3466 2114/3501/3452 784/3502/3453 2119/3512/3463
f 2118/3514/3465 765/3518/3469 2120/3516/3467 2117/3515/3466
f 2122/3508/3459 2121/3507/3458 2123/3519/3470 788/3520/3471
f 2620/3521/3472 2619/3522/3473 762/3523/3474 2136/3524/3475
f 2384/385/385 2365/384/384 843/3525/3476 2382/3526/3477
f 2662/3527/3478 965/3528/3479 2664/3529/3480 2663/3530/3481
f 2121/3507/3458 2124/3506/3457 765/3518/3469 2118/3514/3465
f 4693/3531/3482 32/3532/3483 177/3533/3484 4701/239/239
f 2126/3534/3485 2125/3535/3486 2127/3536/3487 790/3537/3488
f 2619/3522/3473 2620/3521/3472 2621/3538/3489 964/3539/3490
f 2127/3536/3487 2125/3535/3486 2122/3508/3459 788/3520/3471
f 2625/3540/3491 968/1715/1706 2624/3541/3492 2623/3542/3493
f 1514/1536/1527 553/2121/2109 1517/2124/2112 1516/1537/1528
f 762/3523/3474 2132/3543/3494 2129/3544/3495 2130/3545/3496
f 2126/3534/3485 763/3546/3497 2128/3547/3498 2125/3535/3486
f 2130/3545/3496 2129/3544/3495 2131/3548/3499 792/3549/3500
f 2423/3550/3501 863/3551/3502 2218/3552/3503 2440/3553/3504
f 3781/2292/2280 3611/3554/3505 3608/3555/3506 3780/2278/2266
f 6488/3556/1140 5522/3557/3507 5513/3558/3508 6479/3559/3509
f 763/3546/3497 2126/3534/3485 2129/3544/3495 2132/3543/3494
f 855/3560/3510 2417/3561/3511 2419/3562/3512 2400/3563/3513
f 2133/3564/3514 2135/3565/3515 794/3566/3516 2134/3567/3517
f 2136/3524/3475 761/3568/3518 2622/3569/3519 2620/3521/3472
f 2133/3564/3514 2130/3545/3496 792/3549/3500 2135/3565/3515
f 796/3570/3520 2439/3571/3521 2459/3572/3522 2143/3573/3523
f 6292/3574/3524 3558/3575/3525 3628/3576/3526 6400/3577/3172
f 2139/3578/3527 2137/3579/3528 2134/3567/3517 794/3566/3516
f 2133/3564/3514 2134/3567/3517 761/3568/3518 2136/3524/3475
f 2138/3580/3529 2137/3579/3528 2139/3578/3527 796/3570/3520
f 5299/3581/3530 5297/3343/3296 5225/3342/3295 5227/3582/3531
f 2623/3542/3493 2140/3583/3532 760/3584/3533 2625/3540/3491
f 69/4/4 5973/26/26 5974/25/25 110/1/1
f 2629/3585/3534 2630/3586/3535 970/3587/3536 2628/3588/3537
f 2142/3589/3538 2141/3590/3539 2143/3573/3523 798/3591/3540
f 6240/3592/3541 6283/3593/3542 6220/3594/3543 6176/3595/3544
f 2143/3573/3523 2141/3590/3539 2138/3580/3529 796/3570/3520
f 2197/3596/3545 802/3597/3546 2195/3598/3547 2196/3599/3548
f 2145/3600/3549 2146/3601/3550 800/3491/3442 2107/3494/3445
f 2156/3602/3551 2158/3603/3552 777/3604/3553 2149/1022/1020
f 759/3605/3554 2142/3589/3538 2145/3600/3549 2147/3606/3555
f 972/3607/3556 2600/3608/3557 2757/3609/3558 2759/3610/3559
f 6236/1024/1022 6172/3611/3560 6173/721/721 6237/720/720
f 5993/3612/3561 5980/3613/3562 751/2421/2409 1637/2420/2408
f 2148/1023/1021 2151/3614/3563 778/3615/3564 2150/3616/3565
f 2151/3614/3563 777/3604/3553 2188/3617/3566 2185/3618/3567
f 6310/3619/3568 5666/3620/3569 5664/2214/2202 6308/3621/3570
f 6245/3622/3571 6244/3623/3572 6180/3624/3573 6181/3625/3574
f 2148/1023/1021 2149/1022/1020 777/3604/3553 2151/3614/3563
f 6024/3626/3575 6025/3627/3576 4853/3628/3577 4792/3629/3578
f 2187/3630/3579 2185/3618/3567 2188/3617/3566 809/3631/3580
f 2152/3415/3366 2154/3632/3581 6241/3633/3582 6239/3416/3367
f 797/3074/3039 2154/3632/3581 2152/3415/3366 2155/3634/3583
f 4870/3418/3369 4802/3635/3584 4805/3636/3585 4871/3637/3586
f 6242/719/719 6243/3638/3587 2157/3639/3588 2156/3602/3551
f 4885/3640/3589 4760/3641/3590 4825/3642/3591 4886/3643/3592
f 758/3644/3593 1650/3645/3594 5996/3646/3595 5983/3647/3596
f 5996/3646/3595 1650/3645/3594 768/2490/2474 5984/3648/3597
f 2161/3649/3598 776/3650/3599 2157/3639/3588 2159/3651/3600
f 2159/3651/3600 2157/3639/3588 6243/3638/3587 6244/3623/3572
f 6181/3625/3574 5984/3648/3597 5997/3652/3601 6182/1970/1961
f 2160/3653/3602 781/3654/3603 2161/3649/3598 2159/3651/3600
f 5997/3652/3601 5985/3655/3604 6183/769/767 6182/1970/1961
f 2162/3656/3605 2164/3657/3606 781/3654/3603 2160/3653/3602
f 1350/1642/1633 1356/1645/1636 1337/1610/1601 479/1605/1596
f 2164/3657/3606 2162/3656/3605 2163/3658/3607 783/3659/3608
f 440/996/994 1108/994/992 1422/1848/1839 1423/1852/1843
f 6251/3660/3609 6250/3661/3610 6186/3662/3611 6187/3663/3612
f 2165/3664/3613 6248/767/765 6249/3665/3614 2166/3666/3615
f 5998/3667/3616 5985/3655/3604 769/2512/2492 1658/2505/2486
f 5834/3668/3617 5833/3669/3618 2660/3670/3619 2662/3527/3478
f 2163/3658/3607 2165/3664/3613 2167/3671/3620 783/3659/3608
f 2166/3666/3615 785/3672/3621 2167/3671/3620 2165/3664/3613
f 6510/2528/2493 1662/3673/3622 770/2508/2488 5883/2529/2487
f 6187/3663/3612 6186/3662/3611 5999/3674/3623 5987/3675/3624
f 4798/3676/3625 4842/1421/1412 4841/1416/1407 4801/1395/1386
f 2205/3677/3626 2204/3678/3627 785/3672/3621 2170/3679/3628
f 5986/3680/3629 770/2508/2488 1662/3673/3622 5999/3674/3623
f 2170/3679/3628 785/3672/3621 2166/3666/3615 2168/3681/3630
f 6131/2594/2565 6130/3203/3166 1679/2588/2560 1680/2587/2559
f 1670/2551/2528 6001/2663/2634 5988/2662/2633 772/2552/2529
f 2168/3681/3630 2169/3682/3631 787/3683/3632 2170/3679/3628
f 6252/3684/3633 2171/3685/3634 2169/3682/3631 6251/3660/3609
f 6000/3686/3635 1666/3687/3636 772/2552/2529 5988/2662/2633
f 2169/3682/3631 2171/3685/3634 2173/3688/3637 787/3683/3632
f 789/3689/3638 2173/3688/3637 2171/3685/3634 2172/3690/3639
f 1674/2562/2537 6002/3691/3640 5989/3692/3641 773/2559/2535
f 1670/2551/2528 773/2559/2535 5989/3692/3641 6001/2663/2634
f 6064/3693/3642 5936/2563/2538 5935/2376/2364 6063/2375/2363
f 2520/2928/2896 2522/2927/2895 2223/3694/3643 821/231/231
f 6480/3695/3644 5612/1202/1195 5524/1201/1194 5487/3696/3136
f 2176/3697/3645 789/3689/3638 2172/3690/3639 2174/3698/3646
f 1057/3699/3647 984/3700/3648 3138/3701/3649 890/3702/3650
f 2174/3698/3646 2175/1775/1766 791/3703/3651 2176/3697/3645
f 2471/3704/3652 2470/1740/1731 882/3705/3653 2271/3706/3654
f 2178/3707/3655 2177/1774/1765 6256/1773/1764 6257/3708/3656
f 791/3703/3651 2175/1775/1766 2177/1774/1765 2179/3709/3657
f 4141/1159/1153 4140/116/116 4108/113/113 4109/112/112
f 2178/3707/3655 793/3710/3658 2179/3709/3657 2177/1774/1765
f 6195/3711/3659 6194/3712/3660 6003/3713/3661 5991/3714/3662
f 4869/3495/3446 4885/3640/3589 2598/2285/2273 2108/2284/2272
f 2594/3715/3663 2595/3107/3072 753/3479/3430 2103/3478/3429
f 6194/3712/3660 6193/3716/3664 5990/3717/3665 6003/3713/3661
f 2221/3718/3666 2220/3072/3037 2190/3075/3040 877/3719/3667
f 5982/3304/3259 5995/3303/3258 6178/718/718 6173/721/721
f 2181/3720/3668 795/2322/2310 2182/2321/2309 2180/3721/3669
f 6177/3722/3670 6196/3723/3671 6004/3724/3672 5981/3725/3673
f 5991/3714/3662 775/2570/2544 1682/2852/2823 6004/3724/3672
f 3023/3726/3674 3021/2194/2182 2999/2193/2181 587/3727/3675
f 2184/3073/3038 795/2322/2310 2181/3720/3668 2183/3728/3676
f 2228/313/313 2226/233/233 2229/3729/3677 811/314/314
f 6216/3730/3678 6217/3731/3679 6025/3627/3576 6024/3626/3575
f 2184/3073/3038 2183/3728/3676 2154/3632/3581 797/3074/3039
f 2186/3732/3680 2185/3618/3567 2187/3630/3579 822/3733/3681
f 4821/3734/3682 4878/3735/3683 4877/3736/3684 4807/3737/3685
f 4871/3637/3586 4805/3636/3585 4786/3738/3686 4872/3739/3687
f 5760/3740/3688 5571/3741/3689 5560/3742/3690 5759/3743/3691
f 2191/3744/3692 877/3719/3667 2190/3075/3040 2189/3745/3693
f 4873/3746/3694 4872/3739/3687 4786/3738/3686 4789/3182/3146
f 2155/3634/3583 2189/3745/3693 2190/3075/3040 797/3074/3039
f 832/573/573 2332/576/576 2330/774/772 2325/773/771
f 2193/3747/3695 2194/3748/3696 809/3631/3580 2188/3617/3566
f 2297/3749/3697 2279/3750/3698 802/3597/3546 2197/3596/3545
f 3163/3751/3699 59/3752/3700 3185/3753/3701 1485/3754/3702
f 2196/3599/3548 2198/3755/3703 801/484/484 2197/3596/3545
f 776/3650/3599 2161/3649/3598 2196/3599/3548 2195/3598/3547
f 2198/3755/3703 2196/3599/3548 2161/3649/3598 781/3654/3603
f 2211/3756/3704 2210/3757/3705 789/3689/3638 2176/3697/3645
f 5341/2064/2052 5413/3758/3706 5415/3759/3707 5343/2061/2049
f 5724/3760/3708 5737/3761/3709 5685/3762/3710 5669/3763/3711
f 2199/3764/3712 2201/3765/3713 828/3766/3714 2200/485/485
f 2198/3755/3703 781/3654/3603 2164/3657/3606 2199/3764/3712
f 2201/3765/3713 2199/3764/3712 2164/3657/3606 783/3659/3608
f 1610/2346/2334 1608/2343/2331 1085/934/932 410/944/942
f 2201/3765/3713 2202/3767/3715 2203/3768/3716 828/3766/3714
f 2364/3769/3717 2363/3770/3718 2365/384/384 844/383/383
f 2208/3771/3719 2209/3772/3720 842/3773/3721 2207/3774/3722
f 2205/3677/3626 2207/3774/3722 842/3773/3721 2206/3775/3723
f 2211/3756/3704 2212/3776/3724 849/3777/3725 2210/3757/3705
f 2207/3774/3722 2205/3677/3626 2170/3679/3628 787/3683/3632
f 4262/3778/3300 4257/2791/2762 4254/2790/2761 4265/3779/3204
f 2383/3780/3726 2381/3781/3727 2209/3772/3720 849/3777/3725
f 4256/3782/3728 3426/460/460 3884/459/459 4257/2791/2762
f 849/3777/3725 2209/3772/3720 2208/3771/3719 2210/3757/3705
f 2401/3783/3729 2383/3780/3726 849/3777/3725 2212/3776/3724
f 2210/3757/3705 2208/3771/3719 2173/3688/3637 789/3689/3638
f 6269/1974/1965 4133/596/596 121/61/61 6232/3784/3730
f 6311/3785/3731 6310/3619/3568 6321/3786/3732 6322/3787/3733
f 2213/3788/3734 2211/3756/3704 2176/3697/3645 791/3703/3651
f 2213/3788/3734 2214/3789/3735 2215/3790/3736 856/3791/3737
f 863/3551/3502 2215/3790/3736 2214/3789/3735 2216/3792/3738
f 2218/3552/3503 2217/2320/2308 2219/2319/2307 870/3793/3739
f 2217/2320/2308 2218/3552/3503 863/3551/3502 2216/3792/3738
f 1870/2995/2961 654/2994/2960 4331/3794/3740 4336/878/876
f 871/3795/3741 2462/3796/3742 2463/615/615 2445/3797/3743
f 2221/3718/3666 870/3793/3739 2219/2319/2307 2220/3072/3037
f 5965/3798/3744 6520/3799/3745 5905/3800/3746 5967/3801/3747
f 3915/3802/3748 3625/3803/3749 3626/3804/3750 3917/3805/3751
f 2223/3694/3643 822/3733/3681 2187/3630/3579 2222/3806/3752
f 3669/3807/3753 3671/3808/3754 3489/842/840 3491/845/843
f 2222/3806/3752 2224/232/232 821/231/231 2223/3694/3643
f 2222/3806/3752 2225/3809/3755 810/3810/3756 2224/232/232
f 809/3631/3580 2225/3809/3755 2222/3806/3752 2187/3630/3579
f 2527/3811/3757 905/3812/3758 2990/3813/3759 3012/3814/3760
f 3305/3144/3109 3142/3815/3761 3249/3816/3762 1056/3145/3110
f 2227/234/234 2226/233/233 2228/313/313 820/3817/3763
f 1462/1966/1957 534/1606/1597 1331/1608/1599 1461/1963/1954
f 2280/3818/3764 2229/3729/3677 810/3810/3756 2278/3819/3765
f 2230/316/316 2232/2581/2555 818/3820/3766 2231/3821/3767
f 2301/241/241 2303/3822/3768 2285/3823/3769 804/3824/3770
f 1579/2272/2260 1578/2277/2265 1576/2267/2255 579/2266/2254
f 3832/3825/3771 3831/3826/3772 2286/3827/3773 2287/2799/2770
f 2230/316/316 2233/315/315 813/2582/2556 2232/2581/2555
f 2236/3828/3774 2234/3829/3775 2237/309/309 931/312/312
f 2235/3830/3776 2234/3829/3775 2236/3828/3774 909/3831/3777
f 2467/3832/3778 2238/3833/3779 873/3834/3780 2392/3835/3781
f 2430/3836/3782 2391/3837/3783 873/3834/3780 2235/3830/3776
f 2510/3473/3424 2240/3838/3784 817/292/292 2508/3474/3425
f 2235/3830/3776 873/3834/3780 2238/3833/3779 2234/3829/3775
f 2239/2580/2554 2241/293/293 817/292/292 2240/3838/3784
f 2507/3839/3785 2508/3474/3425 817/292/292 2244/291/291
f 2242/2579/2553 814/3840/3786 2241/293/293 2239/2580/2554
f 2246/3841/3787 815/1918/1909 2245/3842/3788 2243/294/294
f 2299/483/483 2297/3749/3697 2197/3596/3545 801/484/484
f 2244/291/291 2243/294/294 2245/3842/3788 816/3843/3789
f 3937/2083/2071 3558/3575/3525 3554/3844/3790 3936/2084/2072
f 2243/294/294 2241/293/293 814/3840/3786 2246/3841/3787
f 4627/3845/3791 4625/3846/3792 4579/3847/3793 4581/3848/3794
f 2245/3842/3788 2247/3471/3422 2248/3470/3421 816/3843/3789
f 6518/3849/3795 5901/3850/1311 4921/3851/3796 4792/3629/3578
f 2600/3608/3557 4886/3643/3592 4901/3852/3797 2757/3609/3558
f 4881/262/262 2268/261/261 2266/3853/3798 4880/3854/3799
f 2249/1917/1908 2247/3471/3422 2245/3842/3788 815/1918/1909
f 2251/3855/3800 2250/3856/3801 2252/3857/3802 878/3858/3803
f 2882/3859/3804 2696/3860/3805 1020/3861/3806 2863/3862/3807
f 2266/3853/3798 2267/2140/2128 881/2139/2127 2260/3863/3808
f 2252/3857/3802 2250/3856/3801 4874/379/379 4875/378/378
f 2191/3744/3692 4873/3746/3694 4874/379/379 2250/3856/3801
f 206/335/335 153/154/154 14/118/118 141/102/102
f 2254/3864/3809 4876/3865/3810 4877/3736/3684 2256/2247/2235
f 2255/616/616 2254/3864/3809 2256/2247/2235 879/617/617
f 4877/3736/3684 4876/3865/3810 4826/3866/3811 4807/3737/3685
f 1051/2706/2677 3093/2705/2676 129/3867/3812 971/3868/3813
f 2259/2249/2237 881/2139/2127 2466/2138/2126 2465/3869/3814
f 2252/3857/3802 2254/3864/3809 2255/616/616 878/3858/3803
f 2260/3863/3808 881/2139/2127 2259/2249/2237 2258/2248/2236
f 3422/3870/3815 3421/2868/2837 3913/3871/3816 3914/3872/3817
f 2258/2248/2236 4878/3735/3683 4879/3873/3818 2260/3863/3808
f 1522/2051/2041 1523/727/727 548/726/726 1499/2079/2067
f 2262/3874/3819 2264/2848/2819 819/3875/3820 2263/3876/3821
f 3830/3877/3822 3828/3878/3823 3793/3879/3824 3795/3880/3825
f 2262/3874/3819 2265/3881/3826 805/2849/2820 2264/2848/2819
f 3584/3882/3827 3795/3880/3825 3793/3879/3824 3476/3883/3828
f 231/406/406 4151/3419/3370 4153/3390/3341 234/472/472
f 2263/3876/3821 3829/3884/3829 3828/3878/3823 2262/3874/3819
f 2267/2140/2128 2266/3853/3798 2268/261/261 882/3705/3653
f 4883/3484/3435 4774/3885/3830 4778/3886/3831 4884/3481/3432
f 4881/262/262 4880/3854/3799 4819/353/353 4823/352/352
f 4880/3854/3799 2266/3853/3798 2260/3863/3808 4879/3873/3818
f 2471/3704/3652 2271/3706/3654 883/3887/3832 2472/3888/3833
f 2272/3483/3434 883/3887/3832 2271/3706/3654 2270/260/260
f 4496/568/568 4491/870/868 4698/277/277 4703/274/274
f 4883/3484/3435 4882/263/263 4822/3889/3834 4774/3885/3830
f 2979/3890/3835 2981/3891/3836 3975/3892/3837 3974/3893/3838
f 4882/263/263 4881/262/262 4823/352/352 4822/3889/3834
f 6372/3217/3180 6390/3894/3839 6517/3895/3840 5891/3896/3841
f 2275/3897/3842 2274/3482/3433 2106/3492/3443 800/3491/3442
f 2325/773/771 2324/3898/3843 2326/3899/3844 832/573/573
f 349/169/169 340/723/723 20/490/490 264/171/171
f 2921/3900/3845 2702/3901/3846 1034/3902/3847 2903/3903/3848
f 2225/3809/3755 2277/3904/3849 2278/3819/3765 810/3810/3756
f 2278/3819/3765 803/3905/3850 2282/3906/3851 2280/3818/3764
f 803/3905/3850 2278/3819/3765 2277/3904/3849 2279/3750/3698
f 2279/3750/3698 2277/3904/3849 2194/3748/3696 802/3597/3546
f 3286/3907/3852 3284/3135/3100 3115/3136/3101 3289/3908/3853
f 2282/3906/3851 804/3824/3770 2281/3909/3854 2280/3818/3764
f 2281/3909/3854 2283/3910/3855 2233/315/315 811/314/314
f 2827/3911/3856 2825/3912/3857 2807/3913/3858 1003/3914/3859
f 2233/315/315 2283/3910/3855 2284/3915/3860 813/2582/2556
f 3461/3916/3861 3459/3917/3862 3725/3918/3863 6468/3919/3864
f 1955/1041/1039 684/3133/3098 1937/3138/3103 1956/1038/1036
f 2283/3910/3855 2281/3909/3854 804/3824/3770 2285/3823/3769
f 3682/3363/3316 3681/3920/3865 3683/3921/3866 6379/3364/1098
f 154/161/161 362/375/375 149/146/146 16/144/144
f 831/2796/2767 2287/2799/2770 2286/3827/3773 2288/3922/3867
f 3878/3923/3868 3880/3924/3869 3388/3925/3870 3386/3926/3871
f 3831/3826/3772 3829/3884/3829 2263/3876/3821 2286/3827/3773
f 813/2582/2556 2284/3915/3860 2289/3927/3872 2242/2579/2553
f 3796/3928/3873 3797/3929/3874 3459/3917/3862 3461/3916/3861
f 2333/3930/3875 2334/3931/3876 827/3932/3877 2315/3933/3878
f 2242/2579/2553 2289/3927/3872 2290/3934/3879 814/3840/3786
f 4155/520/520 4154/3935/3880 4122/457/457 4123/456/456
f 2293/1915/1906 2292/3936/3881 2294/2533/2510 808/751/749
f 283/439/439 246/442/442 49/445/445 284/440/440
f 6008/3937/3882 6440/3938/3883 6420/3939/3884 3509/3940/3885
f 2246/3841/3787 2292/3936/3881 2293/1915/1906 815/1918/1909
f 2292/3936/3881 2290/3934/3879 807/2530/2507 2294/2533/2510
f 779/3476/3427 2249/1917/1908 2295/1916/1907 2111/3500/3451
f 2295/1916/1907 2293/1915/1906 808/751/749 2296/754/752
f 2297/3749/3697 2298/3941/3886 803/3905/3850 2279/3750/3698
f 4305/3387/3338 4304/3389/3340 3785/3396/3347 3821/3395/3346
f 79/392/392 364/786/784 363/762/760 359/57/57
f 2282/3906/3851 2300/242/242 2301/241/241 804/3824/3770
f 2300/242/242 2298/3941/3886 823/3942/3887 2302/243/243
f 2304/3943/3888 806/3944/3889 2285/3823/3769 2303/3822/3768
f 2310/3945/3890 2304/3943/3888 825/772/770 2312/771/769
f 2340/3333/3286 2338/3946/3891 2203/3768/3716 835/3947/3892
f 2303/3822/3768 2305/3948/3893 825/772/770 2304/3943/3888
f 2303/3822/3768 2301/241/241 824/244/244 2305/3948/3893
f 298/591/591 295/376/376 221/377/377 19/386/386
f 2306/2847/2818 2307/3949/3894 819/3875/3820 2264/2848/2819
f 4372/693/693 4395/626/626 4407/624/624 4383/252/252
f 2309/363/363 929/362/362 2308/3950/3895 2306/2847/2818
f 4288/517/517 268/488/488 266/487/487 4157/518/518
f 2291/3951/3896 2310/3945/3890 2311/2531/2508 807/2530/2507
f 2123/3519/3470 2358/3952/3897 2359/3953/3898 788/3520/3471
f 2310/3945/3890 2312/771/769 826/778/776 2311/2531/2508
f 2314/752/750 2313/2532/2509 2315/3933/3878 827/3932/3877
f 2333/3930/3875 2315/3933/3878 826/778/776 2331/777/775
f 2294/2533/2510 2313/2532/2509 2314/752/750 808/751/749
f 2296/754/752 2316/753/751 2115/3421/3372 782/3424/3375
f 2316/753/751 2314/752/750 827/3932/3877 2317/3954/3899
f 5482/3955/1139 6489/3956/1160 5616/3957/3900 5611/3958/3901
f 5196/3959/3902 5194/3960/3903 5266/3961/3904 5268/3962/3905
f 2319/3963/3906 823/3942/3887 2299/483/483 2318/486/486
f 1788/2850/2821 1789/2851/2822 625/2829/2800 1784/2828/2799
f 2320/3964/3907 829/3965/3908 2319/3963/3906 2318/486/486
f 6352/3966/206 6353/3967/2 110/1/1 23/207/207
f 2318/486/486 2200/485/485 828/3766/3714 2320/3964/3907
f 6254/3968/3909 6253/3969/3910 6189/2661/2632 6190/2664/2635
f 2281/3909/3854 811/314/314 2229/3729/3677 2280/3818/3764
f 2302/243/243 2321/3970/3911 2322/3971/3912 824/244/244
f 1070/899/897 1068/898/896 1071/1533/1524 424/1384/1375
f 6362/3972/3913 6361/3973/3914 3646/3974/3915 3647/3975/3916
f 2344/3976/3917 2326/3899/3844 830/3977/3918 2342/3978/3919
f 261/482/482 27/394/394 360/393/393 361/480/480
f 2324/3898/3843 2322/3971/3912 830/3977/3918 2326/3899/3844
f 2770/2797/2768 2809/3979/3920 2791/3980/3921 991/3981/3922
f 2358/3952/3897 2356/3982/3923 841/3983/3924 2359/3953/3898
f 2327/3984/3925 2307/3949/3894 927/3985/3926 2329/3986/3927
f 2331/777/775 833/1452/1443 2335/1451/1442 2333/3930/3875
f 6515/3281/3238 1993/2408/2396 4085/2407/2395 5893/3282/3239
f 2330/774/772 2332/576/576 833/1452/1443 2331/777/775
f 343/590/590 316/589/589 6105/639/639 6106/3987/3928
f 2335/1451/1442 834/3988/3929 2334/3931/3876 2333/3930/3875
f 2206/3775/3723 2360/3334/3287 2340/3333/3286 835/3947/3892
f 4725/3989/3930 4748/3990/3931 4750/3991/3932 4727/3992/3933
f 2119/3512/3463 784/3502/3453 2317/3954/3899 2336/3993/3934
f 2336/3993/3934 2337/3994/3935 786/3513/3464 2119/3512/3463
f 834/3988/3929 2337/3994/3935 2336/3993/3934 2334/3931/3876
f 4571/3995/3936 4569/3996/3937 4615/3997/3938 4617/3998/3939
f 2320/3964/3907 2338/3946/3891 2339/3999/3940 829/3965/3908
f 836/3332/3285 2339/3999/3940 2338/3946/3891 2340/3333/3286
f 4504/869/867 4490/712/712 4697/532/532 4711/871/869
f 2323/4000/3941 2341/4001/3942 2342/3978/3919 830/3977/3918
f 305/606/606 303/430/430 293/429/429 56/787/785
f 2341/4001/3942 2343/4002/3943 837/4003/3944 2342/3978/3919
f 2323/4000/3941 829/3965/3908 2339/3999/3940 2341/4001/3942
f 2343/4002/3943 2341/4001/3942 2339/3999/3940 836/3332/3285
f 2326/3899/3844 2344/3976/3917 2345/574/574 832/573/573
f 2346/4004/3945 839/4005/3946 2345/574/574 2344/3976/3917
f 2368/888/886 2366/4006/3947 2364/3769/3717 844/383/383
f 2375/4007/3948 2373/4008/3949 2367/4009/3950 846/4010/3951
f 2350/4011/3952 2347/837/835 2351/840/838 852/4012/3953
f 2347/837/835 2349/3335/3288 891/3338/3291 2348/838/836
f 2478/4013/3954 892/839/837 2348/838/836 2477/4014/3955
f 6162/24/24 6163/23/23 6227/4015/3956 6226/32/32
f 2390/4016/3957 2350/4011/3952 852/4012/3953 2392/3835/3781
f 2352/575/575 2353/1453/1444 833/1452/1443 2332/576/576
f 2354/4017/3958 840/4018/3959 2353/1453/1444 2352/575/575
f 788/3520/3471 2359/3953/3898 2379/4019/3960 2127/3536/3487
f 2352/575/575 2345/574/574 839/4005/3946 2354/4017/3958
f 842/3773/3721 2209/3772/3720 2381/3781/3727 2362/4020/3961
f 2356/3982/3923 834/3988/3929 2335/1451/1442 2355/1454/1445
f 2357/4021/3962 841/3983/3924 2356/3982/3923 2355/1454/1445
f 2357/4021/3962 2355/1454/1445 2353/1453/1444 840/4018/3959
f 2123/3519/3470 786/3513/3464 2337/3994/3935 2358/3952/3897
f 2421/4022/3963 2422/679/679 857/678/678 2403/4023/3964
f 6391/2412/2400 6373/3220/3183 6137/646/646 6138/2413/2401
f 2362/4020/3961 843/3525/3476 2361/3331/3284 2360/3334/3287
f 842/3773/3721 2362/4020/3961 2360/3334/3287 2206/3775/3723
f 2343/4002/3943 2363/3770/3718 2364/3769/3717 837/4003/3944
f 4183/4024/3965 4175/4025/3966 1553/2198/2186 3812/2221/2209
f 2365/384/384 2363/3770/3718 2361/3331/3284 843/3525/3476
f 6227/4015/3956 6235/748/746 346/747/745 116/17/17
f 2367/4009/3950 839/4005/3946 2346/4004/3945 2366/4006/3947
f 2374/4026/3967 2373/4008/3949 2375/4007/3948 847/4027/3968
f 2371/4028/3969 2369/4029/3970 2372/4030/3971 845/4031/3972
f 4332/881/879 675/4032/3973 1870/4033/2961 4336/878/876
f 2370/4034/3974 2369/4029/3970 2371/4028/3969 866/4035/3975
f 2367/4009/3950 2373/4008/3949 2354/4017/3958 839/4005/3946
f 4269/4036/3976 4274/879/877 4336/878/876 4331/3794/3740
f 2374/4026/3967 840/4018/3959 2354/4017/3958 2373/4008/3949
f 2456/4037/3977 2437/4038/3978 868/4039/3979 2454/4040/3980
f 2376/4041/3981 2377/4042/3982 841/3983/3924 2357/4021/3962
f 2212/3776/3724 2211/3756/3704 2213/3788/3734 856/3791/3737
f 2378/4043/3983 848/1211/1204 2377/4042/3982 2376/4041/3981
f 2378/4043/3983 2376/4041/3981 2374/4026/3967 847/4027/3968
f 2127/3536/3487 2379/4019/3960 2380/1214/1207 790/3537/3488
f 2379/4019/3960 2377/4042/3982 848/1211/1204 2380/1214/1207
f 4231/4044/3984 1555/4045/2211 3814/4046/3985 4247/4047/3986
f 2382/3526/3477 843/3525/3476 2362/4020/3961 2381/3781/3727
f 1495/2025/2016 547/2078/2066 1521/2134/2122 1518/2022/2013
f 850/4048/3987 2382/3526/3477 2381/3781/3727 2383/3780/3726
f 2390/4016/3957 2371/4028/3969 845/4031/3972 2350/4011/3952
f 6039/4049/3988 6080/1267/1258 6145/4050/3989 6102/548/548
f 2430/3836/3782 2412/4051/3990 866/4035/3975 2391/3837/3783
f 2407/1167/1161 2408/4052/3991 853/4053/3992 2389/1168/1162
f 851/1169/1163 2385/382/382 2384/385/385 2386/4054/3993
f 2215/3790/3736 2421/4022/3963 2403/4023/3964 856/3791/3737
f 2388/4055/3994 2387/887/885 2389/1168/1162 853/4053/3992
f 2535/4056/3995 916/4057/3996 2542/4058/3997 2540/4059/3998
f 4423/4060/3999 3173/4061/4000 3322/4062/4001 4424/4063/4002
f 2368/888/886 2387/887/885 2388/4055/3994 846/4010/3951
f 2446/4064/4003 2447/4065/4004 867/4066/4005 2429/4067/4006
f 2389/1168/1162 2387/887/885 2385/382/382 851/1169/1163
f 358/56/56 327/59/59 21/190/190 360/393/393
f 2390/4016/3957 2392/3835/3781 873/3834/3780 2391/3837/3783
f 853/4053/3992 2395/4068/4007 2393/4069/4008 2388/4055/3994
f 4088/4070/4009 2477/4014/3955 2476/4071/4010 4087/4072/4011
f 1296/1341/1332 1298/1340/1331 1278/1496/1487 451/1495/1486
f 2393/4069/4008 2394/4073/4012 847/4027/3968 2375/4007/3948
f 6302/889/887 5490/892/890 5530/4074/4013 5542/4075/4014
f 2393/4069/4008 2395/4068/4007 854/766/764 2394/4073/4012
f 6489/1166/1160 5483/1165/1159 5514/1162/1156 5616/3957/3900
f 2378/4043/3983 2396/4076/4015 2397/1212/1205 848/1211/1204
f 3897/2741/2712 3439/4077/4016 3437/2018/2009 3895/1829/1820
f 2396/4076/4015 2398/765/763 855/3560/3510 2397/1212/1205
f 2396/4076/4015 2394/4073/4012 854/766/764 2398/765/763
f 3375/4078/4017 3409/4079/4018 3407/4080/4019 3373/4081/4020
f 2399/1213/1206 2131/3548/3499 790/3537/3488 2380/1214/1207
f 2399/1213/1206 2397/1212/1205 855/3560/3510 2400/3563/3513
f 2401/3783/3729 2402/4082/4021 850/4048/3987 2383/3780/3726
f 1875/3003/2969 1874/100/100 1876/99/99 663/3015/2981
f 2424/680/680 2425/4083/4022 858/4084/4023 2406/677/677
f 2401/3783/3729 2403/4023/3964 857/678/678 2402/4082/4021
f 2386/4054/3993 2404/4085/4024 2405/1170/1164 851/1169/1163
f 2406/677/677 858/4084/4023 2405/1170/1164 2404/4085/4024
f 4678/4086/4025 4681/2948/2914 3173/4061/4000 3237/4087/4026
f 341/736/736 312/629/629 4489/628/628 4502/738/738
f 2446/4064/4003 2429/4067/4006 865/876/874 2444/875/873
f 2407/1167/1161 2409/4088/4027 860/4089/4028 2408/4052/3991
f 872/4090/4029 2464/614/614 2465/3869/3814 2448/4091/4030
f 4332/881/879 4337/3412/3363 6449/4092/4031 675/4093/3973
f 2146/3601/3550 2473/4094/4032 2275/3897/3842 800/3491/3442
f 6449/4095/4031 4337/3412/3363 4333/3411/3362 696/4096/3282
f 2411/2098/2086 2410/2097/2085 2412/4051/3990 886/4097/4033
f 4275/2096/2084 4270/880/878 2370/4034/3974 2410/2097/2085
f 2395/4068/4007 2413/779/777 2414/763/761 854/766/764
f 2417/3561/3511 855/3560/3510 2398/765/763 2416/764/762
f 862/4098/4034 2417/3561/3511 2416/764/762 2418/4099/4035
f 796/3570/3520 2139/3578/3527 2438/4100/4036 2439/3571/3521
f 861/781/779 2418/4099/4035 2416/764/762 2414/763/761
f 3350/4101/4037 3349/4102/4038 3293/4103/4039 3149/4104/4040
f 2419/3562/3512 2135/3565/3515 792/3549/3500 2400/3563/3513
f 2419/3562/3512 2420/4105/4041 794/3566/3516 2135/3565/3515
f 2425/4083/4022 2427/4106/4042 2409/4088/4027 858/4084/4023
f 2420/4105/4041 2419/3562/3512 2417/3561/3511 862/4098/4034
f 1322/1590/1581 1324/1595/1586 1305/1555/1546 470/1556/1547
f 2428/4107/4043 867/4066/4005 2434/4108/4044 2432/4109/4045
f 2423/3550/3501 2421/4022/3963 2215/3790/3736 863/3551/3502
f 6504/2583/2539 5937/4110/4046 5938/2576/2550 5888/2584/2546
f 865/876/874 2425/4083/4022 2424/680/680 2426/877/875
f 2456/4037/3977 2457/4111/4047 869/4112/4048 2437/4038/3978
f 2424/680/680 2422/679/679 864/4113/4049 2426/877/875
f 2409/4088/4027 2427/4106/4042 2428/4107/4043 860/4089/4028
f 2429/4067/4006 2427/4106/4042 2425/4083/4022 865/876/874
f 2431/4114/4050 886/4097/4033 2412/4051/3990 2430/3836/3782
f 2430/3836/3782 2235/3830/3776 909/3831/3777 2431/4114/4050
f 5742/1818/1809 5741/4115/4051 5689/4116/4052 5690/4117/4053
f 2433/4118/4054 861/781/779 2415/780/778 2432/4109/4045
f 2434/4108/4044 868/4039/3979 2433/4118/4054 2432/4109/4045
f 2418/4099/4035 2435/4119/4055 2436/4120/4056 862/4098/4034
f 2437/4038/3978 2435/4119/4055 2433/4118/4054 868/4039/3979
f 2436/4120/4056 2438/4100/4036 2420/4105/4041 862/4098/4034
f 2439/3571/3521 2438/4100/4036 2436/4120/4056 869/4112/4048
f 2441/4121/4057 864/4113/4049 2423/3550/3501 2440/3553/3504
f 2442/4122/4058 871/3795/3741 2441/4121/4057 2440/3553/3504
f 2445/3797/3743 872/4090/4029 2444/875/873 2443/874/872
f 2440/3553/3504 2218/3552/3503 870/3793/3739 2442/4122/4058
f 2450/4123/4059 2449/4124/4060 2451/4125/4061 934/4126/4062
f 2443/874/872 2441/4121/4057 871/3795/3741 2445/3797/3743
f 190/707/707 32/3532/3483 4693/3531/3482 4704/705/705
f 2446/4064/4003 2448/4091/4030 874/4127/4063 2447/4065/4004
f 2251/3855/3800 2461/4128/4064 2221/3718/3666 877/3719/3667
f 2448/4091/4030 2446/4064/4003 2444/875/873 872/4090/4029
f 5204/4129/4065 5276/4130/4066 5278/4131/4067 5206/4132/4068
f 2472/3888/3833 2473/4094/4032 2460/4133/4069 876/4134/4070
f 2403/4023/3964 2401/3783/3729 2212/3776/3724 856/3791/3737
f 2449/4124/4060 2450/4123/4059 852/4012/3953 2351/840/838
f 2478/4013/3954 2479/4135/4071 2452/4136/4072 892/839/837
f 4368/249/249 4383/252/252 4407/624/624 4391/625/625
f 4707/631/631 313/4137/4073 68/4138/4074 4696/632/632
f 80/388/388 226/387/387 370/398/398 247/444/444
f 868/4039/3979 2434/4108/4044 2453/4139/4075 2454/4040/3980
f 4346/4140/4076 4343/4141/4077 4281/4142/4078 4285/4143/4079
f 2453/4139/4075 2455/1742/1733 875/1741/1732 2454/4040/3980
f 2453/4139/4075 2447/4065/4004 874/4127/4063 2455/1742/1733
f 6347/49/49 4700/48/48 90/834/832 6339/4144/4080
f 2221/3718/3666 2461/4128/4064 2442/4122/4058 870/3793/3739
f 876/4134/4070 2457/4111/4047 2456/4037/3977 2458/4145/4081
f 875/1741/1732 2458/4145/4081 2456/4037/3977 2454/4040/3980
f 2193/3747/3695 2188/3617/3566 777/3604/3553 2158/3603/3552
f 2143/3573/3523 2459/3572/3522 2460/4133/4069 798/3591/3540
f 2459/3572/3522 2457/4111/4047 876/4134/4070 2460/4133/4069
f 6467/4146/4082 3729/4147/4083 3722/4148/4084 3723/4149/4085
f 280/715/715 333/265/265 4384/264/264 4371/717/717
f 2442/4122/4058 2461/4128/4064 2462/3796/3742 871/3795/3741
f 2482/4150/4086 2481/4151/4087 2483/4152/4088 896/4153/4089
f 4722/4154/4090 4745/4155/4091 4743/4156/4092 4720/4157/4093
f 2461/4128/4064 2251/3855/3800 878/3858/3803 2462/3796/3742
f 2104/3493/3444 2106/3492/3443 4868/3487/3438 4867/3490/3441
f 2445/3797/3743 2463/615/615 2464/614/614 872/4090/4029
f 6039/4049/3988 6102/548/548 6143/547/547 6078/4158/4094
f 2465/3869/3814 2466/2138/2126 874/4127/4063 2448/4091/4030
f 5260/4159/4095 5258/4160/4096 5330/4161/4097 5332/4162/4098
f 2467/3832/3778 2468/4163/4099 933/4164/4100 2238/3833/3779
f 2467/3832/3778 2450/4123/4059 934/4126/4062 2468/4163/4099
f 1846/2652/2623 1844/2651/2622 1824/2925/2893 648/2934/2902
f 2065/3403/3354 2049/2190/2178 731/2132/2120 2067/3384/3335
f 2469/1739/1730 2267/2140/2128 882/3705/3653 2470/1740/1731
f 2106/3492/3443 2274/3482/3433 4884/3481/3432 4868/3487/3438
f 4331/3794/3740 4339/4165/4101 4277/4166/4102 4269/4036/3976
f 2472/3888/3833 876/4134/4070 2458/4145/4081 2471/3704/3652
f 4087/4072/4011 4086/3225/3188 4054/4167/4103 4055/4168/4104
f 6535/4169/4105 6453/4170/4106 6452/4171/4107 6532/4172/4108
f 1851/1991/1982 704/1990/1981 1850/2962/2928 1847/2958/2924
f 2473/4094/4032 2146/3601/3550 798/3591/3540 2460/4133/4069
f 5085/4173/4109 5058/4174/4110 4986/3380/3332 5013/4175/4111
f 1974/4176/4112 4338/4177/4113 4334/4178/4114 703/4179/4115
f 2475/3337/3290 2474/3226/3189 2476/4071/4010 891/3338/3291
f 6452/4171/4107 6453/4170/4106 4055/4168/4104 4054/4167/4103
f 4054/4167/4103 4285/4143/4079 4281/4142/4078 6452/4171/4107
f 2484/655/655 2483/4152/4088 4093/4180/4116 4094/656/656
f 364/786/784 79/392/392 225/389/389 365/796/794
f 3943/4181/4117 3636/3057/3022 4202/4182/4118 4208/4183/4119
f 2255/616/616 2463/615/615 2462/3796/3742 878/3858/3803
f 4277/4166/4102 4272/4184/4120 2475/3337/3290 2495/3336/3289
f 6439/4185/4121 6438/4186/4122 6517/3895/3840 6390/3894/3839
f 4055/4168/4104 4056/4187/4123 4088/4070/4009 4087/4072/4011
f 4089/4188/4124 2478/4013/3954 2477/4014/3955 4088/4070/4009
f 6453/4170/4106 3475/4189/4125 4056/4187/4123 4055/4168/4104
f 4092/4190/4126 2481/4151/4087 2480/4191/4127 4091/4192/4128
f 4093/4180/4116 2483/4152/4088 2481/4151/4087 4092/4190/4126
f 4058/4193/4129 4059/4194/4130 4091/4192/4128 4090/4195/4131
f 4056/4187/4123 4057/4196/4132 4089/4188/4124 4088/4070/4009
f 4058/4193/4129 4057/4196/4132 3463/3315/3268 3462/3314/3267
f 1404/1806/1797 502/1792/1783 1420/1843/1834 1422/1848/1839
f 2481/4151/4087 2482/4150/4086 894/4197/4133 2480/4191/4127
f 4096/4198/4134 2487/4199/4135 2486/654/654 4095/653/653
f 2022/2692/2663 724/3103/3068 2046/3378/3330 2044/2689/2660
f 22/218/218 194/296/296 198/201/201 171/204/204
f 4093/4180/4116 4092/4190/4126 4060/4200/4136 4061/4201/4137
f 4059/4194/4130 6451/2181/2169 3466/2180/2168 4060/4200/4136
f 1965/2758/2729 1948/3152/3117 690/3155/3120 1966/2759/2730
f 2483/4152/4088 2484/655/655 2485/4202/4138 896/4153/4089
f 4595/4203/4139 4594/4204/4140 4640/4205/4141 4641/4206/4142
f 2484/655/655 2486/654/654 897/4207/4143 2485/4202/4138
f 2528/4208/4144 2529/4209/4145 906/4210/4146 2506/4211/4147
f 4095/653/653 4094/656/656 4062/4212/4148 4063/4213/4149
f 2546/4214/4150 2547/4215/4151 897/4207/4143 2488/4216/4152
f 4062/4212/4148 4061/4201/4137 3457/3373/3325 6450/3372/3324
f 2487/4199/4135 2489/4217/4153 899/4218/4154 2488/4216/4152
f 4096/4198/4134 4064/4219/4155 4065/4220/4156 4097/4221/4157
f 4743/4156/4092 4558/4222/4158 4556/4223/4159 4741/4224/4160
f 3460/4225/4161 3458/2324/2312 4064/4219/4155 4063/4213/4149
f 5719/4226/4162 5718/1205/1198 5658/3185/3149 5659/2233/2221
f 2489/4217/4153 2490/1812/1803 2491/1811/1802 899/4218/4154
f 4099/4227/4163 4100/4228/4164 2493/4229/4165 2492/1813/1804
f 6197/4230/4166 6204/4231/4167 6012/2406/2394 6005/2409/2397
f 4665/4232/4168 4549/4233/4169 4548/4234/4170 4664/4235/4171
f 2497/4236/4172 900/1814/1805 2494/4237/4173 2496/4238/4174
f 542/2031/2022 1489/2047/2037 1491/2059/2047 1479/2020/2011
f 4066/4239/4175 4065/4220/4156 3486/2323/2311 3487/1933/1924
f 2494/4237/4173 900/1814/1805 2492/1813/1804 2493/4229/4165
f 3848/185/185 3356/184/184 3355/4240/4176 3847/4241/4177
f 2502/4242/4178 905/3812/3758 2527/3811/3757 2524/4243/4179
f 6198/4244/4180 6197/4230/4166 6005/2409/2397 5992/4245/4181
f 4100/4228/4164 6267/4246/4182 6261/4247/4183 2493/4229/4165
f 703/4248/4115 4334/4178/4114 4339/4165/4101 1996/4249/3159
f 6455/809/807 4068/4250/4184 4067/4251/4185 6454/1935/1926
f 4339/4165/4101 4331/3794/3740 654/3196/2960 1996/3195/3159
f 845/4031/3972 2372/4030/3971 2495/3336/3289 2349/3335/3288
f 4376/40/40 6342/39/39 4400/663/663 4399/664/664
f 4090/4195/4131 4089/4188/4124 4057/4196/4132 4058/4193/4129
f 6263/4252/4186 2496/4238/4174 2494/4237/4173 6262/4253/4187
f 2246/3841/3787 814/3840/3786 2290/3934/3879 2292/3936/3881
f 5329/4254/4188 5257/4255/4189 5259/4256/4190 5331/4257/4191
f 778/3615/3564 2497/4236/4172 2496/4238/4174 2150/3616/3565
f 1998/3309/3262 751/2421/2409 5980/3613/3562 6006/4258/4192
f 1477/4259/4193 3171/4260/4194 3163/3751/3699 1485/3754/3702
f 5980/3613/3562 6174/4261/4195 6199/4262/4196 6006/4258/4192
f 5992/4245/4181 901/3285/3242 1998/3309/3262 6006/4258/4192
f 2498/4263/4197 2499/4264/4198 899/4218/4154 2491/1811/1802
f 4591/4265/4199 4589/4266/4200 4659/4267/4201 4661/4268/4202
f 2498/4263/4197 2186/3732/3680 822/3733/3681 2499/4264/4198
f 4004/4269/4203 4176/1468/1459 3315/1471/1462 4186/4270/4204
f 2186/3732/3680 2498/4263/4197 2497/4236/4172 778/3615/3564
f 2989/3106/3071 2990/3813/3759 905/3812/3758 2503/3485/3436
f 2501/4271/4205 2500/3486/3437 2502/4242/4178 904/4272/4206
f 2500/3486/3437 2503/3485/3436 905/3812/3758 2502/4242/4178
f 2989/3106/3071 2503/3485/3436 753/3479/3430 2595/3107/3072
f 2504/4273/4207 2248/3470/3421 780/3469/3420 2501/4271/4205
f 2596/4274/4208 2594/3715/3663 2597/4275/4209 951/4276/4210
f 328/692/692 263/491/491 20/490/490 329/691/691
f 4352/2299/2287 4357/3327/3280 2015/4277/3283 743/4278/2288
f 2501/4271/4205 780/3469/3420 2102/3480/3431 2500/3486/3437
f 2506/4211/4147 906/4210/4146 2505/4279/4211 2504/4273/4207
f 2504/4273/4207 2501/4271/4205 904/4272/4206 2506/4211/4147
f 2897/4280/4212 2896/4281/4213 1025/4282/4214 2878/4283/4215
f 2248/3470/3421 2504/4273/4207 2505/4279/4211 816/3843/3789
f 2508/3474/3425 2507/3839/3785 2509/4284/4216 907/3475/3426
f 4746/4285/4217 4723/4286/4218 4721/4287/4219 4744/4288/4220
f 2507/3839/3785 2505/4279/4211 906/4210/4146 2509/4284/4216
f 2227/234/234 2519/4289/4221 2520/2928/2896 821/231/231
f 2510/3473/3424 2512/3472/3423 908/4290/4222 2511/4291/4223
f 4271/2095/2083 4278/4292/4224 4340/4293/4225 4333/3411/3362
f 2518/4294/4226 908/4290/4222 2535/4056/3995 2540/4059/3998
f 2511/4291/4223 818/3820/3766 2240/3838/3784 2510/3473/3424
f 886/4097/4033 2515/4295/4227 2513/4296/4228 2411/2098/2086
f 743/4278/2288 2015/4277/3283 4340/4293/4225 4335/4297/4229
f 2514/4298/4230 2513/4296/4228 2515/4295/4227 936/4299/4231
f 4753/4300/4232 4568/4301/4233 4566/4302/4234 4751/4303/4235
f 2513/4296/4228 4278/4292/4224 4271/2095/2083 2411/2098/2086
f 2517/4304/4236 2516/4305/4237 2518/4294/4226 910/4306/4238
f 2519/4289/4221 2521/4307/4239 911/2929/2897 2520/2928/2896
f 2521/4307/4239 2519/4289/4221 2517/4304/4236 910/4306/4238
f 2517/4304/4236 2519/4289/4221 2227/234/234 820/3817/3763
f 4649/4308/4240 4579/3847/3793 4577/4309/4241 4647/4310/4242
f 2522/2927/2895 2523/2926/2894 899/4218/4154 2499/4264/4198
f 4581/3848/3794 4579/3847/3793 4649/4308/4240 4651/4311/4243
f 904/4272/4206 2502/4242/4178 2524/4243/4179 2525/4312/4244
f 2525/4312/4244 2524/4243/4179 2526/1668/1659 912/1667/1658
f 2527/3811/3757 913/4313/4245 2526/1668/1659 2524/4243/4179
f 2558/4314/4246 2559/4315/4247 916/4057/3996 2536/4316/4248
f 2530/4317/4249 914/4318/4250 2529/4209/4145 2528/4208/4144
f 4559/4319/4251 4557/4320/4252 4603/4321/4253 4605/4322/4254
f 2530/4317/4249 2528/4208/4144 2525/4312/4244 912/1667/1658
f 2525/4312/4244 2528/4208/4144 2506/4211/4147 904/4272/4206
f 2532/4323/4255 915/4324/4256 2536/4316/4248 2534/4325/4257
f 906/4210/4146 2529/4209/4145 2531/4326/4258 2509/4284/4216
f 2533/4327/4259 915/4324/4256 2532/4323/4255 2531/4326/4258
f 4220/1660/1651 4210/2042/2033 4165/1657/1648 4170/1658/1649
f 2533/4327/4259 2531/4326/4258 2529/4209/4145 914/4318/4250
f 2531/4326/4258 2532/4323/4255 907/3475/3426 2509/4284/4216
f 2536/4316/4248 916/4057/3996 2535/4056/3995 2534/4325/4257
f 2558/4314/4246 2536/4316/4248 915/4324/4256 2556/4328/4260
f 886/4097/4033 2431/4114/4050 2537/3187/3151 2515/4295/4227
f 2526/1668/1659 913/4313/4245 2551/4329/4261 2548/1665/1656
f 2537/3187/3151 2538/3186/3150 936/4299/4231 2515/4295/4227
f 2290/3934/3879 2289/3927/3872 2291/3951/3896 807/2530/2507
f 2541/4330/4262 2540/4059/3998 2542/4058/3997 917/4331/4263
f 2192/4332/4264 712/4333/4265 5160/4334/4266 5162/4335/4267
f 4598/4336/4268 4596/4337/4269 4550/4338/4270 4552/4339/4271
f 2543/4340/4272 2545/4341/4273 918/4342/4274 2544/4343/4275
f 5240/4344/4276 5384/4345/4277 5382/1651/1642 5238/1511/1502
f 2545/4341/4273 2543/4340/4272 2541/4330/4262 917/4331/4263
f 2541/4330/4262 2543/4340/4272 2521/4307/4239 910/4306/4238
f 2621/3538/3489 2620/3521/3472 2622/3569/3519 966/4346/4278
f 4279/4347/4279 2590/4348/4280 3835/4349/4281 4284/4350/4282
f 2790/4351/4283 902/4352/4284 3058/4353/4285 3059/823/821
f 911/2929/2897 2544/4343/4275 2546/4214/4150 2523/2926/2894
f 3035/4354/4286 2551/4329/4261 913/4313/4245 3013/4355/4287
f 2549/1666/1657 2548/1665/1656 2550/4356/4288 919/4357/4289
f 3017/4358/4290 592/4359/4291 3016/4360/4292 3015/4361/4293
f 2557/4362/4294 2555/4363/4295 2553/4364/4296 921/4365/4297
f 921/4365/4297 2553/4364/4296 2552/4366/4298 2554/4367/4299
f 2552/4366/4298 2549/1666/1657 919/4357/4289 2554/4367/4299
f 2552/4366/4298 2530/4317/4249 912/1667/1658 2549/1666/1657
f 4604/4368/4300 4602/4369/4301 4556/4223/4159 4558/4222/4158
f 915/4324/4256 2533/4327/4259 2555/4363/4295 2556/4328/4260
f 2555/4363/4295 2557/4362/4294 922/4370/4302 2556/4328/4260
f 914/4318/4250 2553/4364/4296 2555/4363/4295 2533/4327/4259
f 2560/4371/4303 923/4372/4304 2559/4315/4247 2558/4314/4246
f 2563/4373/4305 2561/360/360 2309/363/363 805/2849/2820
f 2562/4374/4306 2561/360/360 2563/4373/4305 924/3189/3153
f 925/4375/4307 2567/4376/4308 2583/310/310 2584/4377/4309
f 2576/4378/4310 2564/361/361 930/4379/4311 2577/4380/4312
f 5732/4381/4313 5731/4382/4314 5678/4383/4315 5679/4384/4316
f 925/4375/4307 2566/4385/4317 2565/4386/4318 2567/4376/4308
f 2565/4386/4318 2559/4315/4247 923/4372/4304 2567/4376/4308
f 2518/4294/4226 2516/4305/4237 2511/4291/4223 908/4290/4222
f 2592/1639/1630 2582/4387/4319 3834/290/290 3837/289/289
f 2566/4385/4317 917/4331/4263 2542/4058/3997 2565/4386/4318
f 2570/4388/4320 926/4389/4321 2569/4390/4322 2568/4391/4323
f 2569/4390/4322 918/4342/4274 2545/4341/4273 2568/4391/4323
f 2568/4391/4323 2545/4341/4273 917/4331/4263 2566/4385/4317
f 4620/4392/4324 4619/4393/4325 4573/4394/4326 4574/4395/4327
f 4572/3461/3412 4571/3995/3936 4617/3998/3939 4618/4396/4328
f 923/4372/4304 2560/4371/4303 2578/4397/4329 2579/311/311
f 2572/4398/4330 2571/4399/4331 2329/3986/3927 927/3985/3926
f 2566/4385/4317 925/4375/4307 2570/4388/4320 2568/4391/4323
f 2308/3950/3895 2574/4400/4332 2572/4398/4330 927/3985/3926
f 2574/4400/4332 2554/4367/4299 919/4357/4289 2572/4398/4330
f 2593/4401/4333 2580/4402/4334 930/4379/4311 2562/4374/4306
f 4582/329/329 4580/4403/4335 4626/4404/4336 4628/326/326
f 2579/311/311 2578/4397/4329 2580/4402/4334 931/312/312
f 2588/4405/4337 926/4389/4321 2586/4406/4338 2587/4407/4339
f 2058/3394/3345 2057/3393/3344 2036/1895/1886 728/1898/1889
f 2578/4397/4329 2577/4380/4312 930/4379/4311 2580/4402/4334
f 3833/1964/1955 3830/3877/3822 3795/3880/3825 3798/1965/1956
f 926/4389/4321 2570/4388/4320 2585/4408/4340 2586/4406/4338
f 2582/4387/4319 924/3189/3153 2563/4373/4305 2581/4409/4341
f 4614/4410/4342 4612/4411/4343 4566/4302/4234 4568/4301/4233
f 3833/1964/1955 3834/290/290 2582/4387/4319 2581/4409/4341
f 3833/1964/1955 2581/4409/4341 2265/3881/3826 3830/3877/3822
f 3798/1965/1956 3795/3880/3825 3584/3882/3827 3582/4412/4344
f 2563/4373/4305 805/2849/2820 2265/3881/3826 2581/4409/4341
f 2583/310/310 2237/309/309 933/4164/4100 2584/4377/4309
f 2468/4163/4099 2585/4408/4340 2584/4377/4309 933/4164/4100
f 2587/4407/4339 2482/4150/4086 896/4153/4089 2588/4405/4337
f 934/4126/4062 2586/4406/4338 2585/4408/4340 2468/4163/4099
f 2584/4377/4309 2585/4408/4340 2570/4388/4320 925/4375/4307
f 4340/4293/4225 4278/4292/4224 4273/4413/4345 4335/4297/4229
f 2482/4150/4086 2587/4407/4339 2451/4125/4061 894/4197/4133
f 2587/4407/4339 2586/4406/4338 934/4126/4062 2451/4125/4061
f 2559/4315/4247 2565/4386/4318 2542/4058/3997 916/4057/3996
f 4590/4414/4346 4588/4415/4347 4634/4416/4348 4636/4417/4349
f 2485/4202/4138 2589/4418/4350 2588/4405/4337 896/4153/4089
f 2588/4405/4337 2589/4418/4350 2569/4390/4322 926/4389/4321
f 4283/4419/4351 4284/4350/4282 3835/4349/4281 3800/4420/4352
f 3800/4420/4352 3801/4421/4353 3597/4422/4354 3598/4423/4355
f 2590/4348/4280 2514/4298/4230 936/4299/4231 2591/1641/1632
f 4341/4424/4356 4335/4297/4229 4273/4413/4345 4279/4347/4279
f 3799/287/287 3600/4425/4357 3602/4426/4358 3802/288/288
f 5682/4427/4359 5543/4428/4360 5545/4429/4361 5684/4430/4362
f 2592/1639/1630 2538/3186/3150 924/3189/3153 2582/4387/4319
f 3835/4349/4281 3836/1640/1631 3801/4421/4353 3800/4420/4352
f 3802/288/288 3801/4421/4353 3836/1640/1631 3837/289/289
f 3226/4431/4363 4425/4432/4364 4416/4433/4365 2966/602/602
f 4779/4434/4366 4780/4435/4367 4890/4436/4368 4891/4437/4369
f 2630/3586/3535 2629/3585/3534 2599/2286/2274 972/3607/3556
f 2593/4401/4333 2539/3188/3152 909/3831/3777 2236/3828/3774
f 2597/4275/4209 2594/3715/3663 2103/3478/3429 756/3465/3416
f 2637/4438/4370 2635/4439/4371 5816/4440/4372 5817/4441/4373
f 2998/4442/4374 2999/2193/2181 586/2196/2184 2997/4443/4375
f 2602/4444/4376 2597/4275/4209 756/3465/3416 2112/3464/3415
f 5110/4445/4377 2638/4446/4378 5818/4447/4379 5868/4448/4380
f 2598/2285/2273 2600/3608/3557 972/3607/3556 2599/2286/2274
f 4885/3640/3589 4886/3643/3592 2600/3608/3557 2598/2285/2273
f 766/3517/3468 2607/2809/2780 2605/4449/4381 2116/3509/3460
f 4760/3641/3590 4885/3640/3589 4869/3495/3446 4766/4450/4382
f 2602/4444/4376 2603/4451/4383 951/4276/4210 2597/4275/4209
f 3984/473/473 3923/476/476 3921/4452/4384 3982/3070/3035
f 2116/3509/3460 2605/4449/4381 2604/4453/4385 767/3510/3461
f 357/593/593 73/58/58 359/57/57 363/762/760
f 2606/132/132 954/4454/4386 2604/4453/4385 2605/4449/4381
f 956/133/133 2606/132/132 2605/4449/4381 2607/2809/2780
f 1363/1677/1668 1362/1672/1663 1360/4455/4387 488/1707/1698
f 2610/4456/4388 958/4457/4389 2609/2808/2779 2608/2807/2778
f 2611/4458/4390 2610/4456/4388 765/3518/3469 2124/3506/3457
f 4668/4459/4391 4667/4460/4392 10/4461/4393 15/4462/4394
f 2614/4463/4395 2616/4464/4396 962/4465/4397 2615/4466/4398
f 2617/4467/4399 2616/4464/4396 763/3546/3497 2132/3543/3494
f 2614/4463/4395 2128/3547/3498 763/3546/3497 2616/4464/4396
f 2617/4467/4399 2618/4468/4400 962/4465/4397 2616/4464/4396
f 6280/3417/3368 6279/4469/4401 4802/3635/3584 4870/3418/3369
f 2144/4470/4402 2626/4471/4403 2625/3540/3491 760/3584/3533
f 2183/3728/3676 6260/4472/4404 6241/3633/3582 2154/3632/3581
f 3245/1733/1724 3141/4473/4405 3209/4474/4406 3243/4475/4407
f 2628/3588/3537 970/3587/3536 2627/1716/1707 2626/4471/4403
f 5828/2633/2604 5827/4476/4408 2651/4477/4409 2653/2634/2605
f 2632/4478/4410 950/4479/4411 2671/4480/4412 2668/4481/4413
f 759/3605/3554 2147/3606/3555 2629/3585/3534 2628/3588/3537
f 3004/4482/4414 2716/4483/4415 992/4484/4416 3006/4485/4417
f 3916/4486/4418 3614/4487/4419 3644/4488/4420 3919/4489/4421
f 2631/4490/4422 2633/4491/4423 950/4479/4411 2632/4478/4410
f 5752/4492/4424 5750/4493/4425 5813/4494/4426 5815/4495/4427
f 5750/4493/4425 5625/1889/1880 5558/4496/4428 5751/4497/4429
f 1912/3091/3056 682/3002/2968 1873/3001/2967 1911/3000/2966
f 2634/4498/4430 5815/4495/4427 5813/4494/4426 2631/4490/4422
f 4888/4499/4431 4887/4500/4432 2635/4439/4371 2636/2910/2879
f 2632/4478/4410 949/4501/4433 2634/4498/4430 2631/4490/4422
f 969/2911/2880 2636/2910/2879 2635/4439/4371 2637/4438/4370
f 5819/4502/4434 2639/4503/4435 2641/4504/4436 5820/4505/4437
f 5819/4502/4434 5815/4495/4427 2634/4498/4430 2639/4503/4435
f 2677/4506/4438 2679/4507/4439 2643/4508/4440 948/4509/4441
f 2831/3125/3090 1016/4510/4442 2830/4511/4443 2828/4512/4444
f 2635/4439/4371 4887/4500/4432 5865/4513/4445 5816/4440/4372
f 2639/4503/4435 2634/4498/4430 949/4501/4433 2640/4514/4446
f 1128/1108/1103 1127/1001/999 5702/1090/1085 5703/4515/4447
f 5752/4492/4424 5756/4516/4448 5626/733/733 5622/1744/1735
f 2703/4517/4449 2675/2912/2881 969/2911/2880 2667/4518/4450
f 2639/4503/4435 2640/4514/4446 948/4509/4441 2641/4504/4436
f 2643/4508/4440 2642/1188/1182 2641/4504/4436 948/4509/4441
f 4790/1051/1048 5631/2329/2317 5601/4519/4451 4913/4520/4452
f 1480/2026/2017 542/2031/2022 1479/2020/2011 1478/2019/2010
f 5758/4521/4453 5570/4522/4454 5623/730/730 5757/4523/4455
f 2644/1189/1183 953/4524/4456 2646/4525/4457 2645/4526/4458
f 5570/4527/4454 5560/4528/3690 412/1112/1107 1133/1111/1106
f 2646/4525/4457 953/4524/4456 2680/4529/4459 2682/4530/4460
f 2642/1188/1182 2643/4508/4440 953/4524/4456 2644/1189/1183
f 5561/4531/1146 413/4532/4461 1137/1123/1118 5571/4533/3689
f 5766/4534/4462 5829/2632/2603 5830/4535/4463 5767/4536/4464
f 5571/3741/3689 1137/1123/1118 412/1112/1107 5560/3742/3690
f 5760/3740/3688 5761/1153/1147 5561/4531/1146 5571/4537/3689
f 1894/3058/3023 1890/3047/3012 662/3004/2970 1875/3003/2969
f 2646/4525/4457 955/4538/4465 2647/4539/4466 2645/4526/4458
f 5823/4540/4467 5824/4541/4468 5761/1153/1147 5760/3740/3688
f 5763/4542/4469 5764/4543/4470 5572/4544/4471 5562/4545/4472
f 5762/1154/1148 5761/1153/1147 5824/4541/4468 5825/4546/4473
f 5627/1155/1149 5562/4545/4472 414/4547/4474 1141/4548/4475
f 5593/4549/4476 6329/4550/4477 3320/4551/4478 5587/4552/4479
f 5713/4553/4480 5712/1175/1169 5652/4554/4481 5653/1161/1155
f 5762/1154/1148 5763/4542/4469 5562/4545/4472 5627/1155/1149
f 2650/4555/4482 2651/4477/4409 5827/4476/4408 5826/4556/4483
f 2648/4557/4484 2649/4558/4485 957/4559/4486 2650/4555/4482
f 2651/4477/4409 2650/4555/4482 957/4559/4486 2652/4560/4487
f 5572/4544/4471 1145/1147/1141 414/4547/4474 5562/4561/4472
f 5764/4543/4470 5765/4562/4488 5624/257/257 5572/4563/4471
f 5181/4564/4489 5183/4565/4490 5471/4566/4491 5469/1315/1306
f 5768/4567/4492 5574/4568/4493 5563/4569/4494 5767/4536/4464
f 2655/4570/4495 2654/2635/2606 2653/2634/2605 959/4571/4496
f 5765/4562/4488 5766/4534/4462 5573/258/258 5624/257/257
f 416/1164/1158 1149/259/259 5573/4572/258 5563/4573/4494
f 5766/4534/4462 5767/4536/4464 5563/4573/4494 5573/258/258
f 2655/4570/4495 961/4574/4497 2656/4575/4498 2654/2635/2606
f 2658/4576/4499 2657/2147/2135 2656/4575/4498 961/4574/4497
f 1333/1144/1138 1330/1563/1554 1334/1607/1598 492/1349/1340
f 6260/4472/4404 6259/4577/4500 6195/3711/3659 6196/3723/3671
f 5564/4578/4501 5574/4579/4493 5768/4567/4492 5769/4580/4502
f 5292/4581/4503 5294/4582/4504 5222/4583/4505 5220/4584/4506
f 5754/4585/4507 5559/4586/4508 5577/4587/4509 5774/4588/4510
f 5575/4589/1012 1157/3175/3139 417/3174/3138 5564/4590/4501
f 5575/1014/1012 5565/1013/1011 418/4591/4511 1157/3175/3139
f 2662/3527/3478 2660/3670/3619 2661/4592/4512 965/3528/3479
f 3846/4593/4513 3077/4594/4514 3076/4595/4515 3845/4596/4516
f 5837/4597/4517 5836/4598/4518 2665/4599/4519 2666/4600/4520
f 5771/1016/1014 5772/4601/4521 5576/4602/4522 5565/4603/1011
f 1206/1248/1239 1203/1081/1076 1168/1084/1079 452/1230/1221
f 2663/3530/3481 2665/4599/4519 5836/4598/4518 5835/4604/4523
f 2664/3529/3480 967/4605/4524 2665/4599/4519 2663/3530/3481
f 2666/4600/4520 2665/4599/4519 967/4605/4524 2667/4518/4450
f 5774/4588/4510 5577/4606/4509 5566/4607/4525 5773/4608/4526
f 2747/4609/4527 2745/4610/4528 2748/4611/4529 991/3981/3922
f 2668/4481/4413 2669/636/636 949/4501/4433 2632/4478/4410
f 4679/4612/4530 3226/4431/4363 2966/602/602 4670/605/605
f 5723/4613/4531 5722/2032/2023 5662/1674/1665 5663/4614/4532
f 2668/4481/4413 2671/4480/4412 994/4615/4533 2670/4616/4534
f 3010/4617/4535 2708/4618/4536 994/4615/4533 2988/4619/4537
f 2950/4620/4538 2935/4621/4539 1046/4622/4540 2951/4623/4541
f 2636/2910/2879 2672/2909/2878 4889/4624/4542 4888/4499/4431
f 4890/4436/4368 4889/4624/4542 2672/2909/2878 2674/4625/4543
f 2678/634/634 974/4626/4544 2677/4506/4438 2676/635/635
f 6523/808/806 6266/4627/4545 4068/4250/4184 6455/809/807
f 2683/4628/4546 2682/4530/4460 2684/4629/4547 1000/4630/4548
f 2679/4507/4439 2681/4631/4549 973/4632/4550 2680/4529/4459
f 2681/4631/4549 2679/4507/4439 2677/4506/4438 974/4626/4544
f 6018/4633/4551 6022/4634/4552 4713/4635/4553 4506/4636/4554
f 2646/4525/4457 2682/4530/4460 2683/4628/4546 955/4538/4465
f 4530/4637/4555 4528/4638/4556 4642/4639/4557 4644/4640/4558
f 959/4571/4496 2689/4641/4559 2691/4642/4560 2655/4570/4495
f 2649/4558/4485 2685/2486/2470 2686/2485/2469 957/4559/4486
f 1619/960/958 1617/959/957 1097/968/966 407/972/970
f 2687/2487/2471 2685/2486/2470 2683/4628/4546 1000/4630/4548
f 4396/542/542 4373/545/545 4387/866/864 4411/4643/4561
f 2689/4641/4559 959/4571/4496 2652/4560/4487 2688/4644/4562
f 2690/4645/4563 1013/4646/4564 2689/4641/4559 2688/4644/4562
f 2693/4647/4565 1020/3861/3806 2692/4648/4566 2691/4642/4560
f 1015/4649/4567 2867/4650/4568 2865/4651/4569 2845/4652/4570
f 2696/3860/3805 2694/4653/4571 2692/4648/4566 1020/3861/3806
f 2906/4654/4572 2905/4655/4573 2907/4656/4574 1036/4657/4575
f 2693/4647/4565 2691/4642/4560 2689/4641/4559 1013/4646/4564
f 4728/1845/1836 4751/4303/4235 4749/4658/4576 4726/4659/4577
f 55/349/349 4694/348/348 4709/739/739 342/4660/4578
f 2695/4661/4579 963/4662/4580 2658/4576/4499 2694/4653/4571
f 2694/4653/4571 2696/3860/3805 1027/4663/4581 2695/4661/4579
f 2907/4656/4574 2905/4655/4573 2886/4664/4582 1029/4665/4583
f 2703/4517/4449 2701/4666/4584 1041/4667/4585 2704/4668/4586
f 2698/4669/4587 2697/4670/4588 2699/4671/4589 1034/3902/3847
f 5072/4672/4590 895/4673/4591 1753/2160/2148 5095/4674/4592
f 2661/4592/4512 2697/4670/4588 2698/4669/4587 965/3528/3479
f 1192/1198/1191 1191/1150/1144 433/1149/1143 1154/1200/1193
f 2842/4675/4593 2841/4676/4594 2843/4677/4595 1014/4678/4596
f 5963/4679/4597 5962/1322/1313 6090/4680/4598 6091/4681/4599
f 1391/1745/1736 1397/1777/1768 1378/1708/1699 493/1693/1684
f 967/4605/4524 2664/3529/3480 2700/4682/4600 2701/4666/4584
f 965/3528/3479 2698/4669/4587 2700/4682/4600 2664/3529/3480
f 2700/4682/4600 2702/3901/3846 1041/4667/4585 2701/4666/4584
f 3675/4683/4601 6289/4684/4602 6409/4685/3213 3674/3256/3214
f 2944/4686/4603 2943/4687/4604 1042/4688/4605 2925/4689/4606
f 987/4690/4607 2731/4691/4608 2777/4692/4609 2776/4693/4610
f 4969/4694/4611 4905/4695/4612 4803/4696/4613 4804/4697/4614
f 2706/4698/4615 2705/4699/4616 2707/4700/4617 982/2369/2357
f 2705/4699/4616 2706/4698/4615 981/633/633 2670/4616/4534
f 2715/4701/4618 2713/4702/4619 2716/4483/4415 990/4703/4620
f 2708/4618/4536 993/4704/4621 2707/4700/4617 2705/4699/4616
f 3799/287/287 3798/1965/1956 3582/4412/4344 3600/4425/4357
f 2707/4700/4617 2709/4705/4622 2710/2370/2358 982/2369/2357
f 2712/4706/4623 993/4704/4621 3009/4707/4624 3007/4708/4625
f 3841/4709/4626 3840/1406/1397 3805/1409/1400 3806/4710/4627
f 2713/4702/4619 2714/4711/4628 983/4712/4629 2711/4713/4630
f 2325/773/771 825/772/770 2305/3948/3893 2324/3898/3843
f 5453/4714/4631 5451/4715/4632 5163/4716/4633 5165/4717/4634
f 6141/2860/2829 6136/647/647 6073/3219/3182 6076/503/503
f 5856/4718/4635 5844/4719/4636 3177/4720/4637 4428/4721/4638
f 2718/4722/4639 2717/4723/4640 2719/4724/4641 1062/4725/4642
f 5504/4726/4643 4913/4520/4452 4985/4727/4644 6495/4728/4645
f 1045/4729/4646 2935/4621/4539 2950/4620/4538 2947/4730/4647
f 588/4731/4648 2720/4732/4649 2717/4723/4640 2721/4733/4650
f 2771/4734/4651 2768/4735/4652 985/4736/4653 2723/4737/4654
f 5783/4738/4655 5800/4739/4656 5599/4740/4657 5581/4741/4658
f 2717/4723/4640 2718/4722/4639 1044/4742/4659 2721/4733/4650
f 4070/4743/4660 4038/4744/4661 4346/4140/4076 4347/4745/4662
f 2998/4442/4374 2997/4443/4375 989/4746/4663 2725/4747/4664
f 2722/4748/4665 2723/4737/4654 985/4736/4653 2715/4701/4618
f 4900/4749/4666 4899/4750/4667 2753/3356/3309 2755/4751/4668
f 2724/4752/4669 986/4753/4670 2723/4737/4654 2722/4748/4665
f 2731/4691/4608 2730/4754/4671 2596/4274/4208 951/4276/4210
f 6443/4755/4672 6201/4756/4673 6523/808/806 6444/811/809
f 2726/4757/4674 2728/4758/4675 987/4690/4607 2727/4759/4676
f 2802/4760/4677 2800/4761/4678 2780/4762/4679 995/4763/4680
f 3002/4764/4681 3001/4765/4682 3003/4766/4683 946/4767/4684
f 2726/4757/4674 2729/4768/4685 988/4769/4686 2728/4758/4675
f 4895/4770/4687 4797/4771/4688 4794/4772/4689 4894/4773/4690
f 987/4690/4607 2728/4758/4675 2730/4754/4671 2731/4691/4608
f 4894/4773/4690 4893/4774/4691 2737/4775/4692 2739/2383/2371
f 4240/4776/3019 3636/3057/3022 4179/4777/4693 6406/4778/4694
f 952/3108/3073 2596/4274/4208 2730/4754/4671 2732/4779/4695
f 4330/4780/4696 4316/4781/4697 4318/4782/4698 4324/4783/4699
f 2942/4784/4700 2943/4687/4604 1049/4785/4701 2736/4786/4702
f 3840/1406/1397 3841/4709/4626 2769/2798/2769 2748/4611/4529
f 4892/4787/4703 4803/4696/4613 4779/4434/4366 4891/4437/4369
f 2733/4788/4704 2736/4786/4702 1049/4785/4701 2735/4789/4705
f 3174/2251/2239 3161/4790/4706 122/4791/4707 117/4792/4708
f 5248/1624/1615 5392/4793/4709 5390/4794/4710 5246/1539/1530
f 4892/4787/4703 2735/4789/4705 2737/4775/4692 4893/4774/4691
f 3047/4795/4711 3049/4796/4712 977/4797/4713 2789/4798/4714
f 2741/2382/2370 2744/2385/2373 1052/4799/4715 2743/4800/4716
f 3804/4801/4717 3803/1408/1399 3838/1407/1398 3839/4802/4718
f 1030/4803/4719 3065/4804/4720 3068/4805/4721 2719/4724/4641
f 4898/4806/4722 4897/4807/4723 2749/4808/4724 2751/3357/3310
f 2746/4809/4725 2745/4610/4528 2747/4609/4527 977/4797/4713
f 2815/4810/4726 1004/3496/3447 2813/4811/4727 2814/4812/4728
f 3805/1409/1400 3803/1408/1399 3520/4813/4729 3583/4814/4730
f 2749/4808/4724 4897/4807/4723 4896/4815/4731 2743/4800/4716
f 4829/4816/4732 4897/4807/4723 4898/4806/4722 4828/4817/4733
f 2749/4808/4724 2752/4818/4734 1053/3358/3311 2751/3357/3310
f 2755/4751/4668 2753/3356/3309 2756/3355/3308 1054/4819/4735
f 2751/3357/3310 2753/3356/3309 4899/4750/4667 4898/4806/4722
f 5704/1107/1102 5703/4515/4447 5643/1087/1082 5644/1106/1101
f 5122/1565/1556 1604/4820/4736 395/4821/4737 5120/1566/1557
f 2771/4734/4651 2772/4822/4738 978/4823/4739 2768/4735/4652
f 4824/4824/4740 4784/4825/4741 4900/4749/4666 4901/3852/3797
f 5011/4826/4742 5741/4115/4051 5742/1818/1809 5083/1817/1808
f 4901/3852/3797 4886/3643/3592 4825/3642/3591 4824/4824/4740
f 2755/4751/4668 2757/3609/3558 4901/3852/3797 4900/4749/4666
f 2759/3610/3559 2757/3609/3558 2755/4751/4668 1054/4819/4735
f 2825/3912/3857 2824/4827/4743 1002/4828/4744 2807/3913/3858
f 2762/2368/2356 975/4829/4745 2761/4830/4746 2760/4831/4747
f 2762/2368/2356 2760/4831/4747 2706/4698/4615 982/2369/2357
f 2764/4832/4748 975/4829/4745 2762/2368/2356 2763/2367/2355
f 6024/3626/3575 4792/3629/3578 4921/3851/3796 6026/2065/2053
f 3989/3132/3097 3978/4833/4749 3917/3805/3751 3928/3129/3094
f 2765/4834/4750 2766/4835/4751 2767/4836/4752 976/4837/4753
f 2766/4835/4751 2768/4735/4652 978/4823/4739 2767/4836/4752
f 985/4736/4653 2768/4735/4652 2766/4835/4751 2714/4711/4628
f 3806/4710/4627 3585/4838/4754 3459/3917/3862 3797/3929/3874
f 3585/4838/4754 3806/4710/4627 3805/1409/1400 3583/4814/4730
f 6466/4839/4755 3597/4422/4354 3602/4426/4358 3717/4840/4756
f 991/3981/3922 2748/4611/4529 2769/2798/2769 2770/2797/2768
f 2792/4841/4757 2787/4842/4758 978/4823/4739 2772/4822/4738
f 2769/2798/2769 3841/4709/4626 3832/3825/3771 2287/2799/2770
f 2603/4451/4383 2777/4692/4609 2731/4691/4608 951/4276/4210
f 2772/4822/4738 979/4843/4759 2794/4844/4760 2792/4841/4757
f 2773/4845/4761 979/4843/4759 2772/4822/4738 2771/4734/4651
f 2803/4846/4762 2802/4760/4677 995/4763/4680 2783/4847/4763
f 30/276/276 186/275/275 4516/4848/4764 4518/4849/4765
f 2775/4850/4766 979/4843/4759 2773/4845/4761 2774/4851/4767
f 2774/4851/4767 2776/4693/4610 980/4852/4768 2775/4850/4766
f 2778/4853/4769 2777/4692/4609 2603/4451/4383 954/4454/4386
f 2995/4854/4770 2996/4855/4771 585/4856/4772 2994/4857/4773
f 2776/4693/4610 2777/4692/4609 2778/4853/4769 980/4852/4768
f 2787/4842/4758 2785/4858/4774 2767/4836/4752 978/4823/4739
f 2780/4762/4679 2779/4859/4775 2781/4860/4776 995/4763/4680
f 2780/4762/4679 973/4632/4550 2681/4631/4549 2779/4859/4775
f 598/2454/2440 1638/2453/2439 1634/2415/2403 1635/2414/2402
f 4945/4861/4777 4772/1457/1448 4761/4862/4778 4916/4863/4779
f 2779/4859/4775 2761/4830/4746 975/4829/4745 2781/4860/4776
f 1076/917/915 1073/911/909 1077/910/908 398/2336/2324
f 2791/3980/3921 902/4352/4284 2790/4351/4283 2788/4864/4780
f 2782/4865/4781 2784/4866/4782 996/4867/4783 2783/4847/4763
f 2781/4860/4776 975/4829/4745 2764/4832/4748 2782/4865/4781
f 1005/4868/4784 2838/4869/4785 2836/4870/4786 2815/4810/4726
f 2784/4866/4782 2782/4865/4781 2764/4832/4748 976/4837/4753
f 2785/4858/4774 2786/4871/4787 996/4867/4783 2784/4866/4782
f 5416/4872/4788 5128/4873/4789 5126/4874/4790 5414/3050/3015
f 2789/4798/4714 2788/4864/4780 2790/4351/4283 935/4875/4791
f 2609/2808/2779 2817/2612/2583 2799/134/134 956/133/133
f 2788/4864/4780 2747/4609/4527 991/3981/3922 2791/3980/3921
f 4021/4876/4792 3550/4877/4793 3524/4878/4794 4014/4879/4795
f 998/4880/4796 2796/4881/4797 2814/4812/4728 2813/4811/4727
f 2793/4882/4798 997/4883/4799 2787/4842/4758 2792/4841/4757
f 2794/4844/4760 998/4880/4796 2793/4882/4798 2792/4841/4757
f 2795/4884/4800 2794/4844/4760 979/4843/4759 2775/4850/4766
f 1431/1871/1862 514/1870/1861 1438/1881/1872 1436/1874/1865
f 2794/4844/4760 2795/4884/4800 2796/4881/4797 998/4880/4796
f 2806/4885/4801 2807/3913/3858 1002/4828/4744 2805/4886/4802
f 2797/4887/4803 2798/131/131 2799/134/134 999/2611/2582
f 980/4852/4768 2778/4853/4769 2798/131/131 2797/4887/4803
f 2128/3547/3498 764/3505/3456 2122/3508/3459 2125/3535/3486
f 3030/4888/4804 3029/4889/4805 589/4890/4806 3008/4891/4807
f 1000/4630/4548 2684/4629/4547 2800/4761/4678 2801/4892/4808
f 2802/4760/4677 1001/4893/4809 2801/4892/4808 2800/4761/4678
f 460/1333/1324 1504/1343/1334 1510/1342/1333 1212/1332/1323
f 426/830/828 1080/928/926 1277/885/883 1278/1496/1487
f 4854/2609/2580 4818/2615/2586 4808/4894/4810 4852/2449/2435
f 2690/4645/4563 2688/4644/4562 2686/2485/2469 1006/2488/2472
f 2803/4846/4762 2804/4895/4811 1001/4893/4809 2802/4760/4677
f 1283/1505/1496 465/1317/1308 1287/1316/1307 1285/1506/1497
f 2803/4846/4762 2805/4886/4802 1002/4828/4744 2804/4895/4811
f 1765/2781/2752 1758/2605/2576 697/2760/2731 1768/2784/2755
f 2811/4896/4812 2812/3499/3450 1003/3914/3859 2808/4897/4813
f 2806/4885/4801 2808/4897/4813 1003/3914/3859 2807/3913/3858
f 2805/4886/4802 996/4867/4783 2786/4871/4787 2806/4885/4801
f 2806/4885/4801 2786/4871/4787 997/4883/4799 2808/4897/4813
f 2810/4898/4814 2809/3979/3920 2328/4899/4815 928/4900/4816
f 2074/3414/3365 2073/301/301 2075/3407/3358 745/3420/3371
f 2791/3980/3921 2809/3979/3920 2810/4898/4814 902/4352/4284
f 2328/4899/4815 2809/3979/3920 2770/2797/2768 831/2796/2767
f 5100/4901/4817 2105/4902/4818 710/4903/4819 5066/4904/4820
f 5054/4905/4821 5100/4901/4817 5028/4906/4822 4982/4907/4823
f 2603/4451/4383 2602/4444/4376 2604/4453/4385 954/4454/4386
f 1261/1437/1428 446/1255/1246 1178/1099/1094 1279/1371/1362
f 997/4883/4799 2793/4882/4798 2811/4896/4812 2808/4897/4813
f 1031/4908/4824 2895/4909/4825 2913/4910/4826 2910/4911/4827
f 2811/4896/4812 2793/4882/4798 998/4880/4796 2813/4811/4727
f 2687/2487/2471 1000/4630/4548 2801/4892/4808 2819/4912/4828
f 1902/3030/2996 1711/2469/2453 665/2654/2625 1883/3031/2997
f 2816/2610/2581 1005/4868/4784 2815/4810/4726 2814/4812/4728
f 3353/1390/1381 3352/1389/1380 3350/4101/4037 3149/4104/4040
f 2814/4812/4728 2796/4881/4797 999/2611/2582 2816/2610/2581
f 2875/4913/4829 1025/4282/4214 2896/4281/4213 2894/4914/4830
f 2816/2610/2581 2817/2612/2583 2818/4915/4831 1005/4868/4784
f 3734/80/80 6538/79/79 3737/4916/4832 3738/4917/4833
f 958/4457/4389 2818/4915/4831 2817/2612/2583 2609/2808/2779
f 2843/4677/4595 2841/4676/4594 2820/4918/4834 1007/4919/4835
f 2687/2487/2471 2819/4912/4828 2820/4918/4834 1006/2488/2472
f 2819/4912/4828 2801/4892/4808 1001/4893/4809 2821/4920/4836
f 2824/4827/4743 1008/4921/4837 2823/4922/4838 2822/4923/4839
f 2834/4924/4840 2833/3498/3449 2835/3497/3448 1011/4925/4841
f 2823/4922/4838 1007/4919/4835 2821/4920/4836 2822/4923/4839
f 1755/2752/2723 1752/2755/2726 1750/2746/2717 694/2745/2716
f 2825/3912/3857 2826/4926/4842 1008/4921/4837 2824/4827/4743
f 2825/3912/3857 2827/3911/3856 1010/4927/4843 2826/4926/4842
f 2868/4928/4844 2848/4929/4845 1017/4930/4846 2870/4931/4847
f 1350/1642/1633 1349/1643/1634 1351/1652/1643 486/1698/1689
f 2829/4932/4848 2828/4512/4444 2830/4511/4443 1023/3151/3116
f 1065/3126/3091 2831/3125/3090 2828/4512/4444 2832/4933/4849
f 3974/3893/3838 3973/4934/4850 2977/4935/4851 2979/3890/3835
f 2263/3876/3821 819/3875/3820 2288/3922/3867 2286/3827/3773
f 2829/4932/4848 1067/4936/4852 2832/4933/4849 2828/4512/4444
f 2833/3498/3449 2834/4924/4840 1010/4927/4843 2827/3911/3856
f 2838/4869/4785 1012/4937/4853 2837/4938/4854 2836/4870/4786
f 3573/4939/4855 3575/4940/4856 3866/4941/4857 3868/4942/4858
f 1054/4819/4735 2756/3355/3308 2952/4943/4859 2953/4944/4860
f 1006/2488/2472 2820/4918/4834 2841/4676/4594 2690/4645/4563
f 4780/4435/4367 4781/4945/4861 4889/4624/4542 4890/4436/4368
f 2839/4946/4862 2612/4947/4863 960/4948/4864 2840/4949/4865
f 2612/4947/4863 2839/4946/4862 2818/4915/4831 958/4457/4389
f 2841/4676/4594 2842/4675/4593 1013/4646/4564 2690/4645/4563
f 2739/2383/2371 2737/4775/4692 2740/4950/4866 1050/2384/2372
f 2846/4951/4867 1015/4649/4567 2845/4652/4570 2844/4952/4868
f 4895/4770/4687 2741/2382/2370 2743/4800/4716 4896/4815/4731
f 2845/4652/4570 1014/4678/4596 2843/4677/4595 2844/4952/4868
f 1179/1100/1095 425/1119/1114 1138/1136/1130 1180/1261/1252
f 2846/4951/4867 2847/4953/4869 2848/4929/4845 1015/4649/4567
f 2855/4954/4870 1017/4930/4846 2849/4955/4871 2854/4956/4872
f 2847/4953/4869 2849/4955/4871 1017/4930/4846 2848/4929/4845
f 2846/4951/4867 1008/4921/4837 2826/4926/4842 2847/4953/4869
f 2851/4957/4873 2850/2804/2775 2852/2803/2774 1016/4510/4442
f 2627/1716/1707 968/1715/1706 2625/3540/3491 2626/4471/4403
f 5461/2101/2089 5459/1615/1606 5171/1618/1609 5173/4958/4874
f 2919/4959/4875 2918/4960/4876 1033/4961/4877 2901/4962/4878
f 2860/4963/4879 2859/4964/4880 1012/4937/4853 2840/4949/4865
f 2853/2805/2776 2850/2804/2775 4193/4965/4881 4189/4966/4882
f 4211/4967/4883 4221/4968/4884 4193/4965/4881 4188/4969/4885
f 2892/4970/4886 2911/4971/4887 2873/4972/4888 1037/2806/2777
f 2880/4973/4889 2879/4974/4890 1019/4975/4891 2861/4976/4892
f 2854/4956/4872 2856/4977/4893 1018/4978/4894 2855/4954/4870
f 2856/4977/4893 2854/4956/4872 2834/4924/4840 1011/4925/4841
f 2254/3864/3809 2252/3857/3802 4875/378/378 4876/3865/3810
f 2839/4946/4862 2840/4949/4865 1012/4937/4853 2838/4869/4785
f 2857/4979/4895 2858/4980/4896 1018/4978/4894 2856/4977/4893
f 5058/4174/4110 5085/4173/4109 1234/4981/4897 541/4982/4898
f 1682/2852/2823 775/2570/2544 6505/2591/2543 6514/2590/2562
f 6530/2179/2167 6384/4983/4899 3684/4984/4900 6525/3374/3326
f 5570/4522/4454 5758/4521/4453 5759/3743/3691 5560/4528/3690
f 2615/4466/4398 2860/4963/4879 2840/4949/4865 960/4948/4864
f 2860/4963/4879 2615/4466/4398 962/4465/4397 2861/4976/4892
f 2628/3588/3537 2626/4471/4403 2144/4470/4402 759/3605/3554
f 6110/2443/2430 6153/4985/4901 6088/4986/4902 6047/2423/2411
f 2863/3862/3807 1020/3861/3806 2693/4647/4565 2862/4987/4903
f 1507/2105/2093 4169/2113/2101 4174/1700/1691 1506/2106/2094
f 1013/4646/4564 2842/4675/4593 2862/4987/4903 2693/4647/4565
f 2862/4987/4903 2864/4988/4904 1021/4989/4905 2863/3862/3807
f 2862/4987/4903 2842/4675/4593 1014/4678/4596 2864/4988/4904
f 5044/4990/4906 5009/4991/4907 4937/4992/4908 4972/4993/4909
f 2865/4651/4569 2866/4994/4910 1021/4989/4905 2864/4988/4904
f 2868/4928/4844 2867/4650/4568 1015/4649/4567 2848/4929/4845
f 2867/4650/4568 2868/4928/4844 2869/4995/4911 1022/4996/4912
f 911/2929/2897 2521/4307/4239 2543/4340/4272 2544/4343/4275
f 2859/4964/4880 2857/4979/4895 2837/4938/4854 1012/4937/4853
f 2830/4511/4443 2871/4997/4913 2872/3148/3113 1023/3151/3116
f 2852/2803/2774 2871/4997/4913 2830/4511/4443 1016/4510/4442
f 2871/4997/4913 2873/4972/4888 1044/4742/4659 2872/3148/3113
f 2873/4972/4888 2871/4997/4913 2852/2803/2774 1037/2806/2777
f 2883/4998/4914 2902/4999/4915 2699/4671/4589 1027/4663/4581
f 2874/5000/4916 2875/4913/4829 1024/5001/4917 2870/4931/4847
f 2876/5002/4918 1025/4282/4214 2875/4913/4829 2874/5000/4916
f 2621/3538/3489 966/4346/4278 2901/4962/4878 2900/5003/4919
f 6090/4680/4598 6089/2823/2794 6154/5004/4920 6155/5005/4921
f 2879/4974/4890 1026/5006/4922 2878/4283/4215 2877/5007/4923
f 2879/4974/4890 2877/5007/4923 2858/4980/4896 1019/4975/4891
f 5861/5008/4924 5860/5009/4925 5797/5010/4926 5798/5011/4927
f 5230/5012/4928 6285/5013/4929 6286/5014/4930 5302/5015/4931
f 2618/4468/4400 2880/4973/4889 2861/4976/4892 962/4465/4397
f 2885/5016/4932 2886/4664/4582 1028/5017/4933 2884/5018/4934
f 2880/4973/4889 2618/4468/4400 964/3539/3490 2881/5019/4935
f 1766/5020/4936 898/5021/4937 5073/5022/4938 5097/5023/4939
f 2696/3860/3805 2882/3859/3804 2883/4998/4914 1027/4663/4581
f 5807/5024/4940 5808/5025/4941 5606/5026/4942 5605/2230/2218
f 2815/4810/4726 2836/4870/4786 2835/3497/3448 1004/3496/3447
f 2887/5027/4943 1029/4665/4583 2886/4664/4582 2885/5016/4932
f 2872/3148/3113 1044/4742/4659 2718/4722/4639 2948/3149/3114
f 2885/5016/4932 2866/4994/4910 1022/4996/4912 2887/5027/4943
f 4221/4968/4884 6448/5028/4944 499/5029/1762 4213/5030/4945
f 1892/2702/2673 1967/2456/2442 1952/2455/2441 668/2960/2926
f 1031/4908/4824 2889/5031/4946 2888/5032/4947 2890/5033/4948
f 2890/5033/4948 2888/5032/4947 2869/4995/4911 1024/5001/4917
f 2891/5034/4949 2892/4970/4886 1037/2806/2777 2853/2805/2776
f 1058/5035/4950 2892/4970/4886 2891/5034/4949 2893/5036/4951
f 520/5037/4952 4215/1750/1741 4223/1753/1744 1396/5038/1761
f 112/7/7 105/14/14 374/853/851 372/825/823
f 5619/5039/4953 5546/5040/4954 5501/5041/4955 6298/5042/4956
f 2895/4909/4825 2894/4914/4830 2896/4281/4213 1032/5043/4957
f 4213/5030/4945 499/1771/1762 1396/1770/1761 4223/1753/1744
f 2895/4909/4825 1031/4908/4824 2890/5033/4948 2894/4914/4830
f 4855/2613/2584 1689/2616/2587 1748/2747/2718 4856/610/610
f 2898/5044/4958 1033/4961/4877 2918/4960/4876 2916/5045/4959
f 1032/5043/4957 2896/4281/4213 2897/4280/4212 2898/5044/4958
f 2899/5046/4960 1033/4961/4877 2898/5044/4958 2897/4280/4212
f 2887/5027/4943 1022/4996/4912 2869/4995/4911 2888/5032/4947
f 2889/5031/4946 1029/4665/4583 2887/5027/4943 2888/5032/4947
f 5275/5047/4961 5273/5048/4962 5201/5049/4963 5203/5050/4964
f 2922/5051/4965 2921/3900/3845 2923/5052/4966 1042/4688/4605
f 2621/3538/3489 2900/5003/4919 2881/5019/4935 964/3539/3490
f 2902/4999/4915 2903/3903/3848 1034/3902/3847 2699/4671/4589
f 6279/4469/4401 6281/198/198 4957/1823/1814 4802/3635/3584
f 2902/4999/4915 2904/5053/4967 1035/5054/4968 2903/3903/3848
f 2902/4999/4915 2883/4998/4914 1028/5017/4933 2904/5053/4967
f 2904/5053/4967 2905/4655/4573 2906/4654/4572 1035/5054/4968
f 3076/4595/4515 3077/4594/4514 3026/5055/4969 946/4767/4684
f 1032/5043/4957 2915/5056/4970 2913/4910/4826 2895/4909/4825
f 2907/4656/4574 2908/5057/4971 2909/5058/4972 1036/4657/4575
f 5189/5059/4973 5188/5060/4974 5476/5061/4975 5477/1573/1564
f 2908/5057/4971 2889/5031/4946 1031/4908/4824 2910/4911/4827
f 4960/5062/4976 5032/5063/4977 5004/3160/3125 4932/5064/4978
f 2721/4733/4650 1044/4742/4659 2873/4972/4888 2911/4971/4887
f 2917/5065/4979 2916/5045/4959 2918/4960/4876 1040/1501/1492
f 5111/2968/2934 5059/5066/4980 4987/1632/1623 5039/5067/4981
f 2914/5068/4982 2913/4910/4826 2915/5056/4970 1039/5069/4983
f 2913/4910/4826 2914/5068/4982 1038/5070/4984 2910/4911/4827
f 2915/5056/4970 2916/5045/4959 2917/5065/4979 1039/5069/4983
f 968/1715/1706 2920/1502/1493 2919/4959/4875 2624/3541/3492
f 400/930/928 1072/5071/4985 1068/898/896 1069/897/895
f 2920/1502/1493 1040/1501/1492 2918/4960/4876 2919/4959/4875
f 2624/3541/3492 2919/4959/4875 2901/4962/4878 966/4346/4278
f 2921/3900/3845 2922/5051/4965 1041/4667/4585 2702/3901/3846
f 3632/5072/4986 3631/5073/4987 6412/5074/2075 3760/5075/2641
f 506/572/572 1374/1357/1348 1414/1356/1347 1395/571/571
f 1062/4725/4642 2949/5076/4988 2948/3149/3114 2718/4722/4639
f 2924/5077/4989 2926/5078/4990 1043/5079/4991 2925/4689/4606
f 2926/5078/4990 2924/5077/4989 2906/4654/4572 1036/4657/4575
f 2933/3150/3115 2930/5080/4992 2829/4932/4848 1023/3151/3116
f 3559/455/455 6366/601/601 6367/5081/4993 3555/5082/4994
f 2945/5083/4995 2944/4686/4603 2925/4689/4606 1043/5079/4991
f 1045/4729/4646 2928/5084/4996 2927/5085/4997 2929/5086/4998
f 2962/3400/3351 2931/5087/4999 938/5088/5000 2964/3401/3352
f 2927/5085/4997 2909/5058/4972 1038/5070/4984 2929/5086/4998
f 2932/5089/5001 938/5088/5000 2931/5087/4999 2930/5080/4992
f 3963/3079/3044 2959/5090/5002 2961/5091/5003 3964/5092/5004
f 5267/5093/5005 5265/5094/5006 5193/5095/5007 5195/5096/5008
f 3118/5097/5009 3297/5098/5010 3352/1389/1380 3333/1392/1383
f 2914/5068/4982 2934/5099/5011 2929/5086/4998 1038/5070/4984
f 2935/4621/4539 1045/4729/4646 2929/5086/4998 2934/5099/5011
f 1046/4622/4540 2935/4621/4539 2934/5099/5011 2936/5100/5012
f 2934/5099/5011 2914/5068/4982 1039/5069/4983 2936/5100/5012
f 2937/5101/5013 2938/5102/5014 1046/4622/4540 2936/5100/5012
f 2939/1504/1495 2940/1503/1494 2941/5103/5015 1047/5104/5016
f 5678/4383/4315 5669/3763/3711 5619/5039/4953 5540/5105/5017
f 2942/4784/4700 2704/4668/4586 1041/4667/4585 2922/5051/4965
f 1048/5106/5018 2704/4668/4586 2942/4784/4700 2736/4786/4702
f 2942/4784/4700 2922/5051/4965 1042/4688/4605 2943/4687/4604
f 2707/4700/4617 993/4704/4621 2712/4706/4623 2709/4705/4622
f 2944/4686/4603 2945/5083/4995 1050/2384/2372 2740/4950/4866
f 4441/5107/5019 4457/5108/5020 4413/5109/5021 4420/5110/5022
f 2958/3127/3092 2955/5111/5023 4195/3368/3320 4191/5112/5024
f 2945/5083/4995 2946/5113/5025 2744/2385/2373 1050/2384/2372
f 2744/2385/2373 2946/5113/5025 2947/4730/4647 1052/4799/4715
f 2608/2807/2778 2120/3516/3467 765/3518/3469 2610/4456/4388
f 2948/3149/3114 2949/5076/4988 1063/5114/5026 2933/3150/3115
f 2947/4730/4647 2950/4620/4538 2752/4818/4734 1052/4799/4715
f 2954/5115/5027 2953/4944/4860 1047/5104/5016 2941/5103/5015
f 4351/3211/3174 4355/3210/3173 1974/4176/4112 703/4179/4115
f 2951/4623/4541 2952/4943/4859 2756/3355/3308 1053/3358/3311
f 1046/4622/4540 2938/5102/5014 2952/4943/4859 2951/4623/4541
f 2953/4944/4860 2952/4943/4859 2938/5102/5014 1047/5104/5016
f 2759/3610/3559 1054/4819/4735 2953/4944/4860 2954/5115/5027
f 5369/5116/5028 5441/5117/5029 5443/2353/2341 5371/5118/5030
f 4016/3077/3042 4017/2626/2597 3961/2629/2600 3962/3078/3043
f 4439/5119/5031 4454/5120/5032 4478/5121/5033 4462/5122/5034
f 4211/4967/4883 4227/5123/5035 1487/2044/2032 478/2043/2034
f 3962/3078/3043 3961/2629/2600 2955/5111/5023 2957/5124/5036
f 2955/5111/5023 2958/3127/3092 1065/3126/3091 2957/5124/5036
f 2955/5111/5023 3961/2629/2600 4209/2628/2599 4195/3368/3320
f 3524/4878/4794 3530/5125/5037 4015/3076/3041 4014/4879/4795
f 1783/2827/2798 1802/1835/1826 1801/1834/1825 624/2818/2789
f 1067/4936/4852 2961/5091/5003 2959/5090/5002 2832/4933/4849
f 5687/5126/5038 5686/5127/5039 5738/5128/5040 5739/5129/5041
f 2959/5090/5002 3963/3079/3044 3962/3078/3043 2957/5124/5036
f 3545/5130/5042 3550/4877/4793 4021/4876/4792 4020/5131/5043
f 4021/4876/4792 4014/4879/4795 3964/5092/5004 3965/3399/3350
f 4832/909/907 4800/924/922 4765/2339/2327 4849/2338/2326
f 2962/3400/3351 2961/5091/5003 1067/4936/4852 2931/5087/4999
f 989/4746/4663 2729/4768/4685 2726/4757/4674 2724/4752/4669
f 940/5132/5044 2968/5133/5045 3072/5134/5046 3073/5135/5047
f 3543/5136/5048 4019/5137/5049 4018/3458/3409 3539/5138/5050
f 940/5132/5044 2967/5139/5051 2965/5140/5052 2968/5133/5045
f 3967/5141/5053 3966/3402/3353 2964/3401/3352 2965/5140/5052
f 3970/5142/5054 3969/3456/3407 2969/5143/5055 2970/5144/5056
f 2971/5145/5057 2969/5143/5055 2967/5139/5051 940/5132/5044
f 4510/5146/5058 4512/5147/5059 390/872/870 85/535/535
f 2970/5144/5056 2969/5143/5055 2971/5145/5057 941/5148/5060
f 4022/5149/5061 4023/3095/3060 3971/5150/5062 3972/5151/5063
f 2969/5143/5055 3969/3456/3407 3968/3459/3410 2967/5139/5051
f 3969/3456/3407 3970/5142/5054 4024/3098/3063 4025/3457/3408
f 4023/3095/3060 4024/3098/3063 3970/5142/5054 3971/5150/5062
f 2974/5152/5064 2973/5153/5065 2975/5154/5066 943/5155/5067
f 5099/5156/5068 5027/5157/5069 4984/5158/5070 5056/5159/5071
f 2973/5153/5065 2970/5144/5056 941/5148/5060 2975/5154/5066
f 3168/5160/5072 2960/5161/5073 58/5162/5074 3324/5163/5075
f 3557/3096/3061 4023/3095/3060 4022/5149/5061 3552/2273/2261
f 4028/5164/5076 4029/5165/5077 3973/4934/4850 3974/3893/3838
f 943/5155/5067 2980/5166/5078 2977/4935/4851 2974/5152/5064
f 2979/3890/3835 2977/4935/4851 2980/5166/5078 945/5167/5079
f 2974/5152/5064 2977/4935/4851 3973/4934/4850 3972/5151/5063
f 5590/5168/5080 5592/5169/5081 5792/5170/5082 5790/5171/5083
f 5776/2066/2054 5568/5172/5084 5578/5173/5085 5775/2067/2055
f 3975/3892/3837 2981/3891/3836 5838/2068/2056 5853/5174/5086
f 4029/5165/5077 4022/5149/5061 3972/5151/5063 3973/4934/4850
f 5625/1889/1880 1119/1047/1045 394/2054/2044 5558/5175/4428
f 5806/5176/5087 5869/5177/5088 5873/5178/5089 5810/5179/5090
f 2984/3124/3089 2851/4957/4873 1016/4510/4442 2831/3125/3090
f 4196/5180/5091 4188/4969/4885 2851/4957/4873 2984/3124/3089
f 3095/5181/5092 5582/5182/5093 5585/5183/5094 6320/5184/5095
f 2986/5185/5096 945/5167/5079 2980/5166/5078 2987/5186/5097
f 5579/5187/5098 5777/5188/5099 5751/4497/4429 5558/5175/4428
f 2633/4491/4423 2985/3027/2993 2986/5185/5096 950/4479/4411
f 4427/5189/5100 3180/603/603 2966/602/602 4416/4433/4365
f 5840/3028/2994 5777/5188/5099 5776/2066/2054 5839/2069/2057
f 1833/2945/2911 1832/2941/2907 643/2944/2910 1813/2841/2812
f 2986/5185/5096 2987/5186/5097 2671/4480/4412 950/4479/4411
f 2988/4619/4537 994/4615/4533 2671/4480/4412 2987/5186/5097
f 3374/5190/5101 3372/5191/5102 3406/1718/1709 3408/5192/5103
f 2990/3813/3759 947/5193/5104 3014/5194/5105 3012/3814/3760
f 947/5193/5104 2990/3813/3759 2989/3106/3071 2991/3109/3074
f 3019/5195/5106 592/4359/4291 3017/4358/4290 3018/5196/5107
f 952/3108/3073 2732/4779/4695 2992/5197/5108 2991/3109/3074
f 3017/4358/4290 3015/4361/4293 2993/5198/5109 585/4856/4772
f 2994/4857/4773 585/4856/4772 2993/5198/5109 2992/5197/5108
f 3018/5196/5107 3017/4358/4290 585/4856/4772 2996/4855/4771
f 3000/5199/5110 2998/4442/4374 2725/4747/4664 990/4703/4620
f 2729/4768/4685 2995/4854/4770 2994/4857/4773 988/4769/4686
f 2912/5200/5111 1058/5035/4950 3002/4764/4681 3024/5201/5112
f 2997/4443/4375 586/2196/2184 2996/4855/4771 2995/4854/4770
f 758/3644/3593 5983/3647/3596 5995/3303/3258 1646/2464/2450
f 2072/3405/3356 739/2773/2744 2081/3427/3378 2079/3165/3130
f 2998/4442/4374 3000/5199/5110 587/3727/3675 2999/2193/2181
f 4206/2765/2736 3809/5202/5113 3844/5203/5114 4207/5204/5115
f 2893/5036/4951 3001/4765/4682 3002/4764/4681 1058/5035/4950
f 4943/5205/5116 4798/3676/3625 4801/1395/1386 4917/1394/1385
f 4229/5206/5117 4197/5207/5118 4190/1751/1742 4215/1750/1741
f 2716/4483/4415 3004/4482/4414 3000/5199/5110 990/4703/4620
f 3013/4355/4287 3012/3814/3760 3014/5194/5105 591/5208/5119
f 3007/4708/4625 3008/4891/4807 589/4890/4806 3006/4485/4417
f 943/5155/5067 2975/5154/5066 3033/5209/5120 3011/5210/5121
f 2712/4706/4623 3007/4708/4625 3006/4485/4417 992/4484/4416
f 3007/4708/4625 3009/4707/4624 590/5211/5122 3008/4891/4807
f 943/5155/5067 3011/5210/5121 3010/4617/4535 2988/4619/4537
f 3011/5210/5121 590/5211/5122 3009/4707/4624 3010/4617/4535
f 591/5208/5119 3037/5212/5123 3035/4354/4286 3013/4355/4287
f 3029/4889/4805 3027/5213/5124 3005/5214/5125 589/4890/4806
f 6278/5215/5126 6274/5216/5127 6211/5217/5128 6215/5218/5129
f 5126/4874/4790 5124/5219/5130 5412/3051/3016 5414/3050/3015
f 3697/5220/2609 6456/5221/2216 4232/2227/2215
f 2447/4065/4004 2453/4139/4075 2434/4108/4044 867/4066/4005
f 3019/5195/5106 593/2787/2758 3043/2786/2757 3041/5222/5131
f 3014/5194/5105 947/5193/5104 2993/5198/5109 3015/4361/4293
f 3669/3807/3753 6385/5223/5132 3670/5224/5133 3671/3808/3754
f 3021/2194/2182 3022/2788/2759 593/2787/2758 3020/2195/2183
f 3020/2195/2183 593/2787/2758 3019/5195/5106 3018/5196/5107
f 3004/4482/4414 3005/5214/5125 587/3727/3675 3000/5199/5110
f 3018/5196/5107 2996/4855/4771 586/2196/2184 3020/2195/2183
f 4566/4302/4234 4612/4411/4343 4610/5225/5134 4564/5226/5135
f 611/961/959 1619/960/958 1620/979/977 1621/2374/2362
f 4964/5227/5136 4778/3886/3831 4774/3885/3830 4911/5228/5137
f 3022/2788/2759 594/5229/5138 3046/5230/5139 3044/2785/2756
f 594/5229/5138 3022/2788/2759 3021/2194/2182 3023/3726/3674
f 24/5231/5140 59/3752/3700 3163/3751/3699 6319/5232/5141
f 3026/5055/4969 880/2005/1996 3025/2004/1995 3024/5201/5112
f 3026/5055/4969 3024/5201/5112 3002/4764/4681 946/4767/4684
f 5091/5233/5142 5046/5234/5143 395/4821/4737 1604/4820/4736
f 3055/5235/5144 888/5236/5145 3053/5237/5146 3054/5238/5147
f 3054/5238/5147 3053/5237/5146 595/5239/5148 3031/5240/5149
f 3027/5213/5124 3029/4889/4805 595/5239/5148 3028/5241/5150
f 3211/5242/5151 269/1944/1935 3195/1943/1934 3084/5243/5152
f 3030/4888/4804 3032/5244/5153 596/5245/5154 3031/5240/5149
f 5691/5246/5155 5640/5247/5156 5517/5248/5157 5552/5249/5158
f 1488/2048/2038 5723/4613/4531 5698/1043/1041 1120/1056/1052
f 3011/5210/5121 3033/5209/5120 3032/5244/5153 590/5211/5122
f 3033/5209/5120 3034/5250/5159 596/5245/5154 3032/5244/5153
f 6142/5251/5160 6141/2860/2829 6076/503/503 6077/506/506
f 920/5252/5161 2551/4329/4261 3035/4354/4286 3036/5253/5162
f 3035/4354/4286 3037/5212/5123 714/5254/5163 3036/5253/5162
f 3061/5255/5164 3042/5256/5165 838/5257/5166 3062/5258/5167
f 3038/5259/5168 3037/5212/5123 591/5208/5119 3016/4360/4292
f 3038/5259/5168 3039/820/818 714/5254/5163 3037/5212/5123
f 3038/5259/5168 3040/5260/5169 715/821/819 3039/820/818
f 3042/5256/5165 3041/5222/5131 3043/2786/2757 838/5257/5166
f 3019/5195/5106 3041/5222/5131 3040/5260/5169 592/4359/4291
f 1062/4725/4642 3069/5261/5170 3070/5262/5171 2949/5076/4988
f 3051/5263/5172 3052/5264/5173 859/5265/5174 3046/5230/5139
f 715/821/819 3040/5260/5169 3041/5222/5131 3042/5256/5165
f 4464/5266/5175 3107/5267/5176 3342/5268/5177 4481/5269/5178
f 3044/2785/2756 3046/5230/5139 859/5265/5174 3045/5270/5179
f 3061/5255/5164 3062/5258/5167 1009/5271/5180 3048/5272/5181
f 3030/4888/4804 3031/5240/5149 595/5239/5148 3029/4889/4805
f 4856/610/610 4813/613/613 4817/2614/2585 4855/2613/2584
f 3048/5272/5181 3047/4795/4711 2789/4798/4714 935/4875/4791
f 3068/4805/4721 3052/5264/5173 888/5236/5145 3069/5261/5170
f 565/1334/1325 1247/1424/1415 1243/1423/1414 1244/1430/1421
f 2949/5076/4988 3070/5262/5171 3071/5273/5182 1063/5114/5026
f 3047/4795/4711 3048/5272/5181 1009/5271/5180 3050/2002/1993
f 3053/5237/5146 3051/5263/5172 3028/5241/5150 595/5239/5148
f 5757/4523/4455 5623/730/730 5626/733/733 5756/4516/4448
f 3074/5274/5183 3073/5135/5047 889/5275/5184 3056/5276/5185
f 4204/5277/5186 3764/5278/5187 3633/5279/5188 4202/4182/4118
f 889/5275/5184 3055/5235/5144 3054/5238/5147 3056/5276/5185
f 3036/5253/5162 3057/5280/5189 2573/5281/5190 920/5252/5161
f 3057/5280/5189 2810/4898/4814 928/4900/4816 2573/5281/5190
f 902/4352/4284 2810/4898/4814 3057/5280/5189 3058/4353/4285
f 5171/1618/1609 443/5282/5191 2750/5283/5192 5173/4958/4874
f 3059/823/821 3060/822/820 935/4875/4791 2790/4351/4283
f 1895/2956/2922 1894/3058/3023 1896/3059/3024 670/2983/2949
f 3060/822/820 715/821/819 3042/5256/5165 3061/5255/5164
f 4362/3388/3339 4305/3387/3338 4299/2438/2425 4358/2298/2286
f 3078/2003/1994 3050/2002/1993 1009/5271/5180 3064/5284/5193
f 525/5285/5194 2742/5286/5195 5169/1617/1608 5167/5287/5196
f 3045/5270/5179 3063/5288/5197 3062/5258/5167 838/5257/5166
f 3074/5274/5183 3034/5250/5159 941/5148/5060 2971/5145/5057
f 3063/5288/5197 3065/4804/4720 1030/4803/4719 3064/5284/5193
f 2746/4809/4725 3066/5289/5198 3842/2889/2858 3839/4802/4718
f 3066/5289/5198 3067/5290/5199 3843/2890/2859 3842/2889/2858
f 3067/5290/5199 3066/5289/5198 3049/4796/4712 880/2005/1996
f 3052/5264/5173 3068/4805/4721 3065/4804/4720 859/5265/5174
f 2719/4724/4641 3068/4805/4721 3069/5261/5170 1062/4725/4642
f 4432/5291/5200 4418/5292/5201 3233/5293/5202 3235/5294/5203
f 3839/4802/4718 3838/1407/1398 2745/4610/4528 2746/4809/4725
f 3070/5262/5171 3069/5261/5170 888/5236/5145 3055/5235/5144
f 5718/1205/1198 5719/4226/4162 1160/1216/1209 1159/1206/1199
f 3810/5295/5204 3809/5202/5113 3507/5296/5205 3522/2916/2884
f 3088/5297/5206 3204/3146/3111 1056/3145/3110 3207/5298/5207
f 3184/5299/5208 3182/5300/5209 5847/1480/1471 5848/1483/1474
f 3071/5273/5182 3072/5134/5046 2932/5089/5001 1063/5114/5026
f 3034/5250/5159 3074/5274/5183 3056/5276/5185 596/5245/5154
f 5355/5301/5210 5353/5302/5211 5425/5303/5212 5427/5304/5213
f 5084/1930/1921 1173/3319/3272 529/3318/3271 5053/1931/1922
f 6378/5305/1099 3666/5306/5214 3665/5307/5215 3678/5308/5216
f 5810/5179/5090 5607/5309/5217 5604/5310/5218 5806/5176/5087
f 3845/4596/4516 3810/5295/5204 3811/5311/5219 3846/4593/4513
f 3809/5202/5113 3810/5295/5204 3845/4596/4516 3844/5203/5114
f 4192/5312/5220 4219/5313/5221 4231/4044/3984 4198/5314/5222
f 1509/5315/5223 4228/1701/1692 4218/2114/2102 6447/5316/2212
f 3778/2225/2213 6456/2228/2216 4233/2763/2734 4245/2762/2733
f 6447/2224/2212 1555/2223/2211 4231/4044/3984 4219/5313/5221
f 3067/5290/5199 880/2005/1996 3026/5055/4969 3077/4594/4514
f 3067/5290/5199 3077/4594/4514 3846/4593/4513 3843/2890/2859
f 5027/5157/5069 4955/5317/5224 4912/5318/5225 4984/5158/5070
f 3811/5311/5219 3521/2915/2883 3472/5319/5226 3808/2887/2856
f 3846/4593/4513 3811/5311/5219 3808/2887/2856 3843/2890/2859
f 3522/2916/2884 3521/2915/2883 3811/5311/5219 3810/5295/5204
f 2720/4732/4649 588/4731/4648 3025/2004/1995 3078/2003/1994
f 2774/4851/4767 2773/4845/4761 986/4753/4670 2727/4759/4676
f 4982/4907/4823 5028/4906/4822 4956/5320/5227 4910/5321/5228
f 5667/5322/5229 5618/5323/5230 5529/5324/5231 5666/3620/3569
f 3170/5325/5232 6319/5232/5141 3163/3751/3699 3171/4260/4194
f 3247/5326/5233 3248/5327/5234 3099/5328/5235 3224/5329/5236
f 6319/5232/5141 3170/5325/5232 6308/3621/3570 6309/2013/2004
f 5666/3620/3569 5529/5324/5231 5532/2215/2203 5664/2214/2202
f 3166/1946/1937 6321/3786/3732 3170/5325/5232 3171/4260/4194
f 5841/2253/2241 5842/2252/2240 5779/5330/5237 5778/5331/5238
f 3175/5332/5239 3161/4790/4706 3174/2251/2239 3172/2254/2242
f 5781/5333/5240 5793/5334/5241 5593/4549/4476 5587/4552/4479
f 5843/5335/5242 5841/2253/2241 5778/5331/5238 5780/5336/5243
f 1439/1795/1786 1440/1885/1876 509/1851/1842 1421/1796/1787
f 5841/2253/2241 5843/5335/5242 3176/5337/5244 3172/2254/2242
f 4146/139/139 4145/135/135 144/130/130 147/145/145
f 5594/5338/5245 5593/4549/4476 5793/5334/5241 5794/5339/5246
f 3180/603/603 3177/4720/4637 4682/5340/5247 4680/604/604
f 4428/4721/4638 3177/4720/4637 3180/603/603 4427/5189/5100
f 4249/5341/5248 3389/5342/5249 3881/5343/5250 4255/3348/3301
f 5763/4542/4469 5762/1154/1148 5825/4546/4473 5826/4556/4483
f 120/5344/5251 122/4791/4707 3161/4790/4706 2963/5345/5252
f 5863/5346/5253 5844/4719/4636 5781/5333/5240 5800/4739/4656
f 6318/5347/5254 5584/5348/5255 5557/5349/5256 71/5350/5257
f 5847/1480/1471 3182/5300/5209 3979/5351/5258 5854/5352/5259
f 5557/5349/5256 5749/5353/5260 5785/1482/1473 5580/5354/5261
f 3182/5300/5209 3184/5299/5208 3162/5355/5262 3183/5356/5263
f 5784/1481/1472 5556/5357/5264 5580/5354/5261 5785/1482/1473
f 5589/2620/2591 5591/5358/5265 5791/5359/5266 5789/5360/5267
f 5792/5170/5082 5786/5361/5268 5849/5362/5269 5855/5363/5270
f 3919/4489/4421 3644/4488/4420 3640/5364/5271 3918/5365/5272
f 3921/4452/4384 3488/5366/5273 3641/5367/5274 3920/5368/5275
f 3187/3071/3036 3186/5369/5276 3188/5370/5277 3083/5371/5278
f 6331/5372/5279 4645/5373/5280 5598/5374/5281 5596/5375/5282
f 4686/5376/5283 3242/5377/5284 3090/5378/5285 4672/5379/5286
f 3190/2391/2379 3192/5380/5287 3084/5243/5152 3191/2392/2380
f 3190/2391/2379 3187/3071/3036 3083/5371/5278 3192/5380/5287
f 5648/2246/2234 5708/1134/1128 5707/1120/1115 5647/2243/2231
f 2686/2485/2469 2688/4644/4562 2652/4560/4487 957/4559/4486
f 3490/5381/5288 3492/5382/5289 3923/476/476 3924/475/475
f 3195/1943/1934 3193/5383/5290 3191/2392/2380 3084/5243/5152
f 3194/5384/5291 3193/5383/5290 3195/1943/1934 3085/1942/1933
f 1229/1382/1373 458/1373/1364 1226/1372/1363 1228/1383/1374
f 3925/5385/5292 3502/5386/5293 3490/5381/5288 3924/475/475
f 3198/5387/5294 3196/3143/3108 3199/2908/2877 3087/2907/2876
f 3925/5385/5292 3926/5388/5295 3503/5389/5296 3502/5386/5293
f 3197/5390/5297 3196/3143/3108 3198/5387/5294 3158/5391/5298
f 3504/5392/5299 3493/5393/5300 3929/2980/2946 3927/3130/3095
f 3930/2981/2947 3931/3008/2974 3992/3007/2973 3991/2978/2944
f 3927/3130/3095 3928/3129/3094 3642/5394/5301 3504/5392/5299
f 3990/2979/2945 3991/2978/2944 3200/2905/2874 3199/2908/2877
f 3204/3146/3111 3088/5297/5206 3202/5395/5302 3203/5396/5303
f 2/5397/5304 385/5398/5305 138/5399/5306 3096/5400/5307
f 799/3010/2976 3263/3013/2979 3137/5401/5308 3213/5402/5309
f 3262/5403/5310 3169/3012/2978 2963/5345/5252 2956/5404/5311
f 3202/5395/5302 3088/5297/5206 3201/2906/2875 3200/2905/2874
f 3931/3008/2974 3930/2981/2947 3495/5405/5312 3496/5406/5313
f 3135/5407/5314 3209/4474/4406 3206/5408/5315 3207/5298/5207
f 3203/5396/5303 3202/5395/5302 3992/3007/2973 3993/3006/2972
f 4002/5409/5316 3998/2082/2070 3283/5410/5317 3302/5411/5318
f 3208/5412/5319 3087/2907/2876 3201/2906/2875 3206/5408/5315
f 3499/5413/5320 3605/5414/5321 3933/5415/5322 3932/3009/2975
f 4439/5119/5031 4418/5292/5201 4432/5291/5200 4454/5120/5032
f 3207/5298/5207 3206/5408/5315 3201/2906/2875 3088/5297/5206
f 3084/5243/5152 3192/5380/5287 3210/5416/5323 3211/5242/5151
f 3206/5408/5315 3209/4474/4406 3141/4473/4405 3208/5412/5319
f 3211/5242/5151 3210/5416/5323 3212/5417/5324 3140/5418/5325
f 3213/5402/5309 3137/5401/5308 3212/5417/5324 3210/5416/5323
f 5072/4672/4590 5095/4674/4592 5023/5419/5326 5000/5420/5327
f 3214/5421/5328 3216/5422/5329 3093/2705/2676 3215/2704/2675
f 5811/5423/5330 5845/818/816 3179/5424/5331 47/5425/5332
f 3264/864/862 320/5426/5333 3217/5427/5334 3137/5401/5308
f 1055/2707/2678 272/5428/5335 3140/5418/5325 3215/2704/2675
f 5668/5429/5336 5667/5322/5229 6311/3785/3731 6312/5430/5337
f 5618/5323/5230 5667/5322/5229 5668/5429/5336 5530/4074/4013
f 5837/4597/4517 5817/4441/4373 5754/4585/4507 5774/4588/4510
f 3219/1945/1936 3151/5431/5338 3218/5432/5339 6322/3787/3733
f 6322/3787/3733 6321/3786/3732 3166/1946/1937 3219/1945/1936
f 3220/5433/5340 3221/5434/5341 3094/5435/5342 3224/5329/5236
f 5493/5436/5343 6323/5437/5344 3095/5438/5092 6297/5439/5345
f 3220/5433/5340 3222/5440/5346 3139/1295/1286 3221/5434/5341
f 3223/5441/5347 3148/5442/5348 3222/5440/5346 3220/5433/5340
f 3220/5433/5340 3224/5329/5236 3099/5328/5235 3223/5441/5347
f 506/572/572 1354/1142/1136 1373/1141/1135 1374/1357/1348
f 4437/5443/5349 4416/4433/4365 4425/4432/4364 4447/5444/5350
f 4674/5445/5351 3228/5446/5352 3225/5447/5353 4683/5448/5354
f 4452/3503/3454 4447/5444/5350 4425/4432/4364 4430/5449/5355
f 252/5450/5356 3327/5451/5357 4422/785/783 4415/784/782
f 4430/5449/5355 3225/5447/5353 3228/5446/5352 4421/5452/5358
f 5022/5453/5359 5002/5454/5360 4930/2898/2867 4950/5455/5361
f 3103/5456/5362 4674/5445/5351 4683/5448/5354 3229/5457/5363
f 4671/5458/5364 4684/5459/5365 3230/5460/5366 3231/5461/5367
f 3225/5447/5353 3226/4431/4363 4679/4612/4530 4683/5448/5354
f 4431/5462/5368 4420/5110/5022 3231/5461/5367 3230/5460/5366
f 4431/5462/5368 4418/5292/5201 4439/5119/5031 4453/5463/5369
f 3235/5294/5203 3233/5293/5202 4673/5464/5370 4685/5465/5371
f 4667/4460/4392 13/5466/5372 3089/5467/5373 4671/5458/5364
f 3230/5460/5366 3233/5293/5202 4418/5292/5201 4431/5462/5368
f 4684/5459/5365 4673/5464/5370 3233/5293/5202 3230/5460/5366
f 5814/5468/5374 2633/4491/4423 2631/4490/4422 5813/4494/4426
f 4684/5459/5365 4671/5458/5364 3089/5467/5373 3234/5469/5375
f 2213/3788/3734 791/3703/3651 2179/3709/3657 2214/3789/3735
f 4478/5121/5033 4454/5120/5032 4448/5470/5376 4472/5471/5377
f 3446/1825/1816 3904/1828/1819 3902/1836/1827 3444/1839/1830
f 4678/4086/4025 4685/5465/5371 3238/5472/5378 3152/2317/2305
f 6298/5042/4956 6300/5473/5379 5540/5105/5017 5619/5039/4953
f 4685/5465/5371 4673/5464/5370 3101/5474/5380 3238/5472/5378
f 4669/1862/1853 252/5450/5356 3241/5475/5381 4672/5379/5286
f 4438/5476/5382 4417/5477/5383 4415/784/782 4435/783/781
f 4442/2211/2199 4421/5452/5358 4433/5478/5384 4455/2212/2200
f 1650/3645/3594 6508/2480/2464 6501/2479/2463 768/2490/2474
f 4433/5478/5384 4417/5477/5383 4438/5476/5382 4455/2212/2200
f 376/776/774 99/18/18 347/746/744 393/886/884
f 4672/5379/5286 3241/5475/5381 3239/5479/5385 4686/5376/5283
f 3239/5479/5385 3228/5446/5352 4674/5445/5351 4686/5376/5283
f 4686/5376/5283 4674/5445/5351 3103/5456/5362 3242/5377/5284
f 3244/5480/5386 3243/4475/4407 3209/4474/4406 3135/5407/5314
f 6347/49/49 6339/4144/4080 6231/5481/5387 6276/5482/5388
f 3243/4475/4407 3246/5483/5389 3097/1306/1297 3245/1733/1724
f 3252/1294/1285 3250/5484/5390 3221/5434/5341 3139/1295/1286
f 1261/1437/1428 1259/1247/1238 1175/1249/1240 446/1255/1246
f 3244/5480/5386 3247/5326/5233 3224/5329/5236 3094/5435/5342
f 3247/5326/5233 3249/3816/3762 3142/3815/3761 3248/5327/5234
f 448/1460/1451 1267/1507/1498 1265/1476/1467 1263/1461/1452
f 3249/3816/3762 3247/5326/5233 3244/5480/5386 3135/5407/5314
f 3309/5485/5391 3109/5486/5392 3276/5487/5393 1469/5488/5394
f 5206/4132/4068 5278/4131/4067 5280/5489/5395 5208/5490/5396
f 3855/5491/5397 3363/5492/5398 3361/5493/5399 3853/5494/5400
f 3094/5435/5342 3221/5434/5341 3250/5484/5390 3246/5483/5389
f 5164/5495/5401 5162/4335/4267 5450/5496/5402 5452/1649/1640
f 1165/1226/1217 1201/1292/1283 1200/1291/1282 439/1217/1210
f 748/3162/3127 3260/5497/5403 3141/4473/4405 716/3163/3128
f 977/4797/4713 3049/4796/4712 3066/5289/5198 2746/4809/4725
f 1187/1276/1267 1186/1275/1266 1188/1277/1268 482/1279/1270
f 887/5498/5404 3347/5499/5405 3120/5500/5406 3335/5501/5407
f 3253/5502/5408 3255/5503/5409 3085/1942/1933 3254/1941/1932
f 3112/3120/3085 3255/5503/5409 3253/5502/5408 3256/3121/3086
f 3253/5502/5408 3257/5504/5410 3146/5505/5411 3256/3121/3086
f 3260/5497/5403 3258/5506/5412 3208/5412/5319 3141/4473/4405
f 3254/1941/1932 3147/5507/5413 3257/5504/5410 3253/5502/5408
f 3259/5508/5414 3258/5506/5412 3260/5497/5403 3157/5509/5415
f 4694/348/348 4487/734/734 4502/738/738 4709/739/739
f 3208/5412/5319 3258/5506/5412 3198/5387/5294 3087/2907/2876
f 4511/5510/5416 177/3533/3484 32/3532/3483 4513/5511/5417
f 272/5428/5335 269/1944/1935 3211/5242/5151 3140/5418/5325
f 3261/865/863 3263/3013/2979 3169/3012/2978 3262/5403/5310
f 320/5426/5333 3264/864/862 3102/863/861 3312/5512/5418
f 3261/865/863 3264/864/862 3137/5401/5308 3263/3013/2979
f 1469/5488/5394 3276/5487/5393 3145/5513/5419 3295/5514/5420
f 3266/5515/5421 3268/1879/1870 3129/620/620 3267/619/619
f 3131/5516/5422 3273/5517/5423 230/5518/5424 235/5519/5425
f 3266/5515/5421 3270/5520/5426 3121/5521/5427 3269/5522/5428
f 318/5523/5429 3270/5520/5426 3106/5524/5430 382/5525/5431
f 318/5523/5429 235/5519/5425 3121/5521/5427 3270/5520/5426
f 3266/5515/5421 3267/619/619 3106/5524/5430 3270/5520/5426
f 3271/1304/1295 3273/5517/5423 3131/5516/5422 3272/5526/5432
f 3341/5527/5433 3344/5528/5434 3091/5529/5435 3272/5526/5432
f 3273/5517/5423 3271/1304/1295 3251/1307/1298 3132/5530/5436
f 6/5531/5437 348/1734/1725 3274/1305/1296 3091/5529/5435
f 1061/1728/1719 3298/5532/5438 3145/5513/5419 3277/1374/1365
f 3272/5526/5432 3091/5529/5435 3274/1305/1296 3271/1304/1295
f 3275/1375/1366 3277/1374/1365 3145/5513/5419 3276/5487/5393
f 3503/5389/5296 3926/5388/5295 3934/5533/5439 3566/5534/5440
f 3275/1375/1366 3279/5535/5441 3098/5536/5442 3278/1376/1367
f 1055/2707/2678 1051/2706/2677 3098/5536/5442 3308/5537/5443
f 3307/5538/5444 3308/5537/5443 3098/5536/5442 3279/5535/5441
f 3278/1376/1367 3098/5536/5442 1051/2706/2677 971/3868/3813
f 3566/5534/5440 3934/5533/5439 3935/5539/5445 3632/5072/4986
f 3281/3023/2989 3280/5540/5446 3255/5503/5409 3112/3120/3085
f 3255/5503/5409 3280/5540/5446 3194/5384/5291 3085/1942/1933
f 2091/3450/3401 2089/3444/3395 3825/5541/5447 3826/3452/3403
f 3987/5542/5448 3194/5384/5291 3280/5540/5446 3995/5543/5449
f 5959/2824/2795 6518/5544/3795 6519/5545/2433 5960/2448/2434
f 3283/5410/5317 3282/1905/1896 3284/3135/3100 3111/2835/2806
f 3287/2836/2807 3286/3907/3852 3288/5546/5450 3143/5547/5451
f 15/4462/4394 3/5548/5452 4666/5549/5453 4668/4459/4391
f 6121/2524/2503 6058/2918/2886 6057/2521/2500 6120/2520/2499
f 3287/2836/2807 3111/2835/2806 3284/3135/3100 3286/3907/3852
f 3286/3907/3852 3289/3908/3853 3117/1391/1382 3288/5546/5450
f 3292/3080/3045 3290/5550/5454 3223/5441/5347 3099/5328/5235
f 3291/5551/5455 3290/5550/5454 3292/3080/3045 3110/3083/3048
f 5276/4130/4066 5204/4129/4065 5202/5552/5456 5274/5553/5457
f 3148/5442/5348 3223/5441/5347 3290/5550/5454 3293/4103/4039
f 1810/2892/2861 1809/2891/2860 1811/2924/2892 643/2944/2910
f 6/5531/5437 3354/5554/5458 8/5555/5459 3100/3164/3129
f 3296/5556/5460 3116/5557/5461 3295/5514/5420 3294/5558/5462
f 5736/5559/5463 5733/5560/5464 6332/5561/5465 4647/4310/4242
f 3124/5562/5466 3297/5098/5010 3294/5558/5462 3298/5532/5438
f 3110/3083/3048 1459/3082/3047 1066/5563/5467 3291/5551/5455
f 3295/5514/5420 3145/5513/5419 3298/5532/5438 3294/5558/5462
f 4001/5564/5468 4000/3025/2991 3299/3024/2990 3300/5565/5469
f 4847/1380/1371 4773/1458/1449 4768/3353/3306 4848/902/900
f 3299/3024/2990 3301/3119/3084 3113/5566/5470 3300/5565/5469
f 3301/3119/3084 3299/3024/2990 3281/3023/2989 3112/3120/3085
f 3314/1470/1461 4003/1469/1460 4001/5564/5468 3300/5565/5469
f 3631/5073/4987 3632/5072/4986 3935/5539/5445 3939/5567/5471
f 3605/5414/5321 3628/3576/3526 3941/5568/5472 3933/5415/5322
f 3205/5569/5473 3302/5411/5318 3303/2834/2805 3086/3147/3112
f 3318/5570/5474 3115/3136/3101 3285/1904/1895 3317/5571/5475
f 3302/5411/5318 3283/5410/5317 3111/2835/2806 3303/2834/2805
f 3628/3576/3526 3558/3575/3525 3937/2083/2071 3941/5568/5472
f 3142/3815/3761 3305/3144/3109 3304/2833/2804 3306/5572/5476
f 3309/5485/5391 3307/5538/5444 3279/5535/5441 3109/5486/5392
f 3104/5573/5477 3313/5574/5478 3310/5575/5479 3240/5576/5480
f 3307/5538/5444 3257/5504/5410 3147/5507/5413 3308/5537/5443
f 5301/1253/1244 5299/3581/3530 5227/3582/3531 5229/1254/1245
f 3240/5576/5480 3310/5575/5479 3311/5577/5481 3126/5578/5482
f 3311/5577/5481 3310/5575/5479 3312/5512/5418 3102/863/861
f 3310/5575/5479 3313/5574/5478 3092/5579/5483 3312/5512/5418
f 6299/1061/1057 5534/1060/1056 5536/5580/5484 5495/5581/5485
f 4466/2210/2198 4479/2209/2197 3240/5576/5480 3126/5578/5482
f 1197/1280/1271 1195/1199/1192 1158/1127/1121 437/1190/1184
f 1905/3018/2984 1906/3068/3033 673/1995/1986 1904/3019/2985
f 3634/5582/5486 3633/5279/5188 3764/5583/5187 6401/5584/2076
f 3314/1470/1461 3316/5585/5487 3114/5586/5488 3315/1471/1462
f 3940/5587/5489 3942/5588/5490 3633/5279/5188 3634/5582/5486
f 3672/5589/5491 3668/5590/5492 3671/3808/3754 3670/5591/5133
f 1223/1361/1352 456/1330/1321 1222/1366/1357 1220/1362/1353
f 4005/893/891 4186/4270/4204 3315/1471/1462 3317/5571/5475
f 2146/3601/3550 2145/3600/3549 2142/3589/3538 798/3591/3540
f 3944/896/894 3938/895/893 3637/5592/5493 3635/5593/5494
f 4540/5594/5495 255/1863/1854 3090/5378/5285 4538/5595/5496
f 5670/5596/5497 5528/2822/2793 5546/5040/4954 5685/3762/3710
f 4677/2947/2913 3150/2946/2912 3321/5597/5498 4687/5598/5499
f 6312/5430/5337 6316/5599/5500 5680/5600/5501 5668/5429/5336
f 3327/5451/5357 4676/1865/1856 4688/5601/5502 3325/5602/5503
f 4470/1908/1899 4475/5603/5504 3218/5432/5339 3151/5431/5338
f 1522/2051/2041 1499/2079/2067 546/2024/2015 1519/2023/2014
f 5542/4075/4014 5530/4074/4013 5668/5429/5336 5680/5600/5501
f 3323/5604/5505 3265/862/860 3168/5160/5072 3324/5163/5075
f 5157/2355/2343 2673/2967/2933 526/2966/2932 5159/5605/5506
f 3323/5604/5505 3227/5606/5507 3126/5578/5482 3311/5577/5481
f 3416/5607/5508 3414/5608/5509 3906/1827/1818 3908/5609/5510
f 3324/5163/5075 3154/5610/5511 3227/5606/5507 3323/5604/5505
f 4688/5601/5502 4676/1865/1856 3130/1864/1855 3326/5611/5512
f 3327/5451/5357 3325/5602/5503 4434/5612/5513 4422/785/783
f 2976/5613/5514 3167/5614/5515 4473/849/847 4460/5615/5516
f 4419/5616/5517 4434/5612/5513 3325/5602/5503 3328/5617/5518
f 4439/5119/5031 4462/5122/5034 4477/5618/5519 4453/5463/5369
f 3889/5619/5520 3431/5620/5521 3429/5621/5522 3887/1557/1548
f 4688/5601/5502 4675/5622/5523 3328/5617/5518 3325/5602/5503
f 3330/5623/5524 3329/5624/5525 3296/5556/5460 3118/5097/5009
f 1305/1555/1546 471/1561/1552 1304/1318/1309 1303/1464/1455
f 3116/5557/5461 3296/5556/5460 3329/5624/5525 3331/5625/5526
f 3318/5570/5474 3114/5586/5488 3330/5623/5524 3332/5626/5527
f 3289/3908/3853 3332/5626/5527 3333/1392/1383 3117/1391/1382
f 1295/1091/1086 1296/1341/1332 451/1495/1486 1276/1092/1087
f 3332/5626/5527 3330/5623/5524 3118/5097/5009 3333/1392/1383
f 3335/5501/5407 3334/1293/1284 3336/1296/1287 3119/5627/5528
f 1467/1979/1970 1468/1982/1973 537/1526/1517 1310/1568/1559
f 3132/5530/5436 3337/5628/5529 230/5518/5424 3273/5517/5423
f 3911/5629/5530 3909/5630/5531 3451/5631/5532 3453/5632/5533
f 3337/5628/5529 3132/5530/5436 3252/1294/1285 3334/1293/1284
f 3898/1717/1708 3896/1720/1711 3438/2544/2521 3440/5633/5534
f 3339/2351/2339 3338/2350/2338 3222/5440/5346 3148/5442/5348
f 3119/5627/5528 3336/1296/1287 3338/2350/2338 3340/2349/2337
f 318/5523/5429 382/5525/5431 3133/5634/5535 3343/5635/5536
f 3133/5634/5535 3342/5268/5177 3341/5527/5433 3343/5635/5536
f 3318/5570/5474 3332/5626/5527 3289/3908/3853 3115/3136/3101
f 3354/5554/5458 6/5531/5437 3091/5529/5435 3344/5528/5434
f 3346/5636/5537 3345/5637/5538 3347/5499/5405 3127/5638/5539
f 3341/5527/5433 3342/5268/5177 3107/5267/5176 3344/5528/5434
f 3269/5522/5428 3345/5637/5538 3346/5636/5537 3128/5639/5540
f 230/5518/5424 3348/5640/5541 3121/5521/5427 235/5519/5425
f 3121/5521/5427 3348/5640/5541 3345/5637/5538 3269/5522/5428
f 3351/1731/1722 3123/1730/1721 3339/2351/2339 3349/4102/4038
f 3293/4103/4039 3349/4102/4038 3339/2351/2339 3148/5442/5348
f 4253/859/857 4249/5341/5248 4265/3243/3204 4266/3242/858
f 6336/5641/3333 6411/5642/5542 3625/3803/3749 6324/5643/5543
f 5335/1900/1891 5191/5644/5544 5190/5645/5545 5334/1901/1892
f 3349/4102/4038 3350/4101/4037 3124/5562/5466 3351/1731/1722
f 5132/5646/5546 5130/5647/5547 5418/5648/5548 5420/5649/5549
f 3125/1948/1939 3136/5650/5550 3151/5431/5338 3219/1945/1936
f 6328/5651/5551 5497/2403/2391 5478/2402/2390 41/5652/5552
f 3128/5639/5540 3346/5636/5537 385/5398/5305 150/5653/5553
f 3352/1389/1380 3297/5098/5010 3124/5562/5466 3350/4101/4037
f 4420/5110/5022 4413/5109/5021 10/4461/4393 3231/5461/5367
f 4478/5121/5033 3236/5654/5554 3105/5655/5555 4462/5122/5034
f 3232/5656/5556 3105/5655/5555 8/5555/5459 3354/5554/5458
f 4454/5120/5032 4432/5291/5200 4426/5657/5557 4448/5470/5376
f 3354/5554/5458 3344/5528/5434 3107/5267/5176 3232/5656/5556
f 4667/4460/4392 4668/4459/4391 3134/5658/5558 13/5466/5372
f 4444/5659/5559 4457/5108/5020 4481/5269/5178 4468/5660/5560
f 15/4462/4394 10/4461/4393 4413/5109/5021 4414/5661/5561
f 4457/5108/5020 4441/5107/5019 4464/5266/5175 4481/5269/5178
f 1454/1439/1430 523/1442/1433 1257/1466/1457 1455/916/914
f 3231/5461/5367 10/4461/4393 4667/4460/4392 4671/5458/5364
f 5848/1483/1474 5812/5662/5562 117/4792/4708 3184/5299/5208
f 5633/5663/5563 5635/5664/5564 5509/5665/5565 5507/2405/2393
f 44/5666/5566 3156/5667/5567 43/5668/5568 6317/5669/5569
f 6324/5643/5543 3625/3803/3749 3915/3802/3748 6325/5670/5570
f 6326/5671/2594 5495/5581/5485 5497/2403/2391 6328/5672/5551
f 4092/4190/4126 4091/4192/4128 4059/4194/4130 4060/4200/4136
f 5586/5673/5571 5748/5674/5572 5780/5336/5243 5582/5182/5093
f 47/5425/5332 91/5675/5573 3159/5676/5574 3176/5337/5244
f 3179/5424/5331 3167/5614/5515 91/5675/5573 47/5425/5332
f 5650/5677/5575 5649/5678/5576 5513/3558/3508 5522/5679/3507
f 1790/2846/2817 632/2727/2698 1742/2726/2697 1791/2843/2814
f 3100/3164/3129 8/5555/5459 93/5680/5577 95/3161/3126
f 478/5681/2034 6448/5682/4944 4221/4968/4884 4211/4967/4883
f 100/5683/5578 3164/5684/5579 95/3161/3126 93/5680/5577
f 93/5680/5577 3236/5654/5554 3165/5685/5580 100/5683/5578
f 4456/5686/5581 4434/5612/5513 4419/5616/5517 4440/5687/5582
f 93/5680/5577 8/5555/5459 3105/5655/5555 3236/5654/5554
f 3138/3701/3649 129/3867/3812 125/5688/5583 134/5689/5584
f 776/3650/3599 2195/3598/3547 2193/3747/3695 2158/3603/3552
f 125/5688/5583 138/5399/5306 3127/5638/5539 134/5689/5584
f 3096/5400/5307 138/5399/5306 125/5688/5583 3216/5422/5329
f 3542/5690/5585 3547/2903/2872 3850/2902/2871 3852/5691/5586
f 129/3867/3812 3093/2705/2676 3216/5422/5329 125/5688/5583
f 3104/5573/5477 146/1878/1869 143/1877/1868 3313/5574/5478
f 4419/5616/5517 3328/5617/5518 3/5548/5452 4412/5692/5587
f 410/944/942 1085/934/932 1082/832/830 1083/932/930
f 143/1877/1868 3268/1879/1870 3128/5639/5540 150/5653/5553
f 4354/2988/2954 4350/3328/3281 4291/3094/3059 4295/2989/2955
f 4461/5693/5588 4458/5694/5589 146/1878/1869 3104/5573/5477
f 3131/5516/5422 235/5519/5425 318/5523/5429 3343/5635/5536
f 5735/5695/5590 5734/5696/5591 4577/4309/4241 4623/5697/5592
f 4669/1862/1853 4672/5379/5286 3090/5378/5285 255/1863/1854
f 4458/5694/5589 4461/5693/5588 4438/5476/5382 4435/783/781
f 4456/5686/5581 4440/5687/5582 4463/5698/5593 4480/618/618
f 4435/783/781 4443/782/780 4467/621/621 4458/5694/5589
f 3327/5451/5357 252/5450/5356 4669/1862/1853 4676/1865/1856
f 4471/5699/5594 4460/5615/5516 4437/5443/5349 4447/5444/5350
f 4268/5700/859 4251/2901/2870 4252/2904/2873 4267/5701/5595
f 5740/5702/5596 5738/5128/5040 5686/5127/5039 5688/5703/5597
f 3092/5579/5483 150/5653/5553 385/5398/5305 2/5397/5304
f 385/5398/5305 3346/5636/5537 3127/5638/5539 138/5399/5306
f 1316/1581/1572 1314/1576/1567 473/1519/1510 1318/1582/1573
f 3328/5617/5518 4675/5622/5523 4666/5549/5453 3/5548/5452
f 4440/5687/5582 4419/5616/5517 4412/5692/5587 4436/5704/5598
f 1151/1185/1179 1148/1182/1176 5713/4553/4480 5714/1183/1177
f 4412/5692/5587 3/5548/5452 15/4462/4394 4414/5661/5561
f 4668/4459/4391 4666/5549/5453 5/5705/5599 3134/5658/5558
f 43/5668/5568 3156/5667/5567 59/3752/3700 24/5231/5140
f 6296/5706/5600 71/5707/5257 3079/5708/5601 5479/5709/5602
f 5602/5710/5603 4985/4727/4644 4913/4520/4452 5601/4519/4451
f 71/5350/5257 6296/5706/5600 5491/3321/3274 6318/5347/5254
f 5848/1483/1474 5785/1482/1473 5749/5353/5260 5812/5662/5562
f 2982/5711/5604 120/5344/5251 812/3011/2977 3160/5712/5605
f 117/4792/4708 122/4791/4707 3162/5355/5262 3184/5299/5208
f 5557/5349/5256 5584/5348/5255 5779/5330/5237 5749/5353/5260
f 3312/5512/5418 3092/5579/5483 2/5397/5304 320/5426/5333
f 3217/5427/5334 320/5426/5333 2/5397/5304 3096/5400/5307
f 5773/4608/4526 5772/4601/4521 5835/4604/4523 5836/4598/4518
f 6/5531/5437 3100/3164/3129 716/3163/3128 348/1734/1725
f 716/3163/3128 3141/4473/4405 3245/1733/1724 348/1734/1725
f 3164/5684/5579 752/5713/5606 748/3162/3127 95/3161/3126
f 3260/5497/5403 748/3162/3127 752/5713/5606 3157/5509/5415
f 3168/5160/5072 3262/5403/5310 2956/5404/5311 2960/5161/5073
f 3160/5712/5605 812/3011/2977 799/3010/2976 3188/5370/5277
f 5269/5714/5607 5267/5093/5005 5195/5096/5008 5197/2063/2051
f 294/524/524 56/787/785 293/429/429 292/521/521
f 1221/1367/1358 459/1365/1356 1501/2085/2073 1503/2099/2087
f 3109/5486/5392 3279/5535/5441 3275/1375/1366 3276/5487/5393
f 4773/1458/1449 4920/5715/5608 4946/3354/3307 4768/3353/3306
f 3347/5499/5405 887/5498/5404 134/5689/5584 3127/5638/5539
f 890/3702/3650 3138/3701/3649 134/5689/5584 887/5498/5404
f 3119/5627/5528 890/3702/3650 887/5498/5404 3335/5501/5407
f 3278/1376/1367 971/3868/3813 984/3700/3648 3144/1377/1368
f 984/3700/3648 971/3868/3813 129/3867/3812 3138/3701/3649
f 3388/3925/3870 3387/2869/2838 3421/2868/2837 3422/3870/3815
f 6342/39/39 6270/19/19 6271/5716/5609 4400/663/663
f 6191/5717/5610 6255/1776/1767 6254/3968/3909 6190/2664/2635
f 4486/284/284 4494/238/238 173/227/227 174/226/226
f 272/5428/5335 1055/2707/2678 3308/5537/5443 3147/5507/5413
f 3340/2349/2337 1057/3699/3647 890/3702/3650 3119/5627/5528
f 2550/4356/4288 2548/1665/1656 2551/4329/4261 920/5252/5161
f 3702/5718/5611 6290/5719/5612 6396/5720/5613 3707/5721/5614
f 5381/2093/2081 5237/2092/2080 5235/5722/5615 5379/5723/5616
f 3144/1377/1368 984/3700/3648 1057/3699/3647 1060/1729/1720
f 5444/800/798 6033/5724/5617 6029/5725/5618 5156/801/799
f 3123/1730/1721 1060/1729/1720 1057/3699/3647 3340/2349/2337
f 5200/5726/5619 5344/5727/5620 5342/3053/3018 5198/5728/5621
f 1716/2667/2638 1718/2568/2542 1681/2586/2558 616/2589/2561
f 1097/968/966 1094/966/964 1095/951/949 407/972/970
f 3941/5568/5472 3937/2083/2071 3998/2082/2070 4002/5409/5316
f 1415/1815/1806 551/1352/1343 1579/2272/2260 1580/2271/2259
f 3288/5546/5450 1066/5563/5467 1459/3082/3047 3143/5547/5451
f 2985/3027/2993 2633/4491/4423 5814/5468/5374 5840/3028/2994
f 1066/5563/5467 3353/1390/1381 3149/4104/4040 3291/5551/5455
f 3118/5097/5009 3296/5556/5460 3294/5558/5462 3297/5098/5010
f 1463/3122/3087 1466/5729/5622 3116/5557/5461 3331/5625/5526
f 3146/5505/5411 1466/5729/5622 1463/3122/3087 3256/3121/3086
f 5748/5674/5572 5586/5673/5571 5583/5730/5623 5782/819/817
f 3142/3815/3761 3306/5572/5476 1473/3081/3046 3248/5327/5234
f 3248/5327/5234 1473/3081/3046 3292/3080/3045 3099/5328/5235
f 3143/5547/5451 1459/3082/3047 1473/3081/3046 3306/5572/5476
f 460/1333/1324 1213/1308/1299 1220/1362/1353 1221/1367/1358
f 752/5713/5606 3164/5684/5579 1481/1947/1938 1477/4259/4193
f 752/5713/5606 1477/4259/4193 1485/3754/3702 3157/5509/5415
f 6541/5731/5624 3608/3555/3506 3611/3554/3505 3747/5732/5625
f 6485/1110/1105 6478/1113/1108 5610/1020/1018 5615/1109/1104
f 3171/4260/4194 1477/4259/4193 1481/1947/1938 3166/1946/1937
f 3159/5676/5574 2960/5161/5073 2956/5404/5311 3175/5332/5239
f 2963/5345/5252 3169/3012/2978 812/3011/2977 120/5344/5251
f 5015/5733/5626 4989/1387/1378 5061/1386/1377 5087/1758/1749
f 5595/5734/5627 4465/5735/888 6330/5736/5628 5594/5338/5245
f 2760/4831/4747 2761/4830/4746 974/4626/4544 2678/634/634
f 1964/3181/3145 688/2675/2646 1948/3152/3117 1965/2758/2729
f 6210/5737/5629 6018/4633/4551 5970/5738/5630 6167/5739/5631
f 5797/5010/4926 5860/5009/4925 5862/5740/5632 5799/5741/5633
f 2950/4620/4538 2951/4623/4541 1053/3358/3311 2752/4818/4734
f 2402/4082/4021 857/678/678 2406/677/677 2404/4085/4024
f 5782/819/817 5583/5730/5623 5595/5734/5627 5795/816/814
f 5791/5359/5266 5591/5358/5265 5556/5357/5264 5784/1481/1472
f 2940/1503/1494 2627/1716/1707 970/3587/3536 2941/5103/5015
f 5132/5646/5546 884/5742/5634 1770/5743/5635 5130/5647/5547
f 2978/5744/5636 3977/5745/5637 3980/5746/5638 3183/5356/5263
f 4187/1938/1929 4035/1940/1931 3945/2982/2948 4185/5747/5639
f 3916/4486/4418 3922/5748/5640 3615/5749/5641 3614/4487/4419
f 3189/5750/5642 2978/5744/5636 2982/5711/5604 3160/5712/5605
f 3158/5391/5298 3082/5751/5643 3080/5752/5644 3197/5390/5297
f 3080/5752/5644 3978/4833/4749 3989/3132/3097 3197/5390/5297
f 3978/4833/4749 3080/5752/5644 44/5666/5566 3976/5753/5645
f 3082/5751/5643 3156/5667/5567 44/5666/5566 3080/5752/5644
f 3125/1948/1939 100/5683/5578 3165/5685/5580 3136/5650/5550
f 100/5683/5578 3125/1948/1939 1481/1947/1938 3164/5684/5579
f 4557/4320/4252 4555/5754/5646 4601/5755/5647 4603/4321/4253
f 3178/2316/2304 4681/2948/2914 4678/4086/4025 3152/2317/2305
f 4426/5657/5557 3237/4087/4026 3173/4061/4000 4423/4060/3999
f 3136/5650/5550 4469/1909/1900 4470/1908/1899 3151/5431/5338
f 4677/2947/2913 3322/4062/4001 3173/4061/4000 4681/2948/2914
f 3259/5508/5414 3185/3753/3701 3082/5751/5643 3158/5391/5298
f 1485/3754/3702 3185/3753/3701 3259/5508/5414 3157/5509/5415
f 2204/3678/3627 835/3947/3892 2203/3768/3716 2202/3767/3715
f 3167/5614/5515 2976/5613/5514 58/5162/5074 91/5675/5573
f 3159/5676/5574 91/5675/5573 58/5162/5074 2960/5161/5073
f 3847/4241/4177 3548/5756/5648 3544/5757/5649 3848/185/185
f 3528/5758/5650 3857/5759/5651 3855/5491/5397 3533/1585/1576
f 4253/859/857 4250/858/856 3847/4241/4177 3355/4240/4176
f 3544/5757/5649 3541/5760/5652 3849/182/182 3848/185/185
f 3850/2902/2871 4251/2901/2870 4248/3241/3203 3358/5761/5653
f 3360/5762/5654 3358/5761/5653 3392/2789/2760 3394/5763/5655
f 3851/1068/1063 3849/182/182 3541/5760/5652 3538/5764/5656
f 3852/5691/5586 3850/2902/2871 3358/5761/5653 3360/5762/5654
f 3732/5765/5657 3742/1786/1777 3743/5766/1776 6540/5767/5658
f 3362/5768/5659 3854/5769/5660 3852/5691/5586 3360/5762/5654
f 3853/5494/5400 3535/1586/1577 3533/1585/1576 3855/5491/5397
f 3366/5770/5661 3858/5771/5662 3856/5772/5663 3364/5773/5664
f 3362/5768/5659 3364/5773/5664 3856/5772/5663 3854/5769/5660
f 3367/5774/5665 3365/5775/5666 3857/5759/5651 3859/5776/5667
f 3859/5776/5667 3857/5759/5651 3528/5758/5650 3525/5777/5668
f 3860/5778/5669 3858/5771/5662 3366/5770/5661 3368/5779/5670
f 3861/5780/5671 3859/5776/5667 3525/5777/5668 3580/5781/5672
f 3372/5191/5102 3370/5782/5673 3404/1719/1710 3406/1718/1709
f 3860/5778/5669 3368/5779/5670 3370/5782/5673 3862/5783/5674
f 3370/5782/5673 3372/5191/5102 3864/5784/5675 3862/5783/5674
f 3863/5785/5676 3576/5786/5677 3574/5787/5678 3865/5788/5679
f 3866/4941/4857 3864/5784/5675 3372/5191/5102 3374/5190/5101
f 3867/5789/5680 3865/5788/5679 3574/5787/5678 3571/5790/5681
f 1533/1988/1979 539/2007/1998 1475/2017/2008 1540/2126/2114
f 3868/4942/4858 3866/4941/4857 3374/5190/5101 3376/5791/5682
f 3567/5792/5683 3869/5793/5684 3867/5789/5680 3571/5790/5681
f 3414/5608/5509 3380/5794/5685 3378/5795/5686 3412/5796/5687
f 3783/2303/2291 3819/2305/2293 3820/3435/3386 3784/2304/2292
f 3868/4942/4858 3376/5791/5682 3378/5795/5686 3870/5797/5688
f 3567/5792/5683 3561/5798/5689 3871/5799/5690 3869/5793/5684
f 3378/5795/5686 3380/5794/5685 3872/5800/5691 3870/5797/5688
f 4312/5801/5692 3876/5802/5693 3384/5803/5694 4311/5804/5695
f 3741/5805/5696 4323/3442/3393 4310/3441/3392 3556/5806/5697
f 3380/5794/5685 3382/5807/5698 3874/5808/5699 3872/5800/5691
f 4313/5809/5700 3873/5810/5701 3556/5806/5697 4310/3441/3392
f 3875/5811/5702 3874/5808/5699 3382/5807/5698 3383/5812/5703
f 664/3017/2983 1899/3062/3027 1897/3061/3026 1878/3014/2980
f 4322/5813/5704 3592/5814/5705 3876/5802/5693 4312/5801/5692
f 3718/5815/5706 3720/5816/5707 3721/5817/5708 6466/5818/4755
f 3385/2870/2839 3877/5819/5709 3875/5811/5702 3383/5812/5703
f 3592/5814/5705 3594/5820/5710 3878/3923/3868 3876/5802/5693
f 4974/5821/5711 5046/5234/5143 5091/5233/5142 5019/5822/5712
f 3879/5823/5713 3877/5819/5709 3385/2870/2839 3387/2869/2838
f 3594/5820/5710 3596/5824/5714 3880/3924/3869 3878/3923/3868
f 778/3615/3564 2151/3614/3563 2185/3618/3567 2186/3732/3680
f 6366/601/601 3559/455/455 3546/453/453 3661/452/452
f 3355/4240/4176 3356/184/184 3390/5825/5715 3389/5342/5249
f 4249/5341/5248 4253/859/857 3355/4240/4176 3389/5342/5249
f 3356/184/184 3357/183/183 3391/5826/5716 3390/5825/5715
f 3392/2789/2760 3358/5761/5653 4248/3241/3203 4254/2790/2761
f 3357/183/183 3359/1067/1062 3393/1559/1550 3391/5826/5716
f 3395/1560/1551 3393/1559/1550 3359/1067/1062 3361/5493/5399
f 3396/1710/1701 3362/5768/5659 3360/5762/5654 3394/5763/5655
f 5779/5330/5237 5584/5348/5255 5585/5183/5094 5778/5331/5238
f 3361/5493/5399 3363/5492/5398 3397/5827/5717 3395/1560/1551
f 3400/1137/1131 3366/5770/5661 3364/5773/5664 3398/1138/1132
f 5309/5828/5718 5307/5829/5719 5235/5722/5615 5237/2092/2080
f 3399/5830/5720 3397/5827/5717 3363/5492/5398 3365/5775/5666
f 643/2944/2910 1811/2924/2892 1812/2842/2813 1813/2841/2812
f 3401/1830/1821 3399/5830/5720 3365/5775/5666 3367/5774/5665
f 3403/1831/1822 3401/1830/1821 3367/5774/5665 3369/5831/5721
f 3368/5779/5670 3402/5832/5722 3404/1719/1710 3370/5782/5673
f 3405/2742/2713 3403/1831/1822 3369/5831/5721 3371/5833/5723
f 3407/4080/4019 3405/2742/2713 3371/5833/5723 3373/4081/4020
f 3065/4804/4720 3063/5288/5197 3045/5270/5179 859/5265/5174
f 175/236/236 277/549/549 265/496/496 60/495/495
f 3902/1836/1827 3904/1828/1819 3412/5796/5687 3410/5834/5724
f 3377/5835/5725 3411/1680/1671 3409/4079/4018 3375/4078/4017
f 4122/457/457 4154/3935/3880 4150/402/402 4118/462/462
f 773/2559/2535 1670/2551/2528 6512/2558/2489 5884/2557/2534
f 3416/5607/5508 3382/5807/5698 3380/5794/5685 3414/5608/5509
f 3412/5796/5687 3378/5795/5686 3376/5791/5682 3410/5834/5724
f 3377/5835/5725 3379/5836/5726 3413/1681/1672 3411/1680/1671
f 3379/5836/5726 3381/5837/5727 3415/5838/5728 3413/1681/1672
f 3415/5838/5728 3381/5837/5727 4315/5839/5729 4317/5840/5730
f 2613/5841/5731 2611/4458/4390 2124/3506/3457 764/3505/3456
f 3384/5803/5694 3418/5842/5732 4314/5843/5733 4311/5804/5695
f 3885/1558/1549 3427/5844/5734 3425/5845/5735 3883/5846/5736
f 3419/2871/2840 3385/2870/2839 3383/5812/5703 3417/5847/5737
f 3386/3926/3871 3420/5848/5738 3418/5842/5732 3384/5803/5694
f 5775/2067/2055 5790/5171/5083 5853/5174/5086 5838/2068/2056
f 3422/3870/3815 3420/5848/5738 3386/3926/3871 3388/3925/3870
f 4837/1235/1226 1172/1233/1224 1170/1232/1223 4836/1236/1227
f 3858/5771/5662 3534/5849/5739 3537/5850/5740 3856/5772/5663
f 3882/5851/5741 3881/5343/5250 3389/5342/5249 3390/5825/5715
f 4255/3348/3301 3881/5343/5250 3423/5852/5742 4258/3345/3298
f 3883/5846/5736 3882/5851/5741 3390/5825/5715 3391/5826/5716
f 3391/5826/5716 3393/1559/1550 3885/1558/1549 3883/5846/5736
f 3889/5619/5520 3887/1557/1548 3395/1560/1551 3397/5827/5717
f 1212/1332/1323 461/1297/1288 1209/1326/1317 1211/1309/1300
f 1952/2455/2441 1950/2964/2930 1848/2961/2927 668/2960/2926
f 3399/5830/5720 3891/1810/1801 3889/5619/5520 3397/5827/5717
f 3434/5853/5743 3892/1140/1134 3890/1139/1133 3432/1804/1795
f 3401/1830/1821 3893/1807/1798 3891/1810/1801 3399/5830/5720
f 3319/5854/5744 3322/4062/4001 4677/2947/2913 4687/5598/5499
f 981/633/633 2706/4698/4615 2760/4831/4747 2678/634/634
f 3899/1078/1073 3897/2741/2712 3405/2742/2713 3407/4080/4019
f 3900/1837/1828 3898/1717/1708 3440/5633/5534 3442/1838/1829
f 3409/4079/4018 3901/1075/1070 3899/1078/1073 3407/4080/4019
f 5678/4383/4315 5731/4382/4314 5724/3760/3708 5669/3763/3711
f 6422/5855/5745 3670/5224/5133 6385/5223/5132 6427/2401/2389
f 3907/5856/5746 3905/1678/1669 3413/1681/1672 3415/5838/5728
f 3450/5857/5747 3908/5609/5510 3906/1827/1818 3448/1826/1817
f 6429/143/143 6428/1867/1858 3649/5858/2156 6374/5859/5748
f 4320/5860/5749 3907/5856/5746 3415/5838/5728 4317/5840/5730
f 4314/5843/5733 3418/5842/5732 3910/5861/5750 4316/4781/4697
f 3182/5300/5209 3183/5356/5263 3980/5746/5638 3979/5351/5258
f 2959/5090/5002 2957/5124/5036 1065/3126/3091 2832/4933/4849
f 3914/3872/3817 3913/3871/3816 3455/5862/5751 3456/5863/5752
f 6454/1935/1926 6418/1934/1925 6419/810/808 6455/809/807
f 1809/2891/2860 1804/2876/2845 625/2829/2800 1789/2851/2822
f 6380/5864/5753 6009/5865/5754 6010/2172/2160 3679/5866/2162
f 6341/66/66 6368/5867/5755 3665/5307/5215 3501/67/67
f 6440/3938/3883 6009/5865/5754 6380/5864/5753 6420/3939/3884
f 6421/5868/5756 6442/2410/2398 6138/5869/2401 6381/5870/5757
f 6360/5871/5758 6265/5872/5759 6264/5873/5760 6200/5874/5761
f 6527/5875/5762 6382/5876/5763 3682/5877/3316 6526/2325/2313
f 3685/5878/5764 3474/5879/5765 3473/77/77 6369/5880/5766
f 3681/3920/3865 6369/5880/5766 3473/77/77 3468/76/76
f 3826/3452/3403 3825/5541/5447 3790/3439/3390 3791/3453/3404
f 3683/3921/3866 3681/3920/3865 3468/76/76 3470/5881/5767
f 6524/3371/3323 6525/3374/3326 3684/5882/4900 3686/5883/5768
f 3688/5884/5769 3477/5885/5770 3474/5879/5765 3685/5878/5764
f 501/1794/1785 1417/1840/1831 1419/1842/1833 1402/1793/1784
f 1683/2431/2418 1635/2414/2402 599/2417/2405 1686/3310/3263
f 6527/5875/5762 6524/3371/3323 3686/5886/5768 6382/5887/5763
f 6383/5888/5771 6531/2182/2170 6528/3313/3266 3655/5889/5772
f 6530/2179/2167 6531/2182/2170 6383/5890/5771 6384/5891/4899
f 3654/3117/3082 3518/115/115 3478/114/114 3687/5892/5773
f 6530/2179/2167 6525/3374/3326 3457/3373/3325 3466/2180/2168
f 3478/114/114 3477/5885/5770 3688/5884/5769 3687/5892/5773
f 6427/2401/2389 6385/5893/5132 3690/5894/2157 6446/1866/1857
f 3689/2170/2158 3481/122/122 3480/121/121 3691/2171/2159
f 3669/3807/3753 3491/845/843 3481/122/122 3689/2170/2158
f 3114/5586/5488 3316/5585/5487 3329/5624/5525 3330/5623/5524
f 3649/2168/2156 6428/1867/1858 6446/1866/1857 3690/2169/2157
f 6543/5895/5774 3623/5896/5775 3609/5897/5776 6542/5898/5777
f 4045/3244/3205 4077/3239/3201 4078/1174/1168 4046/1173/1167
f 6429/143/143 3595/142/142 3591/1868/1859 6428/1867/1858
f 3691/2171/2159 3480/121/121 3483/5899/5778 3648/5900/5779
f 6429/143/143 6374/5901/5748 3647/5902/3916 6423/140/140
f 28/223/223 241/428/428 371/824/822 197/299/299
f 3482/150/150 6362/3972/3913 3648/5900/5779 3483/5899/5778
f 6115/2477/2461 6114/2476/2460 1647/5903/5780 1648/2483/2467
f 6424/128/128 3586/127/127 3581/141/141 6423/140/140
f 6361/3973/3914 6362/3972/3913 3482/150/150 3485/149/149
f 4150/402/402 4149/401/401 4117/403/403 4118/462/462
f 2203/3768/3716 2338/3946/3891 2320/3964/3907 828/3766/3714
f 3484/798/796 3645/5904/5781 6361/3973/3914 3485/149/149
f 6432/5905/5782 3603/5906/5783 3601/5907/5784 6431/5908/5785
f 3656/5909/3196 3655/5910/5772 6528/3313/3266 6529/3234/3197
f 6363/3116/3081 6364/451/451 3549/454/454 3519/404/404
f 353/826/824 103/672/672 323/669/669 352/367/367
f 4301/3204/3167 3604/5911/5786 6433/5912/5787 6435/5913/5788
f 6430/1854/1845 6431/5908/5785 3601/5907/5784 3599/1855/1846
f 3657/5914/5789 3529/409/409 3516/412/412 3652/281/281
f 6349/5915/5790 6345/5916/5791 6274/5216/5127 6278/5215/5126
f 6431/5908/5785 3651/280/280 3664/283/283 6432/5905/5782
f 6376/5917/600 6377/5918/5792 6367/5081/4993 6366/601/601
f 3650/282/282 3652/281/281 3516/412/412 3515/414/414
f 6376/600/600 3660/599/599 6417/3235/3198 6535/4169/4105
f 3658/5919/5793 6425/125/125 6424/128/128 3646/5920/3915
f 2412/4051/3990 2410/2097/2085 2370/4034/3974 866/4035/3975
f 6417/3235/3198 6529/3234/3197 3463/3315/3268 3475/4189/4125
f 6426/1853/1844 6425/125/125 3658/5921/5793 6375/5922/5794
f 6430/1854/1845 6426/1853/1844 6375/5923/5794 3653/5924/5795
f 3659/5925/5796 3657/5914/5789 3653/5924/5795 6375/5923/5794
f 3526/797/795 3529/409/409 3657/5914/5789 3659/5925/5796
f 6434/5926/5797 6436/5927/5798 6388/3232/3195 6386/3231/3194
f 6370/1850/1841 4282/516/516 3555/5082/4994 6367/5081/4993
f 6532/4172/4108 6377/5918/5792 6376/5917/600 6535/4169/4105
f 3664/5928/283 3662/5929/1425 6433/5912/5787 6432/5905/5782
f 3564/531/531 6365/1435/1426 3650/282/282 3515/414/414
f 6435/5913/5788 6433/5912/5787 3662/1434/1425 6387/1433/1424
f 6371/1432/1423 4302/514/514 3565/513/513 3663/1849/1840
f 6420/3939/3884 6438/5930/4122 6516/5931/5799 3509/3940/3885
f 6373/3220/3183 6073/3219/3182 6136/647/647 6137/646/646
f 3672/5932/5491 6445/5933/5800 6421/5868/5756 6381/5934/5757
f 3668/5590/5492 3667/645/645 3612/648/648 3613/657/657
f 3486/2323/2311 6533/1102/1097 6534/1105/1100 3487/1933/1924
f 6534/1105/1100 6378/5305/1099 3678/5308/5216 6418/1934/1925
f 3683/3921/3866 3666/5306/5214 6378/1104/1099 6379/1103/1098
f 3501/67/67 3665/5307/5215 3666/5306/5214 3500/855/853
f 3470/5881/5767 3500/855/853 3666/5306/5214 3683/3921/3866
f 6427/2401/2389 3589/1800/1791 3514/1799/1790 6422/5855/5745
f 277/549/549 175/236/236 89/229/229 278/551/551
f 6419/810/808 6418/1934/1925 3678/5935/5216 3680/5936/5801
f 3672/5589/5491 3670/5591/5133 6422/5855/5745 6445/5933/5800
f 6007/2173/2161 6013/5937/5802 4130/651/651 3467/650/650
f 1566/2206/2194 1564/2208/2196 570/2204/2192 1567/2250/2238
f 3613/657/657 3489/842/840 3671/3808/3754 3668/5590/5492
f 3676/3221/3184 6394/5938/5803 6289/5939/4602 3675/4683/4601
f 606/2526/2505 1701/2389/2377 1703/2390/2378 1661/2519/2498
f 6406/5940/4694 4179/4777/4693 3635/5593/5494 3767/5941/5804
f 3770/1475/1466 3639/1474/1465 4178/1939/1930 4181/5942/5805
f 2137/3579/3528 2140/3583/3532 761/3568/3518 2134/3567/3517
f 6292/5943/3524 3769/5944/5806 3554/3844/3790 3558/3575/3525
f 3629/1977/1968 3630/1949/1940 3758/5945/5807 3757/5946/5808
f 3938/895/893 3936/2084/2072 3554/3844/3790 3637/5592/5493
f 6400/3577/3172 3673/3208/3171 3757/5946/5808 6292/3574/3524
f 3637/5592/5493 3554/3844/3790 3769/5947/5806 6413/5948/5809
f 4094/656/656 4093/4180/4116 4061/4201/4137 4062/4212/4148
f 3768/1472/1463 3758/5945/5807 3630/1949/1940 3638/1473/1464
f 5387/1256/1247 5459/1615/1606 5461/2101/2089 5389/2104/2092
f 3605/5414/5321 6410/3206/3169 6400/3209/3172 3628/3576/3526
f 1807/2457/2443 741/2697/2668 1787/2832/2803 1805/2874/2843
f 3677/3207/3170 3505/1975/1966 3624/1978/1969 3673/3208/3171
f 5398/1686/1677 5470/2154/2142 5468/2153/2141 5396/1687/1678
f 3816/2279/2267 3815/2240/2228 1582/2282/2270 1583/2281/2269
f 1696/2625/2596 622/2603/2574 1777/2812/2783 1796/2239/2227
f 3757/5946/5808 3673/3208/3171 3624/1978/1969 3629/1977/1968
f 3120/5500/5406 3337/5628/5529 3334/1293/1284 3335/5501/5407
f 3499/5413/5320 3496/5406/5313 6289/5939/4602 6394/5938/5803
f 3677/3207/3170 6410/5949/3169 6394/5950/5803 3676/3221/3184
f 3675/4683/4601 3508/5951/5810 3506/1976/1967 3676/3221/3184
f 6394/5950/5803 6410/5949/3169 3605/5414/5321 3499/5413/5320
f 6393/3255/2651 6409/3254/3213 3495/5405/5312 3493/5393/5300
f 3674/3256/3214 3754/2679/2650 3512/563/563 3510/562/562
f 6409/4685/3213 6289/4684/4602 3496/5406/5313 3495/5405/5312
f 1960/3087/3052 1959/3178/3142 1630/2400/2388 619/2395/2383
f 3675/4683/4601 3674/3256/3214 3510/562/562 3508/5951/5810
f 3642/5394/5301 6404/5952/580 6398/5953/2652 3504/5392/5299
f 3635/5593/5494 4179/4777/4693 4184/5954/5811 3944/896/894
f 3643/1611/1602 3774/2678/2649 3755/579/579 3494/2029/2020
f 6398/2681/2652 6393/2680/2651 3493/5393/5300 3504/5392/5299
f 2307/3949/3894 2306/2847/2818 2308/3950/3895 927/3985/3926
f 3643/1611/1602 3512/563/563 3754/2679/2650 3774/2678/2649
f 6399/5955/577 3626/3804/3750 3625/3803/3749 6411/5956/5542
f 1740/2155/2143 1737/2717/2688 1730/2693/2664 636/2156/2144
f 3978/4833/4749 3976/5753/5645 3915/3802/3748 3917/3805/3751
f 3627/2027/2018 3756/578/578 3753/5957/5812 3498/2037/2028
f 6327/5958/5813 6317/5669/5569 6305/5959/5814 6315/5960/5815
f 6293/5961/1058 6299/1061/1057 3523/5962/2593 6415/5963/2002
f 3570/5964/5816 5494/5965/5817 6494/5966/5818 3771/2010/2001
f 928/4900/4816 2329/3986/3927 2571/4399/4331 2573/5281/5190
f 1266/1477/1468 1265/1476/1467 1267/1507/1498 449/1494/1485
f 3777/2242/2230 3623/5896/5775 3620/5967/5819 3776/5968/5820
f 3750/5969/5821 3544/5757/5649 3548/5756/5648 3751/5970/5822
f 6544/5971/5823 3620/5967/5819 3623/5896/5775 6543/5972/5774
f 4180/5973/2610 4177/5974/5824 3620/5967/5819 6544/5975/5823
f 4244/2226/2214 4182/5976/5825 4177/5974/5824 4232/2227/2215
f 4232/2227/2215 4177/5974/5824 4180/2639/2610 3697/2638/2609
f 6542/5977/5777 3609/5897/5776 3608/3555/3506 6541/5978/5624
f 3528/5758/5650 3533/1585/1576 3744/1584/1575 3742/1786/1777
f 6541/5731/5624 3747/5732/5625 3746/1583/1574 3748/5979/5826
f 3611/3554/3505 3610/5980/5827 3745/5981/1778 3747/5982/5625
f 3027/5213/5124 3028/5241/5150 594/5229/5138 3023/3726/3674
f 3538/5764/5656 3748/5979/5826 3746/1583/1574 3535/1586/1577
f 3829/3884/3829 3794/5983/5828 3793/3879/3824 3828/3878/3823
f 3528/5758/5650 3742/1786/1777 3732/5765/5657 3525/5777/5668
f 3741/5805/5696 3556/5806/5697 3561/5798/5689 3739/5984/5829
f 6386/5985/3194 6377/5986/5792 6532/4172/4108 6434/5926/5797
f 750/3451/3402 2093/2837/2808 2094/3454/3405 2095/3455/3406
f 4311/5804/5695 4328/5987/5830 4326/5988/5831 4312/5801/5692
f 6539/5989/5832 6537/5990/5833 3619/3398/3349 3464/3397/3348
f 4361/2814/2785 4362/3388/3339 6471/5991/5834 3786/5992/2786
f 3574/5787/5678 3733/5993/5835 3738/4917/4833 3571/5790/5681
f 3736/5994/5836 3616/3438/3389 3617/81/81 3734/5995/80
f 3787/3191/3155 3619/3398/3349 3618/82/82 3788/3192/3156
f 3738/4917/4833 3737/4916/4832 3567/5792/5683 3571/5790/5681
f 3561/5798/5689 3567/5792/5683 3737/4916/4832 3739/5984/5829
f 5868/4448/4380 5867/5996/5837 5038/1629/1620 5110/4445/4377
f 3618/82/82 3619/3398/3349 6537/5997/5833 6538/5998/79
f 4161/852/850 4160/5999/5838 314/637/637 315/640/640
f 3943/4181/4117 4184/5954/5811 4179/4777/4693 3636/3057/3022
f 3735/6000/5839 3733/5993/5835 3574/5787/5678 3576/5786/5677
f 3731/6001/5840 3735/6000/5839 3730/6002/5841 6536/6003/5842
f 3616/3438/3389 3736/6004/5836 3731/6005/5840 3622/6006/5843
f 6085/6007/5844 6081/6008/5845 5953/6009/5846 5957/6010/5847
f 2053/3386/3337 2051/2130/2118 2030/2076/2064 726/2075/2063
f 3732/5765/5657 3730/6002/5841 3580/5781/5672 3525/5777/5668
f 3052/5264/5173 3051/5263/5172 3053/5237/5146 888/5236/5145
f 6540/6011/5658 3606/2301/2289 3621/6012/5848 6536/6013/5842
f 3730/6002/5841 3735/6000/5839 3576/5786/5677 3580/5781/5672
f 3729/4147/4083 3553/6014/5849 3551/6015/5850 3722/4148/4084
f 6507/2468/2449 5881/2467/2452 758/3644/3593 1646/2464/2450
f 3621/6012/5848 3622/6006/5843 3731/6001/5840 6536/6003/5842
f 3560/6016/5851 3553/6014/5849 3729/4147/4083 3728/3449/3400
f 6321/3786/3732 6310/3619/3568 6308/3621/3570 3170/5325/5232
f 2547/4215/4151 2546/4214/4150 2544/4343/4275 918/4342/4274
f 6470/6017/3397 6467/6018/4082 3584/3882/3827 3476/3883/3828
f 3728/3449/3400 3727/3448/3399 3562/6019/5852 3560/6016/5851
f 3476/3883/3828 3479/6020/5853 6469/3447/3398 6470/3446/3397
f 3726/6021/5854 3569/6022/5855 3562/6019/5852 3727/3448/3399
f 3739/5984/5829 6537/5990/5833 6539/5989/5832 3741/5805/5696
f 3868/4942/4858 3870/5797/5688 3569/6022/5855 3573/4939/4855
f 6468/6023/3864 6469/6024/3398 3479/6020/5853 3461/3916/3861
f 388/6025/5856 387/854/852 165/196/196 86/195/195
f 1923/3110/3075 1922/1997/1988 1924/1996/1987 680/3113/3078
f 3551/6015/5850 3593/6026/5857 3724/6027/5858 3722/4148/4084
f 3712/6028/5859 3578/6029/5860 3575/4940/4856 3713/6030/5861
f 3723/6031/4085 6465/6032/5862 3600/4425/4357 3582/4412/4344
f 6467/4146/4082 3723/4149/4085 3582/4412/4344 3584/3882/3827
f 4322/5813/5704 4321/6033/5863 3720/5816/5707 3592/5814/5705
f 3721/6034/5708 6474/6035/5864 4280/6036/5865 3598/4423/4355
f 3720/5816/5707 3718/5815/5706 3594/5820/5710 3592/5814/5705
f 3175/5332/5239 3172/2254/2242 3176/5337/5244 3159/5676/5574
f 6466/5818/4755 3721/5817/5708 3598/4423/4355 3597/4422/4354
f 3593/6026/5857 3596/5824/5714 3719/6037/5866 3724/6027/5858
f 3600/4425/4357 6465/6038/5862 3717/6039/4756 3602/4426/4358
f 3527/6040/5867 3710/6041/5868 3695/6042/5869 3531/6043/5870
f 6462/6044/5871 3711/6045/5872 3517/6046/5873 3471/6047/5874
f 2490/1812/1803 2489/4217/4153 4097/4221/4157 4098/6048/5875
f 6464/6049/5876 3520/4813/4729 3517/6046/5873 3711/6050/5872
f 3527/6040/5867 3578/6029/5860 3712/6028/5859 3710/6041/5868
f 3520/4813/4729 6464/6051/5876 3714/6052/5877 3583/4814/4730
f 3116/5557/5461 1466/5729/5622 1469/5488/5394 3295/5514/5420
f 3459/3917/3862 3585/4838/4754 3716/6053/5878 3725/6054/3863
f 3714/6055/5877 3716/6056/5878 3585/4838/4754 3583/4814/4730
f 3880/3924/3869 3596/5824/5714 3593/6026/5857 3879/5823/5713
f 3715/6057/5879 3713/6030/5861 3575/4940/4856 3573/4939/4855
f 4269/4036/3976 2372/4030/3971 2369/4029/3970 4274/879/877
f 806/3944/3889 2304/3943/3888 2310/3945/3890 2291/3951/3896
f 6407/6058/1999 5588/2621/2592 5787/6059/5880 6295/6060/2301
f 3536/3115/3080 3532/6061/5881 3763/2089/2077 3765/6062/5882
f 4204/6063/5186 4202/4182/4118 3636/3057/3022 4241/6064/3021
f 4199/2627/2598 4201/3114/3079 4235/6065/5883 4238/3511/3462
f 4243/6066/5884 4235/6065/5883 4201/3114/3079 4205/6067/5885
f 3530/5125/5037 3524/4878/4794 3761/2671/2642 3762/2090/2078
f 6327/5958/5813 3976/5753/5645 44/5666/5566 6317/5669/5569
f 2308/3950/3895 929/362/362 2575/6068/5886 2574/4400/4332
f 3631/5073/4987 3634/5582/5486 6401/2088/2076 6412/2087/2075
f 3763/2089/2077 3532/6061/5881 3530/5125/5037 3762/2090/2078
f 1704/2641/2612 658/2642/2613 1708/2655/2626 1706/2645/2616
f 3706/1764/1755 3545/5130/5042 3543/5136/5048 3709/1765/1756
f 3503/5389/5296 3566/5534/5440 6291/6069/2644 6397/6070/1754
f 3861/5780/5671 3580/5781/5672 3576/5786/5677 3863/5785/5676
f 3761/2671/2642 3524/4878/4794 3550/4877/4793 3759/2672/2643
f 6396/6071/5613 3490/5381/5288 3502/5386/5293 3708/6072/1757
f 2436/4120/4056 2435/4119/4055 2437/4038/3978 869/4112/4048
f 3707/5721/5614 3709/1765/1756 3543/5136/5048 3539/5138/5050
f 3092/5579/5483 3313/5574/5478 143/1877/1868 150/5653/5553
f 6397/1763/1754 3708/1766/1757 3502/5386/5293 3503/5389/5296
f 1738/2719/2690 1788/2850/2821 1784/2828/2799 631/2694/2665
f 6396/5720/5613 6290/5719/5612 3492/5382/5289 3490/5381/5288
f 3539/5138/5050 3568/6073/5887 3702/5718/5611 3707/5721/5614
f 6290/6074/5612 3705/6075/5888 3488/5366/5273 3492/5382/5289
f 3702/5718/5611 3568/6073/5887 3563/3097/3062 3703/6076/5889
f 3773/6077/5890 3641/5367/5274 3488/5366/5273 3705/6078/5888
f 4029/5165/5077 4028/5164/5076 3577/6079/5891 3579/2274/2262
f 3701/2178/2166 3577/6079/5891 3572/6080/5892 3775/2175/2163
f 6395/6081/5893 6405/6082/2165 3644/4488/4420 3614/4487/4419
f 3579/2274/2262 3577/6079/5891 3701/2178/2166 3700/2275/2263
f 3824/2722/2693 3823/2725/2696 3788/3192/3156 3789/3437/3388
f 3699/6083/5894 6395/6084/5893 3614/4487/4419 3615/5749/5641
f 1729/2695/2666 630/2686/2657 1726/467/467 1728/466/466
f 4224/1959/1950 4236/1958/1949 4185/5747/5639 4172/1960/1951
f 5850/6085/5895 6414/2310/2298 6295/2313/2301 5787/6059/5880
f 5788/2312/2300 5786/5361/5268 5628/6086/5896 5629/2009/2000
f 3831/3826/3772 3796/3928/3873 3794/5983/5828 3829/3884/3829
f 6405/2177/2165 6403/2176/2164 3640/5364/5271 3644/4488/4420
f 3575/4940/4856 3578/6029/5860 3864/5784/5675 3866/4941/4857
f 1882/3029/2995 1883/3031/2997 665/2654/2625 1708/2655/2626
f 3694/6087/5897 3693/2600/2571 3537/5850/5740 3534/5849/5739
f 6461/6088/2572 6462/6089/5871 3471/6047/5874 3472/5319/5226
f 3696/6090/5898 3547/2903/2872 3542/5690/5585 3698/6091/5899
f 6459/6092/2885 3522/2916/2884 3507/5296/5205 6463/6093/5900
f 4234/6094/5901 6457/6095/5902 3766/6096/5903 4242/6097/5904
f 4259/3171/3135 4252/2904/2873 3547/2903/2872 3696/6090/5898
f 3699/6098/5894 3615/5749/5641 3641/5367/5274 3773/6099/5890
f 3507/5296/5205 4200/2764/2735 4203/6100/3134 6463/6101/5900
f 3854/5769/5660 3856/5772/5663 3537/5850/5740 3540/6102/5905
f 3540/6102/5905 3537/5850/5740 3693/2600/2571 3692/2599/2570
f 3472/5319/5226 3521/2915/2883 6460/2602/2573 6461/2601/2572
f 3692/2599/2570 3698/6091/5899 3542/5690/5585 3540/6102/5905
f 6189/2661/2632 6188/6103/5906 6000/3686/3635 5988/2662/2633
f 5624/257/257 415/256/256 1145/1147/1141 5572/4544/4471
f 576/2255/2243 1570/2256/2244 1591/2257/2245 1593/2318/2306
f 3825/5541/5447 2089/3444/3395 2088/2723/2694 3824/2722/2693
f 3825/5541/5447 3824/2722/2693 3789/3437/3388 3790/3439/3390
f 72/167/167 211/343/343 354/760/758 157/173/173
f 3687/5892/5773 3688/5884/5769 3684/4984/4900 6384/4983/4899
f 3669/3807/3753 3689/2170/2158 3690/5894/2157 6385/5893/5132
f 4198/5314/5222 3075/6104/5907 3003/4766/4683 4192/5312/5220
f 6423/140/140 3647/3975/3916 3646/3974/3915 6424/128/128
f 3648/5900/5779 6374/5859/5748 3649/5858/2156 3691/2171/2159
f 3648/5900/5779 6362/3972/3913 3647/5902/3916 6374/5901/5748
f 3645/5904/5781 3658/5919/5793 3646/5920/3915 6361/3973/3914
f 2451/4125/4061 2449/4124/4060 2452/4136/4072 894/4197/4133
f 3086/3147/3112 3303/2834/2805 3304/2833/2804 3305/3144/3109
f 3657/5914/5789 3652/281/281 3651/6105/280 3653/6106/5795
f 1072/5071/4985 400/930/928 1600/905/903 1597/908/906
f 4532/6107/5908 3229/5457/5363 3153/6108/5909 4531/6109/5910
f 2477/4014/3955 2348/838/836 891/3338/3291 2476/4071/4010
f 520/5037/4952 1396/5038/1761 4222/1772/1763 4214/1702/1693
f 2884/5018/4934 2882/3859/3804 2863/3862/3807 1021/4989/4905
f 6389/6110/5911 6387/6111/1424 6371/1432/1423 3663/1849/1840
f 3679/2174/2162 5891/3896/3841 6517/6112/3840 6380/6113/5753
f 6381/5934/5757 3667/645/645 3668/5590/5492 3672/5932/5491
f 3768/1472/1463 3770/1475/1466 3767/6114/5804 6413/6115/5809
f 4181/5942/5805 4242/6097/5904 4240/4776/3019 6406/4778/4694
f 6316/5599/5500 4475/5603/5504 4451/6116/5912 5732/4381/4313
f 6456/2228/2216 3697/5220/2609 4233/2763/2734
f 6235/748/746 6227/4015/3956 6163/23/23 6171/6117/5913
f 784/3502/3453 2115/3421/3372 2316/753/751 2317/3954/3899
f 6398/5953/2652 6404/5952/580 3755/579/579 3774/2678/2649
f 6294/6118/1059 5535/6119/5914 5673/1936/1927 6408/6120/3160
f 2661/4592/4512 2660/3670/3619 2659/2148/2136 963/4662/4580
f 6408/3197/3160 5673/1936/1927 5727/682/682 5728/3198/3161
f 4140/116/116 4139/97/97 4107/6121/5915 4108/113/113
f 4267/6122/5595 4264/6123/2608 4260/2636/2607 4261/6124/5916
f 5260/4159/4095 5332/4162/4098 5333/6125/5917 5261/6126/5918
f 6542/5977/5777 6541/5978/5624 3748/5979/5826 3749/6127/5919
f 1866/2974/2940 1865/2975/2941 653/2954/2920 1845/2650/2621
f 3747/5982/5625 3745/5981/1778 3744/1584/1575 3746/1583/1574
f 3734/5995/80 3738/4917/4833 3733/5993/5835 3736/5994/5836
f 2676/635/635 2677/4506/4438 948/4509/4441 2640/4514/4446
f 3735/6000/5839 3731/6005/5840 3736/6004/5836 3733/5993/5835
f 1512/1345/1336 1534/2167/2155 1535/2111/2099 552/2115/2103
f 6540/6011/5658 6536/6013/5842 3730/6002/5841 3732/5765/5657
f 3728/3449/3400 3729/4147/4083 6467/6018/4082 6470/6017/3397
f 2726/4757/4674 2727/4759/4676 986/4753/4670 2724/4752/4669
f 6468/3919/3864 3725/3918/3863 3715/6057/5879 3726/6021/5854
f 3715/6057/5879 3573/4939/4855 3569/6022/5855 3726/6021/5854
f 6465/6032/5862 3723/6031/4085 3722/4148/4084 3724/6027/5858
f 3740/6128/1034 6474/6129/5864 4321/6033/5863 4325/3443/3394
f 992/4484/4416 2716/4483/4415 2713/4702/4619 2711/4713/4630
f 3720/5816/5707 4321/6033/5863 6474/6035/5864 3721/6034/5708
f 4526/6130/5920 68/4138/4074 313/4137/4073 4524/6131/5921
f 2733/4788/4704 2674/4625/4543 1048/5106/5018 2736/4786/4702
f 2805/4886/4802 2803/4846/4762 2783/4847/4763 996/4867/4783
f 356/594/594 326/676/676 73/58/58 357/593/593
f 3710/6041/5868 6464/6049/5876 3711/6050/5872 3695/6042/5869
f 4272/4184/4120 4276/3227/3190 2474/3226/3189 2475/3337/3290
f 3714/6055/5877 3712/6028/5859 3713/6030/5861 3716/6056/5878
f 6406/5940/4694 3767/5941/5804 3770/1475/1466 4181/5942/5805
f 3765/6062/5882 3763/2089/2077 6401/5584/2076 3764/5583/5187
f 4205/6067/5885 3765/6062/5882 3764/5278/5187 4204/5277/5186
f 1011/4925/4841 2835/3497/3448 2836/4870/4786 2837/4938/4854
f 2322/3971/3912 2324/3898/3843 2305/3948/3893 824/244/244
f 2356/3982/3923 2358/3952/3897 2337/3994/3935 834/3988/3929
f 4665/4232/4168 4595/4203/4139 4593/6132/5922 4663/6133/5923
f 3706/1764/1755 6397/6070/1754 6291/6069/2644 3759/2672/2643
f 803/3905/3850 2298/3941/3886 2300/242/242 2282/3906/3851
f 3709/1765/1756 3707/5721/5614 6396/6071/5613 3708/6072/1757
f 776/3650/3599 2158/3603/3552 2156/3602/3551 2157/3639/3588
f 1960/3087/3052 619/2395/2383 1633/2394/2382 1972/3084/3049
f 3136/5650/5550 3165/5685/5580 4472/5471/5377 4469/1909/1900
f 3704/6134/5924 3772/2276/2264 3699/6098/5894 3773/6099/5890
f 4280/6036/5865 4283/4419/4351 3800/4420/4352 3598/4423/4355
f 6295/6060/2301 5788/2312/2300 5629/2009/2000 6407/6058/1999
f 6461/6088/2572 3693/2600/2571 3694/6087/5897 6462/6089/5871
f 3698/6091/5899 6459/6092/2885 6463/6093/5900 3696/6090/5898
f 6463/6101/5900 4203/6100/3134 4259/3171/3135 3696/6090/5898
f 5503/1066/1050 5548/6135/5925 5613/1032/1030 6484/1064/1060
f 4183/4024/3965 3812/2221/2209 3776/5968/5820 4182/5976/5825
f 3609/5897/5776 3779/2241/2229 3780/2278/2266 3608/3555/3506
f 4032/1604/1595 4030/1922/1913 3949/1925/1916 3948/1601/1592
f 3817/2289/2277 3781/2292/2280 3780/2278/2266 3816/2279/2267
f 1238/6136/5926 5137/6137/5927 5135/6138/5928 580/6139/5929
f 3820/3435/3386 3819/2305/2293 1588/2307/2295 1589/2306/2294
f 1931/3123/3088 1736/2708/2679 689/2703/2674 1893/3049/3014
f 2066/304/304 2065/3403/3354 2067/3384/3335 737/3408/3359
f 3621/6012/5848 3792/3434/3385 3791/3453/3404 3622/6006/5843
f 6023/6140/5930 6022/4634/4552 6214/6141/5931 6215/5218/5129
f 5918/2429/2416 5916/2428/2415 6044/2861/2830 6046/2864/2833
f 3616/3438/3389 3622/6006/5843 3791/3453/3404 3790/3439/3390
f 3784/2304/2292 3792/3434/3385 3621/6012/5848 3606/2301/2289
f 4733/6142/5932 4731/6143/5933 4754/6144/5934 4756/6145/5935
f 3793/3879/3824 3794/5983/5828 3479/6020/5853 3476/3883/3828
f 3794/5983/5828 3796/3928/3873 3461/3916/3861 3479/6020/5853
f 4272/4184/4120 4277/4166/4102 4339/4165/4101 4334/4178/4114
f 3994/6146/5936 4002/5409/5316 3302/5411/5318 3205/5569/5473
f 2590/4348/4280 2591/1641/1632 3836/1640/1631 3835/4349/4281
f 78/418/418 257/477/477 371/824/822 367/803/801
f 3842/2889/2858 3807/2888/2857 3804/4801/4717 3839/4802/4718
f 861/781/779 2433/4118/4054 2435/4119/4055 2418/4099/4035
f 4865/2793/2764 4864/336/336 1769/2792/2763 1771/2794/2765
f 1183/1271/1262 1184/1131/1125 469/1130/1124 1182/1262/1253
f 5240/4344/4276 5238/1511/1502 5310/1510/1501 5312/6147/5937
f 3517/6046/5873 3804/4801/4717 3807/2888/2857 3471/6047/5874
f 3075/6104/5907 4198/5314/5222 4207/5204/5115 3844/5203/5114
f 3813/2220/2208 3777/2242/2230 3776/5968/5820 3812/2221/2209
f 5110/4445/4377 5059/5066/4980 544/6148/5938 2638/4446/4378
f 3743/5766/1776 3607/2302/2290 3606/2301/2289 6540/5767/5658
f 735/2880/2849 1787/2832/2803 1785/2831/2802 1786/2830/2801
f 627/2857/2826 1795/2858/2827 1815/2899/2868 1814/2839/2810
f 4279/4347/4279 4284/4350/4282 4345/6149/5939 4341/4424/4356
f 1820/2913/2882 1800/2873/2842 641/1833/1824 1822/2867/2836
f 5096/6150/5940 5073/5022/4938 898/5021/4937 1757/6151/5941
f 5254/1548/1539 5252/1688/1679 5324/6152/5942 5326/1545/1536
f 4246/6153/5943 4230/2222/2210 4175/4025/3966 4183/4024/3965
f 4300/1034/1032 3464/3397/3348 3785/3396/3347 4304/3389/3340
f 3830/3877/3822 2265/3881/3826 2262/3874/3819 3828/3878/3823
f 1382/1706/1697 1100/953/951 434/952/950 1363/1677/1668
f 4858/2748/2719 4857/611/611 1750/2746/2717 1752/2755/2726
f 4247/4047/3986 4245/2762/2733 4206/2765/2736 4207/5204/5115
f 3847/4241/4177 4250/858/856 4261/6124/5916 3548/5756/5648
f 128/73/73 126/72/72 4135/85/85 4136/91/91
f 3853/5494/5400 3361/5493/5399 3359/1067/1062 3851/1068/1063
f 3854/5769/5660 3540/6102/5905 3542/5690/5585 3852/5691/5586
f 3865/5788/5679 3373/4081/4020 3371/5833/5723 3863/5785/5676
f 3517/6046/5873 3520/4813/4729 3803/1408/1399 3804/4801/4717
f 3862/5783/5674 3527/6040/5867 3531/6043/5870 3860/5778/5669
f 1505/2100/2088 1503/2099/2087 1501/2085/2073 549/2045/2035
f 3896/1720/1711 3404/1719/1710 3402/5832/5722 3894/2542/2519
f 4029/5165/5077 3579/2274/2262 3552/2273/2261 4022/5149/5061
f 3388/3925/3870 3880/3924/3869 3879/5823/5713 3387/2869/2838
f 1496/2071/2059 1493/1534/1525 1071/1533/1524 397/2072/2060
f 3596/5824/5714 3594/5820/5710 3718/5815/5706 3719/6037/5866
f 3861/5780/5671 3369/5831/5721 3367/5774/5665 3859/5776/5667
f 504/1791/1782 1425/1857/1848 1427/1661/1652 1410/1664/1655
f 3864/5784/5675 3578/6029/5860 3527/6040/5867 3862/5783/5674
f 3872/5800/5691 3562/6019/5852 3569/6022/5855 3870/5797/5688
f 5928/2472/2456 5929/2527/2506 5883/2507/2487 5887/2506/2457
f 6119/2523/2502 1656/2498/2479 1659/2525/2504 6120/2520/2499
f 3869/5793/5684 3377/5835/5725 3375/4078/4017 3867/5789/5680
f 3873/5810/5701 3381/5837/5727 3379/5836/5726 3871/5799/5690
f 4974/5821/5711 4902/923/921 4938/926/924 5010/6154/5944
f 1524/2050/2040 554/2049/2039 1542/2188/2176 1545/2199/2187
f 3875/5811/5702 3553/6014/5849 3560/6016/5851 3874/5808/5699
f 6057/2521/2500 5929/2527/2506 5928/2472/2456 6056/2522/2501
f 4971/6155/5945 4904/6156/5946 4787/6157/5947 4829/4816/4732
f 3878/3923/3868 3386/3926/3871 3384/5803/5694 3876/5802/5693
f 3879/5823/5713 3593/6026/5857 3551/6015/5850 3877/5819/5709
f 2149/1022/1020 6237/720/720 6242/719/719 2156/3602/3551
f 1821/2648/2619 1841/2647/2618 1840/2951/2917 646/922/920
f 658/2642/2613 1861/2970/2936 1882/3029/2995 1708/2655/2626
f 3883/5846/5736 3425/5845/5735 3424/6158/5948 3882/5851/5741
f 57/446/446 305/606/606 365/796/794 248/447/447
f 3887/1557/1548 3429/5621/5522 3427/5844/5734 3885/1558/1549
f 3886/458/458 3394/5763/5655 3392/2789/2760 3884/459/459
f 4173/1655/1646 4168/1961/1952 1457/1951/1942 1486/1656/1647
f 2382/3526/3477 850/4048/3987 2386/4054/3993 2384/385/385
f 6090/4680/4598 6155/5005/4921 6156/6159/5949 6091/4681/4599
f 5857/6160/5950 5794/5339/5246 5793/5334/5241 5856/4718/4635
f 6492/2034/2025 5526/1676/1667 5537/6161/3006 5496/2035/2026
f 3894/2542/2519 3402/5832/5722 3400/1137/1131 3892/1140/1134
f 1263/1461/1452 1265/1476/1467 1214/1310/1301 454/1331/1322
f 5908/6162/5951 5906/6163/5952 6353/3967/2 6352/3966/206
f 6052/2399/2387 6115/2477/2461 6116/6164/5953 6053/2396/2384
f 269/1944/1935 272/5428/5335 3147/5507/5413 3254/1941/1932
f 2183/3728/3676 2181/3720/3668 6259/4577/4500 6260/4472/4404
f 2979/3890/3835 945/5167/5079 2983/3026/2992 2981/3891/3836
f 6388/6165/3195 6436/5927/5798 6416/6166/5954 6458/6167/5955
f 3902/1836/1827 3410/5834/5724 3408/5192/5103 3900/1837/1828
f 495/1727/1718 1401/1789/1780 1403/1805/1796 1383/1726/1717
f 1828/2881/2850 1950/2964/2930 1952/2455/2441 742/2458/2444
f 6383/5888/5771 3655/5889/5772 6363/3116/3081 3654/3117/3082
f 3907/5856/5746 3449/6168/5956 3447/1779/1770 3905/1678/1669
f 3832/3825/3771 3841/4709/4626 3806/4710/4627 3797/3929/3874
f 3909/5630/5531 3417/5847/5737 3416/5607/5508 3908/5609/5510
f 3913/3871/3816 3421/2868/2837 3419/2871/2840 3911/5629/5530
f 4318/4782/4698 4316/4781/4697 3910/5861/5750 3452/6169/5957
f 799/3010/2976 3213/5402/5309 3083/5371/5278 3188/5370/5277
f 5789/5360/5267 5787/6059/5880 5588/2621/2592 5589/2620/2591
f 3979/5351/5258 3980/5746/5638 3919/4489/4421 3918/5365/5272
f 5691/5246/5155 5552/5249/5158 5555/6170/5958 5695/6171/5959
f 3982/3070/3035 3921/4452/4384 3920/5368/5275 3981/6172/5960
f 3981/6172/5960 3920/5368/5275 3922/5748/5640 3983/6173/5961
f 3921/4452/4384 3923/476/476 3492/5382/5289 3488/5366/5273
f 1936/3100/3065 1937/3138/3103 684/3133/3098 1935/3134/3099
f 3925/5385/5292 3924/475/475 3985/474/474 3986/6174/5962
f 3191/2392/2380 3193/5383/5290 3986/6174/5962 3985/474/474
f 3986/6174/5962 3987/5542/5448 3926/5388/5295 3925/5385/5292
f 3927/3130/3095 3929/2980/2946 3990/2979/2945 3988/3131/3096
f 3988/3131/3096 3196/3143/3108 3197/5390/5297 3989/3132/3097
f 3930/2981/2947 3929/2980/2946 3493/5393/5300 3495/5405/5312
f 6253/3969/3910 2172/3690/3639 2171/3685/3634 6252/3684/3633
f 787/3683/3632 2173/3688/3637 2208/3771/3719 2207/3774/3722
f 3496/5406/5313 3499/5413/5320 3932/3009/2975 3931/3008/2974
f 3994/6146/5936 3993/3006/2972 3932/3009/2975 3933/5415/5322
f 3995/5543/5449 3996/3022/2988 3935/5539/5445 3934/5533/5439
f 6307/6175/5963 6305/5959/5814 6317/5669/5569 43/5668/5568
f 5014/1388/1379 4989/1387/1378 4917/1394/1385 4942/1393/1384
f 3983/6173/5961 3977/5745/5637 2978/5744/5636 3189/5750/5642
f 3996/3022/2988 4000/3025/2991 3939/5567/5471 3935/5539/5445
f 3941/5568/5472 4002/5409/5316 3994/6146/5936 3933/5415/5322
f 4205/6067/5885 4204/6063/5186 4241/6064/3021 4243/6066/5884
f 4001/5564/5468 4003/1469/1460 3942/5588/5490 3940/5587/5489
f 4208/4183/4119 3942/5588/5490 4003/1469/1460 4176/1468/1459
f 3766/6176/5903 4243/6066/5884 4241/3056/3021 6402/6177/3020
f 6327/5958/5813 6325/5670/5570 3915/3802/3748 3976/5753/5645
f 5674/6178/5964 5536/5580/5484 5534/1060/1056 5672/3200/3163
f 3916/4486/4418 3977/5745/5637 3983/6173/5961 3922/5748/5640
f 1541/2187/2175 1542/2188/2176 554/2049/2039 1520/2133/2121
f 3917/3805/3751 3626/3804/3750 3642/5394/5301 3928/3129/3094
f 4858/2748/2719 1752/2755/2726 1754/2754/2725 4859/2750/2721
f 1456/1952/1943 3945/2982/2948 3946/1967/1958 1458/1953/1944
f 4178/1939/1930 4187/1938/1929 4239/3258/3216 4234/6094/5901
f 5998/3667/3616 1658/2505/2486 770/2508/2488 5986/3680/3629
f 3505/1975/1966 4009/1923/1914 4030/1922/1913 3624/1978/1969
f 330/690/690 328/692/692 216/364/364 63/366/366
f 1464/1969/1960 1462/1966/1957 3948/1601/1592 3949/1925/1916
f 4011/1914/1905 4010/1913/1904 3506/1976/1967 3508/5951/5810
f 2648/4557/4484 2647/4539/4466 955/4538/4465 2649/4558/4485
f 4012/561/561 4011/1914/1905 3508/5951/5810 3510/562/562
f 4036/1612/1603 3643/1611/1602 3494/2029/2020 4006/2028/2019
f 5661/1675/1666 5675/1927/1918 5537/6161/3006 5526/6179/1667
f 5539/3042/3007 5537/6161/3006 5675/1927/1918 5677/1926/1917
f 4619/4393/4325 4621/6180/5965 4575/6181/5966 4573/4394/4326
f 3959/96/96 1482/95/95 1480/2026/2017 3958/1984/1975
f 4425/4432/4364 3226/4431/4363 3225/5447/5353 4430/5449/5355
f 3888/1711/1702 3886/458/458 3428/461/461 3430/1803/1794
f 3967/5141/5053 4019/5137/5049 4020/5131/5043 3966/3402/3353
f 4018/3458/3409 4025/3457/3408 3568/6073/5887 3539/5138/5050
f 2974/5152/5064 3972/5151/5063 3971/5150/5062 2973/5153/5065
f 5578/6182/5085 5590/6183/5080 5790/5171/5083 5775/2067/2055
f 4027/6184/5967 3572/6080/5892 3577/6079/5891 4028/5164/5076
f 5591/5358/5265 6328/5651/5551 41/5652/5552 5556/5357/5264
f 3954/2012/2003 3953/1980/1971 4012/561/561 4013/560/560
f 1449/1613/1604 514/1870/1861 1432/1872/1863 1448/1614/1605
f 4176/1468/1459 4004/4269/4203 3943/4181/4117 4208/4183/4119
f 6348/6185/5968 6277/6186/5969 6273/6187/5970 6344/6188/5971
f 2390/4016/3957 2391/3837/3783 866/4035/3975 2371/4028/3969
f 3117/1391/1382 3353/1390/1381 1066/5563/5467 3288/5546/5450
f 3982/3070/3035 3981/6172/5960 3186/5369/5276 3187/3071/3036
f 3552/2273/2261 3772/2276/2264 3704/6134/5924 3557/3096/3061
f 1949/3154/3119 683/3118/3083 1934/3128/3093 1953/3176/3140
f 4557/4320/4252 4742/6189/5972 4740/6190/5973 4555/5754/5646
f 1668/2535/2512 1667/2547/2524 610/2545/2522 1669/2536/2513
f 3280/5540/5446 3281/3023/2989 3996/3022/2988 3995/5543/5449
f 4305/3387/3338 3821/3395/3346 2059/2439/2426 4299/2438/2425
f 4846/1379/1370 1252/1378/1369 1250/1448/1439 4845/1450/1441
f 6472/1957/1948 1460/1956/1947 4225/2940/2906 4237/3367/3319
f 287/435/435 50/422/422 307/608/608 306/436/436
f 3913/3871/3816 3911/5629/5530 3453/5632/5533 3455/5862/5751
f 4840/1397/1388 1235/1412/1403 1233/1401/1392 4839/1398/1389
f 4014/4879/4795 4015/3076/3041 3963/3079/3044 3964/5092/5004
f 4296/3213/3176 4307/1026/1024 4364/1025/1023 4355/3210/3173
f 6021/6191/5974 6017/41/41 6209/6192/5975 6213/6193/5976
f 4024/3098/3063 3563/3097/3062 3568/6073/5887 4025/3457/3408
f 5592/5169/5081 5628/6086/5896 5786/5361/5268 5792/5170/5082
f 4187/1938/1929 4185/5747/5639 4236/1958/1949 4239/3258/3216
f 2759/3610/3559 2954/5115/5027 2630/3586/3535 972/3607/3556
f 598/2454/2440 1684/2430/2417 1691/2598/2569 1645/2451/2437
f 1976/3222/3185 704/1990/1981 1975/1993/1984 1973/3214/3177
f 1613/937/935 1611/2347/2335 1089/943/941 409/947/945
f 4038/4744/4661 4070/4743/4660 4364/1025/1023 4363/1028/1026
f 5494/6194/5817 5498/6195/3005 5539/6196/3007 5533/6197/5977
f 4017/2626/2597 4016/3077/3042 3532/6061/5881 3536/3115/3080
f 6439/4185/4121 6441/2411/2399 6072/6198/5978 5944/6199/5979
f 1482/95/95 5721/94/94 5722/2032/2023 1483/2030/2021
f 4070/6200/4660 1974/6201/4112 4355/3210/3173 4364/1025/1023
f 3603/5906/5783 3604/5911/5786 4037/6202/5980 4039/6203/5981
f 4075/3229/3192 4043/3246/3207 4042/6204/5982 4074/3230/3193
f 4041/6205/5983 3599/1855/1846 3601/5907/5784 4040/6206/5984
f 3601/5907/5784 3603/5906/5783 4039/6203/5981 4040/6206/5984
f 4042/6204/5982 4043/3246/3207 3587/126/126 3588/1856/1847
f 4074/3230/3193 4042/6204/5982 4041/6205/5983 4073/3224/3187
f 4041/6205/5983 4042/6204/5982 3588/1856/1847 3599/1855/1846
f 1543/1286/1277 562/2191/2179 1562/2235/2223 1559/1283/1274
f 3586/127/127 4044/3245/3206 4045/3244/3205 3581/141/141
f 1992/6207/5985 1990/3271/3228 713/3274/3231 1994/3300/3255
f 1983/3250/3209 4078/1174/1168 4077/3239/3201 1982/3238/3200
f 4083/3268/3225 4051/3288/3244 4050/1802/1793 4082/3269/3226
f 2590/4348/4280 4279/4347/4279 4273/4413/4345 2514/4298/4230
f 3513/3291/3247 3514/1799/1790 4050/1802/1793 4051/3288/3244
f 910/4306/4238 2518/4294/4226 2540/4059/3998 2541/4330/4262
f 6074/6208/5986 5946/6209/5987 5944/6199/5979 6072/6198/5978
f 4084/3287/3243 4083/3268/3225 1990/3271/3228 1992/6207/5985
f 4286/3228/3191 4276/3227/3190 4338/4177/4113 4347/4745/4662
f 4347/4745/4662 4338/4177/4113 1974/6201/4112 4070/6200/4660
f 4062/4212/4148 6450/3372/3324 3460/4225/4161 4063/4213/4149
f 4065/4220/4156 4064/4219/4155 3458/2324/2312 3486/2323/2311
f 3703/6076/5889 3563/3097/3062 3557/3096/3061 3704/6134/5924
f 3487/1933/1924 6454/1935/1926 4067/4251/4185 4066/4239/4175
f 6011/6210/5988 6008/3937/3882 3509/3940/3885 4053/6211/5989
f 4100/4228/4164 4099/4227/4163 4067/4251/4185 4068/4250/4184
f 4037/6202/5980 4069/3216/3179 4071/3215/3178 4039/6203/5981
f 4073/3224/3187 4041/6205/5983 4040/6206/5984 4072/3223/3186
f 1673/2574/2548 1672/2573/2547 1671/2534/2511 612/2537/2514
f 1981/3237/3199 1980/3156/3121 706/2884/2853 1829/2883/2852
f 4081/3276/3233 4080/3263/3220 1986/3261/3218 1987/3264/3221
f 6458/6212/5955 6416/6166/5954 6437/6213/5990 6389/6214/5911
f 2001/3311/3264 2000/3272/3229 1991/3275/3232 711/3265/3222
f 4084/3287/3243 6140/6215/5991 6139/3278/3235 4052/3277/3234
f 4031/1986/1977 3957/1985/1976 3956/1998/1989 4006/2028/2019
f 4097/4221/4157 2489/4217/4153 2487/4199/4135 4096/4198/4134
f 4069/3216/3179 4037/6202/5980 4306/1027/1025 4307/1026/1024
f 6203/6216/5992 6011/6210/5988 6012/2406/2394 6204/4231/4167
f 2007/3266/3223 634/2734/2705 1744/2720/2691 2008/2733/2704
f 1116/1042/1040 1114/1029/1027 1076/917/915 398/2336/2324
f 4709/739/739 4696/632/632 68/4138/4074 342/4660/4578
f 4086/3225/3188 4286/3228/3191 4285/4143/4079 4054/4167/4103
f 6451/2181/2169 4059/4194/4130 4058/4193/4129 3462/3314/3267
f 4562/6217/5993 4560/6218/5994 4745/4155/4091 4747/6219/5995
f 1197/1280/1271 437/1190/1184 1162/1215/1208 1198/1289/1280
f 121/61/61 4133/596/596 4134/595/595 124/62/62
f 6205/1972/1963 6013/5937/5802 6007/2173/2161 6200/5874/5761
f 2615/4466/4398 960/4948/4864 2613/5841/5731 2614/4463/4395
f 4154/3935/3880 249/449/449 229/399/399 4150/402/402
f 2576/4378/4310 2577/4380/4312 922/4370/4302 2557/4362/4294
f 4107/6121/5915 4106/1754/1745 3474/5879/5765 3477/5885/5770
f 3951/1912/1903 1467/1979/1970 1465/1968/1959 3950/1924/1915
f 3477/5885/5770 3478/114/114 4108/113/113 4107/6121/5915
f 3751/5970/5822 3548/5756/5648 4261/6124/5916 4260/2636/2607
f 3480/121/121 4111/124/124 4113/138/138 3483/5899/5778
f 3645/5904/5781 3484/798/796 3526/797/795 3659/5925/5796
f 4147/153/153 4146/139/139 147/145/145 148/147/147
f 3417/5847/5737 3383/5812/5703 3382/5807/5698 3416/5607/5508
f 877/3719/3667 2191/3744/3692 2250/3856/3801 2251/3855/3800
f 5172/1633/1624 937/6220/5996 2257/6221/5997 5170/6222/5998
f 3485/149/149 4115/148/148 4116/470/470 3484/798/796
f 4118/462/462 4117/403/403 3519/404/404 3549/454/454
f 1176/998/996 446/1255/1246 1175/1249/1240 1174/1250/1241
f 4117/403/403 4149/401/401 4141/1159/1153 4109/112/112
f 4151/3419/3370 4119/411/411 4121/410/410 4153/3390/3341
f 135/111/111 136/107/107 9/90/90 133/89/89
f 231/406/406 232/405/405 4152/564/564 4151/3419/3370
f 2084/2714/2685 2085/3426/3377 747/3428/3379 2083/3020/2986
f 6250/3661/3610 6249/3665/3614 6185/6223/5999 6186/3662/3611
f 767/3510/3461 2112/3464/3415 2109/3467/3418 2110/3423/3374
f 4153/3390/3341 4156/464/464 253/463/463 234/472/472
f 2349/3335/3288 2347/837/835 2350/4011/3952 845/4031/3972
f 4123/456/456 3559/455/455 3555/5082/4994 4125/519/519
f 232/405/405 270/526/526 4159/528/528 4152/564/564
f 5978/750/748 344/745/743 1/54/54 5969/53/53
f 5949/505/505 5948/504/504 5894/6224/652 5895/6225/2525
f 4132/843/841 4129/659/659 4161/852/850 4164/851/849
f 4161/852/850 4129/659/659 4128/658/658 4160/5999/5838
f 3470/5881/5767 4105/2735/2706 4131/856/854 3500/855/853
f 4132/843/841 4164/851/849 4144/120/120 4112/844/842
f 4162/2549/2526 4130/651/651 6013/5937/5802 6014/68/68
f 4135/85/85 4137/84/84 4105/2735/2706 4103/75/75
f 5264/6226/6000 5192/6227/6001 5190/5645/5545 5262/6228/6002
f 1766/5020/4936 884/5742/5634 5132/5646/5546 5134/35/35
f 4884/3481/3432 4778/3886/3831 4777/3488/3439 4868/3487/3438
f 6246/1971/1962 2162/3656/3605 2160/3653/3602 6245/3622/3571
f 6004/3724/3672 1682/2852/2823 755/2855/2824 5981/3725/3673
f 5894/6224/652 4130/651/651 4162/2549/2526 5895/6225/2525
f 4157/518/518 266/487/487 251/450/450 4155/520/520
f 4350/3328/3281 4354/2988/2954 6449/4095/4031 696/4096/3282
f 6297/5439/5345 5529/5324/5231 5618/5323/5230 5493/5436/5343
f 2619/3522/3473 2617/4467/4399 2132/3543/3494 762/3523/3474
f 4131/856/854 4163/841/839 4134/595/595 4102/64/64
f 3944/896/894 4184/5954/5811 4186/4270/4204 4005/893/891
f 2612/4947/4863 2611/4458/4390 2613/5841/5731 960/4948/4864
f 6197/4230/4166 6261/4247/4183 6267/4246/4182 6204/4231/4167
f 655/2653/2624 1853/101/101 1874/100/100 1868/2973/2939
f 4141/1159/1153 137/110/110 135/111/111 4140/116/116
f 31/172/172 213/550/550 209/342/342 210/166/166
f 2702/3901/3846 2700/4682/4600 2698/4669/4587 1034/3902/3847
f 5002/5454/5360 5074/6229/6003 5093/6230/6004 5021/6231/6005
f 1907/3069/3034 667/3037/3003 1889/3036/3002 1908/3033/2999
f 2550/4356/4288 920/5252/5161 2573/5281/5190 2571/4399/4331
f 4155/520/520 251/450/450 249/449/449 4154/3935/3880
f 5957/6010/5847 6359/6232/6006 5900/6233/6007 5958/6234/6008
f 4158/530/530 4309/529/529 268/488/488 4288/517/517
f 5895/2548/2525 6355/2550/2527 5913/641/641 5949/505/505
f 1955/1041/1039 1953/3176/3140 1934/3128/3093 684/3133/3098
f 6142/5251/5160 6104/638/638 314/637/637 4160/5999/5838
f 478/5681/2034 4210/2042/2033 4220/1660/1651 6448/5682/4944
f 4170/1658/1649 1352/1653/1644 1353/508/508 4166/507/507
f 4222/1772/1763 4171/510/510 4167/1699/1690 4214/1702/1693
f 4172/1960/1951 4185/5747/5639 3945/2982/2948 1456/1952/1943
f 4172/1960/1951 1456/1952/1943 1457/1951/1942 4168/1961/1952
f 4230/2222/2210 4218/2114/2102 4169/2113/2101 4175/4025/3966
f 4228/1701/1692 1509/6235/5223 520/6236/4952 4214/1702/1693
f 6517/6237/3840 6438/4186/4122 6420/3939/3884 6380/6238/5753
f 5046/5234/5143 4974/5821/5711 5010/6154/5944 5082/6239/6009
f 4169/2113/2101 1507/2105/2093 1553/2198/2186 4175/4025/3966
f 4177/5974/5824 4182/5976/5825 3776/5968/5820 3620/5967/5819
f 1773/2631/2602 4866/2801/2772 4865/2793/2764 1771/2794/2765
f 2622/3569/3519 2623/3542/3493 2624/3541/3492 966/4346/4278
f 5545/4429/4361 5543/4428/4360 5499/6240/6010 5500/6241/6011
f 3940/5587/5489 3634/5582/5486 3631/5073/4987 3939/5567/5471
f 4225/2940/2906 4217/2939/2905 4191/5112/5024 4195/3368/3320
f 6258/6242/6012 6257/3708/3656 6193/3716/3664 6194/3712/3660
f 6196/3723/3671 6177/3722/3670 6241/3633/3582 6260/4472/4404
f 4213/5030/4945 4189/4966/4882 4193/4965/4881 4221/4968/4884
f 5013/4175/4111 4986/3380/3332 4914/1415/1406 4941/6243/6013
f 2179/3709/3657 793/3710/3658 2216/3792/3738 2214/3789/3735
f 2899/5046/4960 2897/4280/4212 2878/4283/4215 1026/5006/4922
f 4227/5123/5035 4211/4967/4883 4188/4969/4885 4196/5180/5091
f 4191/5112/5024 4217/2939/2905 4227/5123/5035 4196/5180/5091
f 3857/5759/5651 3365/5775/5666 3363/5492/5398 3855/5491/5397
f 4229/5206/5117 4219/5313/5221 4192/5312/5220 4197/5207/5118
f 4200/2764/2735 3507/5296/5205 3809/5202/5113 4206/2765/2736
f 4208/4183/4119 4202/4182/4118 3633/5279/5188 3942/5588/5490
f 2277/3904/3849 2225/3809/3755 809/3631/3580 2194/3748/3696
f 4233/2763/2734 3697/6244/2609 4203/3169/3134 4200/2764/2735
f 4890/4436/4368 2674/4625/4543 2733/4788/4704 4891/4437/4369
f 4207/5204/5115 4198/5314/5222 4231/4044/3984 4247/4047/3986
f 1825/2935/2903 1823/2866/2835 1803/1832/1823 642/2877/2846
f 5195/5096/5008 5193/5095/5007 5337/6245/6014 5339/6246/6015
f 6473/3257/3215 6472/3259/1948 4237/3367/3319 4238/3511/3462
f 4220/1660/1651 4212/1659/1650 499/5029/1762 6448/5028/4944
f 4171/510/510 4222/1772/1763 4212/1659/1650 4166/507/507
f 4173/1655/1646 4226/2040/2031 4216/1962/1953 4168/1961/1952
f 5590/6247/5080 5578/6182/5085 1484/2033/2024 3960/2036/2027
f 2928/5084/4996 1043/5079/4991 2926/5078/4990 2927/5085/4997
f 4213/5030/4945 4223/1753/1744 4194/1752/1743 4189/4966/4882
f 4060/4200/4136 3466/2180/2168 3457/3373/3325 4061/4201/4137
f 520/6236/4952 1509/6235/5223 4229/5206/5117 4215/1750/1741
f 2322/3971/3912 2321/3970/3911 2323/4000/3941 830/3977/3918
f 2523/2926/2894 2546/4214/4150 2488/4216/4152 899/4218/4154
f 6457/6095/5902 4235/6065/5883 4243/6066/5884 3766/6096/5903
f 4240/3054/3019 4242/6097/5904 3766/6176/5903 6402/6248/3020
f 6328/5672/5551 5591/5358/5265 5589/2620/2591 6326/5671/2594
f 2205/3677/3626 2206/3775/3723 835/3947/3892 2204/3678/3627
f 6413/6115/5809 3767/6114/5804 3635/5593/5494 3637/5592/5493
f 4239/3258/3216 6473/6249/3215 6457/6250/5902 4234/6094/5901
f 614/2575/2549 1713/2665/2636 1715/2668/2639 1677/2578/2552
f 3006/4485/4417 589/4890/4806 3005/5214/5125 3004/4482/4414
f 4262/3778/3300 4265/3779/3204 4249/5341/5248 4255/3348/3301
f 3751/5970/5822 4260/2636/2607 4180/5973/2610 6544/5975/5823
f 4268/861/859 4266/860/858 4248/3241/3203 4251/2901/2870
f 4263/3346/3299 4256/3782/3728 4257/2791/2762 4262/3347/3300
f 4267/6122/5595 4252/2904/2873 4259/3171/3135 4264/6123/2608
f 1954/3177/3141 1953/3176/3140 1955/1041/1039 691/1040/1038
f 1685/795/793 1683/2431/2418 1686/3310/3263 639/2556/2533
f 5715/1184/1178 5714/1183/1177 5654/1160/1154 5655/1203/1196
f 2239/2580/2554 2240/3838/3784 818/3820/3766 2232/2581/2555
f 2253/6251/6016 5166/6252/6017 5168/6253/6018 944/6254/6019
f 1581/2268/2256 579/2266/2254 1577/2261/2249 1596/2269/2257
f 4274/879/877 2369/4029/3970 2370/4034/3974 4270/880/878
f 1812/2842/2813 1792/2844/2815 627/2857/2826 1814/2839/2810
f 4275/2096/2084 4337/3412/3363 4332/881/879 4270/880/878
f 370/398/398 369/397/397 49/445/445 247/444/444
f 3903/1679/1670 3445/1780/1771 3443/1076/1071 3901/1075/1070
f 6436/5927/5798 6434/5926/5797 4281/4142/4078 4343/4141/4077
f 3714/6052/5877 6464/6051/5876 3710/6041/5868 3712/6028/5859
f 6077/506/506 6041/644/644 6104/638/638 6142/5251/5160
f 5317/6255/6020 5315/6256/6021 5243/1257/1248 5245/6257/6022
f 930/4379/4311 2564/361/361 2561/360/360 2562/4374/4306
f 820/3817/3763 2231/3821/3767 2516/4305/4237 2517/4304/4236
f 696/3329/3282 4333/3411/3362 4340/4293/4225 2015/3330/3283
f 6471/5991/5834 4345/6149/5939 4344/6258/6023 3786/5992/2786
f 2539/3188/3152 2537/3187/3151 2431/4114/4050 909/3831/3777
f 597/2619/2590 1647/5903/5780 1644/2452/2438 1645/2451/2437
f 4281/4142/4078 6434/5926/5797 6532/4172/4108 6452/4171/4107
f 5535/6119/5914 5533/6259/5977 5671/1937/1928 5673/1936/1927
f 1825/2935/2903 648/2934/2902 1824/2925/2893 1823/2866/2835
f 6377/5986/5792 6386/5985/3194 6370/1850/1841 6367/5081/4993
f 4344/6258/6023 4283/4419/4351 4280/6036/5865 4342/3247/3208
f 2479/4135/4071 2478/4013/3954 4089/4188/4124 4090/4195/4131
f 4286/3228/3191 4347/4745/4662 4346/4140/4076 4285/4143/4079
f 4106/1754/1745 4104/78/78 3473/77/77 3474/5879/5765
f 4353/2992/2958 4294/2996/2962 4289/3294/3250 4348/2993/2959
f 4325/3443/3394 4323/3442/3393 4303/1037/1035 3740/1036/1034
f 4289/3294/3250 4294/2996/2962 1869/2997/2963 1871/2999/2965
f 6040/6260/6024 6103/537/537 6149/536/536 6084/1270/1261
f 4357/3327/3280 4298/3092/3057 4291/3094/3059 4350/3328/3281
f 3604/5911/5786 4301/3204/3167 4306/1027/1025 4037/6202/5980
f 317/55/55 1/54/54 6350/6261/740 6355/6262/2527
f 4351/3211/3174 4356/3194/3158 4297/3292/3248 4292/3212/3175
f 908/4290/4222 2512/3472/3423 2534/4325/4257 2535/4056/3995
f 4352/2299/2287 4293/2441/2428 4298/3092/3057 4357/3327/3280
f 5865/4513/4445 4887/4500/4432 4788/6263/6025 5864/584/584
f 6437/6213/5990 6435/5913/5788 6387/6111/1424 6389/6110/5911
f 4924/6264/6026 4996/6265/6027 5020/6266/6028 4948/6267/6029
f 3375/4078/4017 3373/4081/4020 3865/5788/5679 3867/5789/5680
f 6539/6268/5832 3464/3397/3348 4300/1034/1032 4303/6269/1035
f 6202/6270/6030 6392/6271/6031 6265/5872/5759 6360/5871/5758
f 4326/5988/5831 4313/5809/5700 4310/3441/3392 4327/3440/3391
f 4315/5839/5729 4328/5987/5830 4329/6272/6032 4317/5840/5730
f 4330/4780/4696 4329/6272/6032 4314/5843/5733 4316/4781/4697
f 4320/5860/5749 4317/5840/5730 4329/6272/6032 4330/4780/4696
f 2327/3984/3925 2328/4899/4815 831/2796/2767 2288/3922/3867
f 516/1886/1877 1454/1439/1430 1455/916/914 1443/915/913
f 4319/6273/6033 4320/5860/5749 4330/4780/4696 4324/4783/4699
f 4327/3440/3391 4322/5813/5704 4312/5801/5692 4326/5988/5831
f 4314/5843/5733 4329/6272/6032 4328/5987/5830 4311/5804/5695
f 1301/1463/1454 1300/1538/1529 1302/1133/1127 470/1556/1547
f 6388/6165/3195 6458/6274/5955 6389/6214/5911 3663/1849/1840
f 4280/6036/5865 6474/6129/5864 3740/6128/1034 4342/3247/3208
f 1165/1226/1217 441/1074/1069 1171/1231/1222 1201/1292/1283
f 4272/4184/4120 4334/4178/4114 4338/4177/4113 4276/3227/3190
f 2346/4004/3945 2344/3976/3917 2342/3978/3919 837/4003/3944
f 4341/4424/4356 2060/2297/2285 743/2300/2288 4335/4297/4229
f 5308/1509/1500 5236/1508/1499 5234/6275/6034 5306/6276/6035
f 3010/4617/4535 3009/4707/4624 993/4704/4621 2708/4618/4536
f 4277/4166/4102 2495/3336/3289 2372/4030/3971 4269/4036/3976
f 3469/6277/6036 4343/4141/4077 4346/4140/4076 4038/6278/4661
f 4342/3247/3208 3465/2816/2787 3786/2815/2786 4344/6258/6023
f 4188/4969/4885 4193/4965/4881 2850/2804/2775 2851/4957/4873
f 5161/6279/6037 5159/5605/5506 526/2966/2932 2734/6280/6038
f 4363/1028/1026 4360/3205/3168 3469/6277/6036 4038/6278/4661
f 4928/6281/6039 4814/2751/2722 4816/2756/2727 4952/6282/6040
f 4282/516/516 4287/515/515 4125/519/519 3555/5082/4994
f 675/4032/3973 4349/2991/2957 4353/2992/2958 1870/4033/2961
f 2986/5185/5096 2985/3027/2993 2983/3026/2992 945/5167/5079
f 6449/4092/4031 4354/2988/2954 4349/2991/2957 675/4093/3973
f 328/692/692 330/690/690 33/502/502 263/491/491
f 1996/4249/3159 4356/3194/3158 4351/3211/3174 703/4248/4115
f 4984/5158/5070 4912/5318/5225 4947/6283/6041 5019/5822/5712
f 4392/12/12 37/668/668 5972/667/667 6016/9/9
f 4393/665/665 4402/235/235 175/236/236 60/495/495
f 6413/5948/5809 3769/5947/5806 3758/5945/5807 3768/1472/1463
f 4374/724/724 4378/224/224 173/227/227 176/587/587
f 180/246/246 36/592/592 298/591/591 308/623/623
f 4403/245/245 4379/181/181 4368/249/249 4391/625/625
f 184/868/866 183/857/855 4380/254/254 4375/268/268
f 4380/254/254 183/857/855 179/179/179 4366/180/180
f 4405/6284/6042 4388/689/689 4365/267/267 4381/279/279
f 4370/225/225 4393/665/665 4405/6284/6042 4381/279/279
f 4392/12/12 5897/6285/6043 5874/6286/6044 37/668/668
f 4371/717/717 4394/552/552 4406/494/494 4382/556/556
f 4373/545/545 4377/544/544 273/546/546 274/873/871
f 6430/1854/1845 3653/6106/5795 3651/6105/280 6431/5908/5785
f 4371/717/717 4382/556/556 279/687/687 280/715/715
f 311/251/251 312/629/629 4372/693/693 4383/252/252
f 4365/267/267 4388/689/689 4408/688/688 4384/264/264
f 3348/5640/5541 230/5518/5424 3337/5628/5529 3120/5500/5406
f 4390/493/493 4409/695/695 4385/694/694 4367/555/555
f 4410/228/228 4386/725/725 4376/40/40 4399/664/664
f 5129/6287/6045 5127/6288/6046 545/6289/6047 1251/6290/6048
f 4411/4643/4561 4387/866/864 4375/268/268 4398/269/269
f 836/3332/3285 2361/3331/3284 2363/3770/3718 2343/4002/3943
f 1501/2085/2073 459/1365/1356 1225/1364/1355 1500/2086/2074
f 4402/235/235 4378/224/224 4374/724/724 4397/230/230
f 3460/4225/4161 6450/3372/3324 6524/3371/3323 6527/5875/5762
f 4404/253/253 185/673/673 104/681/681 4398/269/269
f 4044/3245/3206 3586/127/127 3587/126/126 4043/3246/3207
f 3588/1856/1847 3587/126/126 6425/125/125 6426/1853/1844
f 4408/688/688 330/690/690 63/366/366 4394/552/552
f 1487/2041/2032 4227/5123/5035 4217/2939/2905 531/2039/2030
f 6271/5716/5609 6270/19/19 6207/22/22 6208/6291/6049
f 4704/705/705 4497/271/271 4484/270/270 4691/703/703
f 4663/6133/5923 4661/4268/4202 4545/6292/6050 4547/6293/6051
f 350/211/211 310/210/210 19/386/386 222/222/222
f 3441/1077/1072 3439/4077/4016 3897/2741/2712 3899/1078/1073
f 5897/6294/6043 4392/12/12 4369/11/11 5896/6295/538
f 2938/5102/5014 2937/5101/5013 2939/1504/1495 1047/5104/5016
f 338/369/369 4409/695/695 4390/493/493 35/373/373
f 4405/6284/6042 189/497/497 33/502/502 4388/689/689
f 388/6025/5856 4411/4643/4561 4398/269/269 104/681/681
f 5663/4614/4532 5527/3142/3107 5510/976/974 5638/1044/1042
f 4427/5189/5100 4449/848/846 4450/847/845 4428/4721/4638
f 4476/3504/3455 4466/2210/2198 3126/5578/5482 3227/5606/5507
f 4453/5463/5369 4441/5107/5019 4420/5110/5022 4431/5462/5368
f 4426/5657/5557 4432/5291/5200 3235/5294/5203 3237/4087/4026
f 1205/1095/1090 1203/1081/1076 1206/1248/1239 453/1325/1316
f 4433/5478/5384 4421/5452/5358 3228/5446/5352 3239/5479/5385
f 6301/6296/6052 6302/889/887 5542/4075/4014 5541/6297/6053
f 4424/4063/4002 3322/4062/4001 3319/5854/5744 4429/6298/6054
f 6300/5473/5379 6298/5042/4956 3320/4551/4478 6329/4550/4477
f 4459/6299/6055 382/5525/5431 3106/5524/5430 4463/5698/5593
f 4480/618/618 4467/621/621 4443/782/780 4456/5686/5581
f 6225/1265/1256 6033/5724/5617 6032/6300/6056 6224/6301/6057
f 4480/618/618 4463/5698/5593 3106/5524/5430 3267/619/619
f 616/2589/2561 1679/2588/2560 1676/2554/2531 1677/2578/2552
f 4468/5660/5560 4481/5269/5178 3342/5268/5177 3133/5634/5535
f 4411/4643/4561 388/6025/5856 86/195/195 4396/542/542
f 1199/1290/1281 510/815/813 1426/814/812 1424/1858/1849
f 4536/6302/6058 4534/6303/6059 4650/6304/6060 4652/6305/6061
f 4459/6299/6055 4468/5660/5560 3133/5634/5535 382/5525/5431
f 4472/5471/5377 4448/5470/5376 4445/1910/1901 4469/1909/1900
f 4445/1910/1901 4448/5470/5376 4426/5657/5557 4423/4060/3999
f 4471/5699/5594 3154/5610/5511 2976/5613/5514 4460/5615/5516
f 5794/5339/5246 5795/816/814 5595/5734/5627 5594/5338/5245
f 392/45/45 377/346/346 107/345/345 278/551/551
f 5744/1784/1775 5746/6306/6062 5694/6307/6063 5692/1781/1772
f 4476/3504/3455 3227/5606/5507 3154/5610/5511 4471/5699/5594
f 5531/2213/2201 5491/3321/3274 6296/5706/5600 5508/6308/6064
f 3240/5576/5480 4479/2209/2197 4461/5693/5588 3104/5573/5477
f 4461/5693/5588 4479/2209/2197 4455/2212/2200 4438/5476/5382
f 1652/2186/2174 1655/2478/2462 6118/6309/6065 6117/6310/6066
f 4424/4063/4002 4429/6298/6054 4451/6116/5912 4446/1907/1898
f 5679/4384/4316 5678/4383/4315 5540/5105/5017 5541/6297/6053
f 3975/3892/3837 4027/6184/5967 4028/5164/5076 3974/3893/3838
f 6172/3611/3560 5993/3612/3561 5982/3304/3259 6173/721/721
f 6055/2495/2478 6056/2522/2501 5928/2472/2456 5927/2475/2459
f 4643/6311/6067 4529/6312/6068 5859/6313/6069 5862/5740/5632
f 4424/4063/4002 4446/1907/1898 4445/1910/1901 4423/4060/3999
f 4474/846/844 4473/849/847 3167/5614/5515 3179/5424/5331
f 4442/2211/2199 4452/3503/3454 4430/5449/5355 4421/5452/5358
f 760/3584/3533 2140/3583/3532 2137/3579/3528 2138/3580/3529
f 4477/5618/5519 3232/5656/5556 3107/5267/5176 4464/5266/5175
f 4462/5122/5034 3105/5655/5555 3232/5656/5556 4477/5618/5519
f 5541/6297/6053 5540/5105/5017 6300/5473/5379 6301/6296/6052
f 2180/3721/3669 2182/2321/2309 793/3710/3658 2178/3707/3655
f 5697/1089/1084 5696/1046/1044 5636/1045/1043 5637/2865/2834
f 4443/782/780 4422/785/783 4434/5612/5513 4456/5686/5581
f 4457/5108/5020 4444/5659/5559 4414/5661/5561 4413/5109/5021
f 4414/5661/5561 4444/5659/5559 4436/5704/5598 4412/5692/5587
f 4473/849/847 4449/848/846 4437/5443/5349 4460/5615/5516
f 4688/5601/5502 3326/5611/5512 3122/6314/6070 4675/5622/5523
f 4656/6315/6071 4540/5594/5495 4538/5595/5496 4654/6316/6072
f 4417/5477/5383 3241/5475/5381 252/5450/5356 4415/784/782
f 4451/6116/5912 4475/5603/5504 4470/1908/1899 4446/1907/1898
f 6301/6296/6052 6330/5736/5628 4465/5735/888 6302/889/887
f 4467/621/621 3129/620/620 146/1878/1869 4458/5694/5589
f 3777/2242/2230 3779/2241/2229 3609/5897/5776 3623/5896/5775
f 1372/1692/1683 1370/1691/1682 1368/1619/1610 491/1689/1680
f 718/3306/3261 2028/3312/3265 2026/2687/2658 2003/3305/3260
f 6538/5998/79 6537/5997/5833 3739/5984/5829 3737/4916/4832
f 4465/890/888 5595/5734/5627 5583/5730/5623 3108/891/889
f 3727/3448/3399 6469/6024/3398 6468/6023/3864 3726/6021/5854
f 2298/3941/3886 2297/3749/3697 2299/483/483 823/3942/3887
f 5460/1634/1625 5388/6317/6073 5390/4794/4710 5462/1635/1626
f 4410/228/228 4399/664/664 106/47/47 379/46/46
f 4843/1420/1411 4842/1421/1412 4798/3676/3625 4796/1456/1447
f 4132/843/841 3489/842/840 3613/657/657 4129/659/659
f 6272/6318/6074 6229/20/20 6337/38/38 6343/50/50
f 2608/2807/2778 2607/2809/2780 766/3517/3468 2120/3516/3467
f 6167/5739/5631 5970/5738/5630 6021/6191/5974 6213/6193/5976
f 6343/50/50 6337/38/38 119/37/37 4493/51/51
f 5804/6319/6075 5602/5710/5603 5601/4519/4451 5803/582/582
f 3703/6076/5889 3705/6075/5888 6290/6074/5612 3702/5718/5611
f 4693/3531/3482 4701/239/239 4494/238/238 4486/284/284
f 4702/700/700 4690/630/630 4483/255/255 4495/177/177
f 4485/176/176 4692/273/273 4702/700/700 4495/177/177
f 6246/1971/1962 6245/3622/3571 6181/3625/3574 6182/1970/1961
f 102/8/8 112/7/7 372/825/823 373/827/825
f 183/857/855 184/868/866 4491/870/868 4496/568/568
f 4693/3531/3482 4486/284/284 4497/271/271 4704/705/705
f 5956/1269/1260 5952/1268/1259 5898/6320/6076 6358/6321/6077
f 5911/540/540 6354/6322/539 5898/6323/6076 5952/1268/1259
f 1183/1271/1262 1182/1262/1253 427/1135/1129 1142/1010/1008
f 5909/6324/6078 5876/6325/205 5874/6326/6044 5910/6327/6079
f 273/546/546 4498/713/713 4490/712/712 274/873/871
f 5898/6323/6076 6354/6322/539 276/43/43 4482/42/42
f 279/687/687 4499/735/735 4488/716/716 280/715/715
f 390/872/870 87/278/278 4698/277/277 4711/871/869
f 2788/4864/4780 2789/4798/4714 977/4797/4713 2747/4609/4527
f 4707/631/631 4690/630/630 17/3379/3331 313/4137/4073
f 4501/704/704 4484/270/270 188/266/266 333/265/265
f 2557/4362/4294 921/4365/4297 2575/6068/5886 2576/4378/4310
f 4708/702/702 4501/704/704 4488/716/716 4695/554/554
f 5959/2824/2795 5961/1321/1312 5901/3850/1311 6518/3849/3795
f 4493/51/51 119/37/37 378/586/586 4503/585/585
f 4504/869/867 4711/871/869 4698/277/277 4491/870/868
f 2675/2912/2881 1048/5106/5018 2674/4625/4543 2672/2909/2878
f 4395/626/626 4409/695/695 338/369/369 67/372/372
f 6348/6185/5968 6344/6188/5971 4505/6328/6080 4712/6329/6081
f 90/834/832 4505/6328/6080 6344/6188/5971 6339/4144/4080
f 4714/6330/6082 4712/6329/6081 4505/6328/6080 4507/6331/6083
f 1871/2999/2965 661/2963/2929 1850/2962/2928 1995/3293/3249
f 6344/6188/5971 6273/6187/5970 6231/5481/5387 6339/4144/4080
f 368/557/557 369/397/397 81/324/324 202/320/320
f 3660/3236/599 3661/452/452 6364/451/451 3656/3233/3196
f 4507/6331/6083 4505/6328/6080 90/834/832 380/833/831
f 4510/5146/5058 4508/6332/6084 4715/6333/6085 4717/6334/6086
f 4/6335/6087 4506/4636/4554 5899/6336/6088 6351/6337/6089
f 5108/6338/6090 5036/6339/6091 4983/6340/6092 5055/6341/6093
f 88/836/834 4509/6342/6094 4507/6331/6083 380/833/831
f 4510/5146/5058 85/535/535 275/534/534 4508/6332/6084
f 3656/5909/3196 6364/451/451 6363/3116/3081 3655/5910/5772
f 177/3533/3484 4511/5510/5416 4509/6342/6094 88/836/834
f 4521/1846/1837 4519/6343/6095 334/714/714 64/553/553
f 4572/3461/3412 4757/3460/3411 4756/6145/5935 4571/3995/3936
f 4722/4154/4090 4720/4157/4093 4513/5511/5417 4515/6344/6096
f 4515/6344/6096 4513/5511/5417 32/3532/3483 190/707/707
f 87/278/278 4514/6345/6097 4516/4848/4764 186/275/275
f 4515/6344/6096 190/707/707 18/706/706 4517/6346/6098
f 869/4112/4048 2457/4111/4047 2459/3572/3522 2439/3571/3521
f 182/701/701 30/276/276 4518/4849/4765 4520/6347/6099
f 4524/6131/5921 313/4137/4073 17/3379/3331 4522/6348/6100
f 4525/6349/6101 4523/1847/1838 281/350/350 55/349/349
f 4520/6347/6099 4522/6348/6100 17/3379/3331 182/701/701
f 281/350/350 4523/1847/1838 4521/1846/1837 64/553/553
f 2090/3445/3396 2089/3444/3395 2091/3450/3401 750/3451/3402
f 5733/5560/5464 5725/6350/6102 3321/5597/5498 6332/5561/5465
f 4648/6351/6103 4650/6304/6060 4534/6303/6059 4532/6107/5908
f 4734/6352/6104 4733/6142/5932 4756/6145/5935 4757/3460/3411
f 2589/4418/4350 2485/4202/4138 897/4207/4143 2547/4215/4151
f 5596/5375/5282 5581/4741/4658 3081/6353/6105 6331/6354/5279
f 5684/4430/4362 5681/6355/6106 5733/5560/5464 5736/5559/5463
f 4527/6356/6107 4525/6349/6101 55/349/349 342/4660/4578
f 342/4660/4578 68/4138/4074 4526/6130/5920 4527/6356/6107
f 4529/6312/6068 4528/4638/4556 3155/1724/1715 3181/6357/6108
f 6535/4169/4105 6417/3235/3198 3475/4189/4125 6453/4170/4106
f 2480/4191/4127 894/4197/4133 2452/4136/4072 2479/4135/4071
f 5277/6358/6109 5275/5047/4961 5203/5050/4964 5205/6359/6110
f 5596/5375/5282 5796/6360/6111 5783/4738/4655 5581/4741/4658
f 4531/6109/5910 3153/6108/5909 2972/1725/1716 4530/4637/4555
f 3081/6353/6105 5489/2821/2792 6303/2820/2791 6331/6354/5279
f 4588/4415/4347 4586/6361/6112 4632/6362/6113 4634/4416/4348
f 3406/1718/1709 3898/1717/1708 3900/1837/1828 3408/5192/5103
f 6518/5544/3795 4792/3629/3578 4853/3628/3577 6519/5545/2433
f 2516/4305/4237 2231/3821/3767 818/3820/3766 2511/4291/4223
f 6332/5561/5465 3321/5597/5498 3150/2946/2912 4533/6363/6114
f 640/2237/2225 1819/921/919 1817/920/918 1797/2238/2226
f 4532/6107/5908 4534/6303/6059 3103/5456/5362 3229/5457/5363
f 3150/2946/2912 3178/2316/2304 4535/2315/2303 4533/6363/6114
f 4655/6364/6115 4653/6365/6116 4537/2314/2302 4539/6366/6117
f 4534/6303/6059 4536/6302/6058 3242/5377/5284 3103/5456/5362
f 4656/6315/6071 4658/6367/6118 4542/6368/6119 4540/5594/5495
f 4547/6293/6051 4545/6292/6050 3089/5467/5373 13/5466/5372
f 4538/5595/5496 3090/5378/5285 3242/5377/5284 4536/6302/6058
f 4539/6366/6117 4537/2314/2302 3152/2317/2305 3238/5472/5378
f 458/1373/1364 1229/1382/1373 1497/2080/2068 1498/2081/2069
f 4541/6369/6120 4539/6366/6117 3238/5472/5378 3101/5474/5380
f 4542/6368/6119 3130/1864/1855 255/1863/1854 4540/5594/5495
f 4541/6369/6120 3101/5474/5380 3234/5469/5375 4543/6370/6121
f 1365/1682/1673 1367/1622/1613 1348/1621/1612 483/1627/1618
f 900/1814/1805 2497/4236/4172 2498/4263/4197 2491/1811/1802
f 4543/6370/6121 3234/5469/5375 3089/5467/5373 4545/6292/6050
f 4546/6371/6122 3122/6314/6070 3326/5611/5512 4544/6372/6123
f 4664/4235/4171 4548/4234/4170 4546/6371/6122 4662/6373/6124
f 494/1709/1700 1398/1778/1769 1400/1788/1779 1381/1721/1712
f 6211/5217/5128 6019/6374/6125 6023/6140/5930 6215/5218/5129
f 3122/6314/6070 4546/6371/6122 4548/4234/4170 5/5705/5599
f 4549/4233/4169 4547/6293/6051 13/5466/5372 3134/5658/5558
f 5327/6375/6126 5325/6376/6127 5253/1757/1748 5255/1756/1747
f 4548/4234/4170 4549/4233/4169 3134/5658/5558 5/5705/5599
f 4011/1914/1905 4012/561/561 3953/1980/1971 3952/1911/1902
f 5957/6010/5847 5958/6234/6008 6086/6377/6128 6085/6007/5844
f 6023/6140/5930 6019/6374/6125 4551/6378/6129 4736/6379/6130
f 5900/6380/6007 6356/6381/6131 5954/6382/6132 5958/6234/6008
f 2838/4869/4785 1005/4868/4784 2818/4915/4831 2839/4946/4862
f 4509/6342/6094 4716/6383/6133 4714/6330/6082 4507/6331/6083
f 4738/6384/6134 4740/6190/5973 4717/6334/6086 4715/6333/6085
f 4718/6385/6135 4716/6383/6133 4509/6342/6094 4511/5510/5416
f 4740/6190/5973 4742/6189/5972 4719/6386/6136 4717/6334/6086
f 4511/5510/5416 4513/5511/5417 4720/4157/4093 4718/6385/6135
f 4952/6282/6040 4929/6387/6137 5001/6388/6138 5024/6389/6139
f 4744/4288/4220 4742/6189/5972 4557/4320/4252 4559/4319/4251
f 395/4821/4737 5046/5234/5143 5082/6239/6009 1074/6390/6140
f 4561/6391/6141 4746/4285/4217 4744/4288/4220 4559/4319/4251
f 3094/5435/5342 3246/5483/5389 3243/4475/4407 3244/5480/5386
f 3968/3459/3410 3967/5141/5053 2965/5140/5052 2967/5139/5051
f 4517/6346/6098 4724/6392/6142 4722/4154/4090 4515/6344/6096
f 4754/6144/5934 4731/6143/5933 4729/6393/6143 4752/6394/6144
f 4746/4285/4217 4748/3990/3931 4725/3989/3930 4723/4286/4218
f 4726/4659/4577 4724/6392/6142 4517/6346/6098 4519/6343/6095
f 4748/3990/3931 4563/6395/6145 4565/6396/6146 4750/3991/3932
f 4519/6343/6095 4521/1846/1837 4728/1845/1836 4726/4659/4577
f 2915/5056/4970 1032/5043/4957 2898/5044/4958 2916/5045/4959
f 4752/6394/6144 4750/3991/3932 4565/6396/6146 4567/6397/6147
f 3719/6037/5866 3717/6039/4756 6465/6038/5862 3724/6027/5858
f 4569/3996/3937 4754/6144/5934 4752/6394/6144 4567/6397/6147
f 4525/6349/6101 4732/6398/6148 4730/1844/1835 4523/1847/1838
f 5924/2398/2386 6508/6399/2464 5881/6400/2452 5923/2459/2445
f 4569/3996/3937 4571/3995/3936 4756/6145/5935 4754/6144/5934
f 4734/6352/6104 4732/6398/6148 4525/6349/6101 4527/6356/6107
f 1253/1441/1432 522/1449/1440 1250/1448/1439 1252/1378/1369
f 4528/4638/4556 4529/6312/6068 4643/6311/6067 4642/4639/4557
f 4644/4640/4558 4642/4639/4557 4573/4394/4326 4575/6181/5966
f 2761/4830/4746 2779/4859/4775 2681/4631/4549 974/4626/4544
f 5596/5375/5282 5598/5374/5281 5799/5741/5633 5796/6360/6111
f 4646/6401/6149 4644/4640/4558 4575/6181/5966 4576/6402/6150
f 6101/194/194 6100/193/193 6037/6403/6151 6038/6404/6152
f 5681/6355/6106 5684/4430/4362 5545/4429/4361 5620/2819/2790
f 4580/4403/4335 4578/6405/6153 4624/6406/6154 4626/4404/4336
f 4646/6401/6149 4576/6402/6150 4578/6405/6153 4648/6351/6103
f 6422/5855/5745 3514/1799/1790 3513/3291/3247 6445/5933/5800
f 6275/6407/6155 6274/5216/5127 6345/5916/5791 6346/6408/6156
f 6332/5561/5465 4533/6363/6114 4649/4308/4240 4647/4310/4242
f 2798/131/131 2778/4853/4769 954/4454/4386 2606/132/132
f 4578/6405/6153 4580/4403/4335 4650/6304/6060 4648/6351/6103
f 4651/4311/4243 4649/4308/4240 4533/6363/6114 4535/2315/2303
f 4652/6305/6061 4650/6304/6060 4580/4403/4335 4582/329/329
f 4589/4266/4200 4587/6409/6157 4657/6410/6158 4659/4267/4201
f 4535/2315/2303 4537/2314/2302 4653/6365/6116 4651/4311/4243
f 4582/329/329 4584/328/328 4654/6316/6072 4652/6305/6061
f 3873/5810/5701 4313/5809/5700 4315/5839/5729 3381/5837/5727
f 4544/6372/6123 4542/6368/6119 4658/6367/6118 4660/6411/6159
f 4584/328/328 4586/6361/6112 4656/6315/6071 4654/6316/6072
f 5333/6125/5917 5331/4257/4191 5259/4256/4190 5261/6126/5918
f 4658/6367/6118 4656/6315/6071 4586/6361/6112 4588/4415/4347
f 4543/6370/6121 4659/4267/4201 4657/6410/6158 4541/6369/6120
f 4660/6411/6159 4658/6367/6118 4588/4415/4347 4590/4414/4346
f 4543/6370/6121 4545/6292/6050 4661/4268/4202 4659/4267/4201
f 4662/6373/6124 4660/6411/6159 4590/4414/4346 4592/6412/6160
f 2923/5052/4966 2921/3900/3845 2903/3903/3848 1035/5054/4968
f 5501/5041/4955 5489/2821/2792 3081/6413/6105 6335/6414/6161
f 4594/4204/4140 4664/4235/4171 4662/6373/6124 4592/6412/6160
f 4665/4232/4168 4664/4235/4171 4594/4204/4140 4595/4203/4139
f 6020/6415/6162 6019/6374/6125 6211/5217/5128 6212/6416/6163
f 6346/6408/6156 6345/5916/5791 4550/4338/4270 4596/4337/4269
f 4551/6378/6129 6019/6374/6125 6020/6415/6162 4597/6417/6164
f 4512/5147/5059 4510/5146/5058 4717/6334/6086 4719/6386/6136
f 4599/6418/6165 4553/6419/6166 6147/499/499 6148/498/498
f 366/609/609 307/608/608 50/422/422 237/415/415
f 4598/4336/4268 4552/4339/4271 4554/6420/6167 4600/6421/6168
f 4600/6421/6168 4554/6420/6167 4556/4223/4159 4602/4369/4301
f 5071/6422/6169 5094/6423/6170 5022/5453/5359 4999/6424/6171
f 4749/4658/4576 4564/5226/5135 4562/6217/5993 4747/6219/5995
f 4605/4322/4254 4607/6425/6172 4561/6391/6141 4559/4319/4251
f 4606/6426/6173 4560/6218/5994 4562/6217/5993 4608/6427/6174
f 4563/6395/6145 4561/6391/6141 4607/6425/6172 4609/6428/6175
f 4565/6396/6146 4563/6395/6145 4609/6428/6175 4611/6429/6176
f 4610/5225/5134 4608/6427/6174 4562/6217/5993 4564/5226/5135
f 4629/6430/6177 4627/3845/3791 4581/3848/3794 4583/6431/6178
f 4615/3997/3938 4569/3996/3937 4567/6397/6147 4613/6432/6179
f 4568/4301/4233 4570/3462/3413 4616/6433/6180 4614/4410/4342
f 918/4342/4274 2569/4390/4322 2589/4418/4350 2547/4215/4151
f 2567/4376/4308 923/4372/4304 2579/311/311 2583/310/310
f 4616/6433/6180 4570/3462/3413 4572/3461/3412 4618/4396/4328
f 922/4370/4302 2577/4380/4312 2578/4397/4329 2560/4371/4303
f 1893/3049/3014 682/3002/2968 1912/3091/3056 1931/3123/3088
f 4645/6434/5280 5500/6241/6011 5499/6240/6010 6333/6435/6181
f 5798/5011/4927 5797/5010/4926 5597/6436/6182 5630/6437/6183
f 6334/6438/6184 6333/6439/6181 5499/6240/6010 6304/6440/6185
f 4624/6406/6154 4578/6405/6153 4576/6402/6150 4622/6441/6186
f 2094/3454/3405 1592/2259/2247 577/2258/2246 2074/3414/3365
f 4623/5697/5592 4577/4309/4241 4579/3847/3793 4625/3846/3792
f 588/4731/4648 2721/4733/4650 2911/4971/4887 2912/5200/5111
f 3034/5250/5159 3033/5209/5120 2975/5154/5066 941/5148/5060
f 3971/5150/5062 3970/5142/5054 2970/5144/5056 2973/5153/5065
f 970/3587/3536 2630/3586/3535 2954/5115/5027 2941/5103/5015
f 4601/5755/5647 4555/5754/5646 4553/6419/6166 4599/6418/6165
f 4657/6410/6158 4587/6409/6157 4585/6442/6187 4655/6364/6115
f 4583/6431/6178 4585/6442/6187 4631/6443/6188 4629/6430/6177
f 4632/6362/6113 4586/6361/6112 4584/328/328 4630/327/327
f 4633/6444/6189 4631/6443/6188 4585/6442/6187 4587/6409/6157
f 6284/1263/1254 5158/6445/6190 2153/6446/6191 6240/3592/3541
f 6028/330/330 5065/333/333 708/6447/6192 5979/6448/6193
f 3912/6449/6194 3454/6450/6195 3452/6169/5957 3910/5861/5750
f 4591/4265/4199 4593/6132/5922 4639/6451/6196 4637/6452/6197
f 2271/3706/3654 882/3705/3653 2268/261/261 2270/260/260
f 4638/6453/6198 4640/4205/4141 4594/4204/4140 4592/6412/6160
f 4639/6451/6196 4593/6132/5922 4595/4203/4139 4641/4206/4142
f 6304/6440/6185 5499/6240/6010 5543/4428/4360 5544/6454/6199
f 5598/5374/5281 5597/6436/6182 5797/5010/4926 5799/5741/5633
f 5736/5559/5463 4647/4310/4242 4577/4309/4241 5734/5696/5591
f 3058/4353/4285 3057/5280/5189 3036/5253/5162 714/5254/5163
f 4657/6410/6158 4655/6364/6115 4539/6366/6117 4541/6369/6120
f 4654/6316/6072 4538/5595/5496 4536/6302/6058 4652/6305/6061
f 4655/6364/6115 4585/6442/6187 4583/6431/6178 4653/6365/6116
f 2612/4947/4863 958/4457/4389 2610/4456/4388 2611/4458/4390
f 6231/5481/5387 6273/6187/5970 6210/5737/5629 6167/5739/5631
f 2128/3547/3498 2614/4463/4395 2613/5841/5731 764/3505/3456
f 2820/4918/4834 2819/4912/4828 2821/4920/4836 1007/4919/4835
f 4662/6373/6124 4546/6371/6122 4544/6372/6123 4660/6411/6159
f 4663/6133/5923 4593/6132/5922 4591/4265/4199 4661/4268/4202
f 613/2373/2361 1624/962/960 1920/3105/3070 1901/3065/3030
f 5102/6455/6200 5030/6456/6201 4995/1821/1812 5067/6457/6202
f 2623/3542/3493 2622/3569/3519 761/3568/3518 2140/3583/3532
f 3155/1724/1715 4680/604/604 4682/5340/5247 3181/6357/6108
f 6335/6414/6161 3081/6413/6105 5581/4741/4658 5599/4740/4657
f 1908/3033/2999 1909/3032/2998 674/3066/3031 1907/3069/3034
f 3122/6314/6070 5/5705/5599 4666/5549/5453 4675/5622/5523
f 4679/4612/4530 3153/6108/5909 3229/5457/5363 4683/5448/5354
f 2812/3499/3450 2811/4896/4812 2813/4811/4727 1004/3496/3447
f 3235/5294/5203 4685/5465/5371 4678/4086/4025 3237/4087/4026
f 5822/1186/1180 2644/1189/1183 2645/4526/4458 5823/4540/4467
f 4710/835/833 4700/48/48 4493/51/51 4503/585/585
f 5546/5040/4954 5619/5039/4953 5669/3763/3711 5685/3762/3710
f 3309/5485/5391 1469/5488/5394 1466/5729/5622 3146/5505/5411
f 5479/5709/5602 5478/2402/2390 5507/2405/2393 5509/5665/5565
f 5455/6458/6203 5383/2094/2082 5381/2093/2081 5453/4714/4631
f 2679/4507/4439 2680/4529/4459 953/4524/4456 2643/4508/4440
f 3059/823/821 3058/4353/4285 714/5254/5163 3039/820/818
f 2595/3107/3072 2594/3715/3663 2596/4274/4208 952/3108/3073
f 5752/4492/4424 5622/1744/1735 5625/1889/1880 5750/4493/4425
f 5152/6459/6204 5150/6460/6205 5438/6461/6206 5440/6462/6207
f 1190/1278/1269 489/1274/1265 1366/1685/1676 1364/1669/1660
f 4701/239/239 177/3533/3484 88/836/834 4699/240/240
f 2618/4468/4400 2617/4467/4399 2619/3522/3473 964/3539/3490
f 4487/734/734 4694/348/348 4706/351/351 4499/735/735
f 5898/6320/6076 4482/42/42 4689/6463/6208 6358/6321/6077
f 4488/716/716 4499/735/735 4706/351/351 4695/554/554
f 1399/1768/1759 1397/1777/1768 1391/1745/1736 500/1748/1739
f 4590/4414/4346 4636/4417/4349 4638/6453/6198 4592/6412/6160
f 1864/2644/2615 660/2976/2942 1887/3038/3004 1885/2360/2348
f 2194/3748/3696 2193/3747/3695 2195/3598/3547 802/3597/3546
f 6347/49/49 6276/5482/5388 6272/6318/6074 6343/50/50
f 1962/3179/3143 687/2380/2368 1945/2676/2647 1963/3180/3144
f 4944/6464/6209 4759/1455/1446 4796/1456/1447 4918/6465/6210
f 4205/6067/5885 4201/3114/3079 3536/3115/3080 3765/6062/5882
f 2022/2692/2663 723/2691/2662 2020/3340/3293 2021/3350/3303
f 4735/6466/6211 4550/4338/4270 6345/5916/5791 6349/5915/5790
f 6273/6187/5970 6277/6186/5969 6214/6141/5931 6210/5737/5629
f 4954/2776/2747 4925/6467/6212 4810/338/338 4771/337/337
f 6156/6159/5949 6155/5005/4921 5020/6266/6028 5092/6468/6213
f 2374/4026/3967 2376/4041/3981 2357/4021/3962 840/4018/3959
f 4712/6329/6081 4714/6330/6082 4737/6469/6214 4735/6466/6211
f 5957/6010/5847 5953/6009/5846 5899/6470/6088 6359/6471/6006
f 4739/6472/6215 4737/6469/6214 4714/6330/6082 4716/6383/6133
f 4090/4195/4131 4091/4192/4128 2480/4191/4127 2479/4135/4071
f 4958/6473/6216 4786/3738/3686 4805/3636/3585 4923/1822/1813
f 4741/4224/4160 4739/6472/6215 4716/6383/6133 4718/6385/6135
f 2669/636/636 2676/635/635 2640/4514/4446 949/4501/4433
f 4743/4156/4092 4741/4224/4160 4718/6385/6135 4720/4157/4093
f 4721/4287/4219 4514/6345/6097 4512/5147/5059 4719/6386/6136
f 4979/6474/6217 5040/6475/6218 5112/6476/6219 5051/2965/2931
f 4560/6218/5994 4558/4222/4158 4743/4156/4092 4745/4155/4091
f 4516/4848/4764 4514/6345/6097 4721/4287/4219 4723/4286/4218
f 4724/6392/6142 4747/6219/5995 4745/4155/4091 4722/4154/4090
f 4749/4658/4576 4747/6219/5995 4724/6392/6142 4726/4659/4577
f 4520/6347/6099 4518/4849/4765 4725/3989/3930 4727/3992/3933
f 4564/5226/5135 4749/4658/4576 4751/4303/4235 4566/4302/4234
f 4729/6393/6143 4522/6348/6100 4520/6347/6099 4727/3992/3933
f 4730/1844/1835 4753/4300/4232 4751/4303/4235 4728/1845/1836
f 4524/6131/5921 4522/6348/6100 4729/6393/6143 4731/6143/5933
f 4755/3463/3414 4753/4300/4232 4730/1844/1835 4732/6398/6148
f 4731/6143/5933 4733/6142/5932 4526/6130/5920 4524/6131/5921
f 4757/3460/3411 4755/3463/3414 4732/6398/6148 4734/6352/6104
f 4527/6356/6107 4526/6130/5920 4733/6142/5932 4734/6352/6104
f 6023/6140/5930 4736/6379/6130 4713/4635/4553 6022/4634/4552
f 6151/6477/6220 6150/6478/6221 6085/6007/5844 6086/6377/6128
f 4742/6189/5972 4744/4288/4220 4721/4287/4219 4719/6386/6136
f 2927/5085/4997 2926/5078/4990 1036/4657/4575 2909/5058/4972
f 4992/3432/3383 5017/6479/6222 5089/6480/6223 5064/2986/2952
f 4750/3991/3932 4752/6394/6144 4729/6393/6143 4727/3992/3933
f 6283/3593/3542 6282/197/197 6219/200/200 6220/3594/3543
f 5180/2152/2140 5178/6481/6224 5466/6482/6225 5468/2153/2141
f 6349/5915/5790 6348/6185/5968 4712/6329/6081 4735/6466/6211
f 1028/5017/4933 2886/4664/4582 2905/4655/4573 2904/5053/4967
f 2701/4666/4584 2703/4517/4449 2667/4518/4450 967/4605/4524
f 2765/4834/4750 976/4837/4753 2764/4832/4748 2763/2367/2355
f 3523/2622/2593 6299/1061/1057 5495/5581/5485 6326/2623/2594
f 2327/3984/3925 2288/3922/3867 819/3875/3820 2307/3949/3894
f 158/175/175 75/164/164 163/189/189 160/188/188
f 1074/6390/6140 5082/6239/6009 5063/6483/6226 700/6484/6227
f 5485/6485/6228 5505/6486/6229 5057/6487/6230 538/6488/6231
f 3016/4360/4292 592/4359/4291 3040/5260/5169 3038/5259/5168
f 5517/5248/5157 5551/6489/6232 5505/6486/6229 5485/6485/6228
f 528/6490/6233 5052/1954/1945 5083/1817/1808 1123/1816/1807
f 4776/1238/1229 4775/1237/1228 4940/6491/6234 4909/6492/6235
f 5084/1930/1921 5052/1954/1945 528/6490/6233 1173/3319/3272
f 5435/1921/1912 5433/1920/1911 5145/3316/3269 5147/6493/6236
f 3840/1406/1397 2748/4611/4529 2745/4610/4528 3838/1407/1398
f 2900/5003/4919 2901/4962/4878 1033/4961/4877 2899/5046/4960
f 5085/4173/4109 5053/1931/1922 529/3318/3271 1234/4981/4897
f 3991/2978/2944 3992/3007/2973 3202/5395/5302 3200/2905/2874
f 5688/5703/5597 5686/5127/5039 5547/6494/6237 5549/6495/6238
f 5086/1385/1376 1238/6136/5926 580/6139/5929 5061/1386/1377
f 6030/1241/1232 5228/6496/6239 5300/6497/6240 6031/1242/1233
f 4943/5205/5116 4918/6465/6210 4796/1456/1447 4798/3676/3625
f 5061/1386/1377 580/6139/5929 1242/1759/1750 5087/1758/1749
f 4916/4863/4779 4761/4862/4778 4759/1455/1446 4944/6464/6209
f 4944/6464/6209 4918/6465/6210 4990/6498/6241 5016/6499/6242
f 4772/1457/1448 4945/4861/4777 4920/5715/5608 4773/1458/1449
f 4946/3354/3307 5018/3433/3384 4991/6500/6243 4919/3351/3304
f 5089/6480/6223 5060/6501/6244 545/6289/6047 1255/6502/6245
f 5090/2985/2951 1258/2984/2950 700/6484/6227 5063/6483/6226
f 5018/3433/3384 4946/3354/3307 4920/5715/5608 4992/3432/3383
f 4955/5317/5224 4767/2802/2773 4764/2340/2328 4912/5318/5225
f 4947/6283/6041 4912/5318/5225 4764/2340/2328 4765/2339/2327
f 4902/923/921 4947/6283/6041 4765/2339/2327 4800/924/922
f 5962/1322/1313 5961/1321/1312 6089/2823/2794 6090/4680/4598
f 4056/4187/4123 3475/4189/4125 3463/3315/3268 4057/4196/4132
f 4948/6267/6029 4809/6503/6246 4808/4894/4810 4924/6264/6026
f 2899/5046/4960 1026/5006/4922 2881/5019/4935 2900/5003/4919
f 4808/4894/4810 4818/2615/2586 4949/2897/2866 4924/6264/6026
f 1749/6504/6247 903/6505/6248 5074/6229/6003 5094/6423/6170
f 4949/2897/2866 4930/2898/2867 5002/5454/5360 5021/6231/6005
f 5022/5453/5359 5094/6423/6170 5074/6229/6003 5002/5454/5360
f 1692/2604/2575 1694/2624/2595 1649/2484/2468 597/2619/2590
f 5438/6461/6206 5150/6460/6205 5148/6506/6249 5436/6507/6250
f 4950/5455/5361 4813/613/613 4812/612/612 4927/6508/6251
f 5095/4674/4592 1753/2160/2148 893/2159/2147 5071/6422/6169
f 1835/2943/2909 1833/2945/2911 1813/2841/2812 644/2840/2811
f 4951/6509/6252 4799/2749/2720 4814/2751/2722 4928/6281/6039
f 5097/5023/4939 5025/6510/6253 4997/6511/6254 5069/6512/6255
f 4952/6282/6040 5024/6389/6139 5000/5420/5327 4928/6281/6039
f 4929/6387/6137 4952/6282/6040 4816/2756/2727 4815/2757/2728
f 5133/6513/6256 1242/1759/1750 580/6139/5929 5135/6138/5928
f 5001/6388/6138 5025/6510/6253 5097/5023/4939 5073/5022/4938
f 4758/2771/2742 4810/338/338 4925/6467/6212 4953/6514/6257
f 2217/2320/2308 2216/3792/3738 793/3710/3658 2182/2321/2309
f 2765/4834/4750 983/4712/4629 2714/4711/4628 2766/4835/4751
f 1774/6515/6258 5099/5156/5068 5056/5159/5071 536/6516/6259
f 2105/4902/4818 5100/4901/4817 5054/4905/4821 530/6517/6260
f 5049/6518/6261 5113/1426/1417 2738/6519/6262 524/6520/6263
f 5034/6521/6264 4962/354/354 4931/3201/3164 5003/6522/6265
f 5028/4906/4822 4994/6523/6266 4922/6524/6267 4956/5320/5227
f 4976/6525/6268 5043/6526/6269 5115/6527/6270 5048/6528/6271
f 6026/2065/2053 6218/199/199 6216/3730/3678 6024/3626/3575
f 5101/6529/6272 5067/6457/6202 4995/1821/1812 5029/1820/1811
f 4786/3738/3686 4958/6473/6216 4936/3183/3147 4789/3182/3146
f 6262/4253/4187 6198/4244/4180 6199/4262/4196 6263/4252/4186
f 4960/5062/4976 4826/3866/3811 4827/381/381 4935/6530/6273
f 4935/6530/6273 4827/381/381 4782/380/380 4959/3184/3148
f 5748/5674/5572 5811/5423/5330 5843/5335/5242 5780/5336/5243
f 4932/5064/4978 4807/3737/3685 4826/3866/3811 4960/5062/4976
f 2276/6531/6274 5108/6338/6090 5055/6341/6093 532/6532/6275
f 4960/5062/4976 4935/6530/6273 5007/6533/6276 5032/5063/4977
f 3045/5270/5179 838/5257/5166 3043/2786/2757 3044/2785/2756
f 4821/3734/3682 4961/6534/6277 4931/3201/3164 4820/3202/3165
f 5004/3160/3125 5033/3159/3124 4961/6534/6277 4932/5064/4978
f 4941/6243/6013 4914/1415/1406 4785/1399/1390 4791/1405/1396
f 5467/1314/1305 5465/6535/6278 5177/6536/6279 5179/6537/6280
f 5106/6538/6281 5075/6539/6282 932/6540/6283 2269/6541/6284
f 4911/5228/5137 4774/3885/3830 4822/3889/3834 4963/6542/6285
f 4933/355/355 4963/6542/6285 4822/3889/3834 4823/352/352
f 5035/6543/6286 4963/6542/6285 4933/355/355 5005/6544/6287
f 4020/5131/5043 4021/4876/4792 3965/3399/3350 3966/3402/3353
f 5803/582/582 5866/581/581 5867/5996/5837 5804/6319/6075
f 4973/6545/6288 4824/4824/4740 4825/3642/3591 4934/6546/6289
f 4964/5227/5136 5036/6339/6091 4982/4907/4823 4910/5321/5228
f 6384/5891/4899 6383/5890/5771 3654/3117/3082 3687/5892/5773
f 4934/6546/6289 4825/3642/3591 4760/3641/3590 4965/6547/6290
f 5066/4904/4820 710/4903/4819 2601/6548/6291 5109/6549/6292
f 5866/581/581 5864/584/584 4788/6263/6025 4966/1630/1621
f 5801/583/583 5803/582/582 5601/4519/4451 5631/2329/2317
f 5579/6550/5098 1490/2053/2043 543/2058/2046 5568/6551/5084
f 4788/6263/6025 4783/6552/6293 4915/1631/1622 4966/1630/1621
f 5059/5066/4980 5111/2968/2934 2673/2967/2933 544/6148/5938
f 4907/6553/6294 4967/6554/6295 4781/4945/4861 4780/4435/4367
f 4797/4771/4688 4970/6555/6296 4906/6556/6297 4794/4772/4689
f 5166/6252/6017 2253/6251/6016 1059/6557/6298 5164/5495/5401
f 4779/4434/4366 4968/6558/6299 4907/6553/6294 4780/4435/4367
f 5112/6476/6219 5049/6518/6261 524/6520/6263 2734/6280/6038
f 4978/1428/1419 5041/1427/1418 4969/4694/4611 4906/6556/6297
f 4905/4695/4612 4969/4694/4611 5041/1427/1418 4977/6559/6300
f 2738/6519/6262 5113/1426/1417 5050/1429/1420 525/5285/5194
f 5339/6246/6015 5337/6245/6014 5409/6560/6301 5411/6561/6302
f 5050/1429/1420 5114/6562/6303 2742/5286/5195 525/5285/5194
f 4829/4816/4732 4828/4817/4733 4937/4992/4908 4971/6155/5945
f 443/5282/5191 2742/5286/5195 5114/6562/6303 5048/6528/6271
f 5047/6563/6304 5116/6564/6305 5044/4990/4906 4975/6565/6306
f 4904/6156/5946 4971/6155/5945 5043/6526/6269 4976/6525/6268
f 2750/5283/5192 443/5282/5191 5048/6528/6271 5115/6527/6270
f 3324/5163/5075 58/5162/5074 2976/5613/5514 3154/5610/5511
f 4972/4993/4909 4793/6566/6307 4784/4825/4741 4903/6567/6308
f 4971/6155/5945 4937/4992/4908 5009/4991/4907 5043/6526/6269
f 4972/4993/4909 4937/4992/4908 4828/4817/4733 4793/6566/6307
f 5044/4990/4906 4972/4993/4909 4903/6567/6308 4975/6565/6306
f 4784/4825/4741 4824/4824/4740 4973/6545/6288 4903/6567/6308
f 5117/6568/6309 5078/6569/6310 942/6570/6311 2758/6571/6312
f 4417/5477/5383 4433/5478/5384 3239/5479/5385 3241/5475/5381
f 4830/912/910 4831/903/901 4769/3352/3305 4795/925/923
f 3919/4489/4421 3980/5746/5638 3977/5745/5637 3916/4486/4418
f 5687/5126/5038 5548/6135/5925 5547/6494/6237 5686/5127/5039
f 3965/3399/3350 3964/5092/5004 2961/5091/5003 2962/3400/3351
f 4740/6190/5973 4738/6384/6134 4553/6419/6166 4555/5754/5646
f 2775/4850/4766 980/4852/4768 2797/4887/4803 2795/4884/4800
f 4836/1236/1227 4835/1080/1075 4762/6572/6313 4775/1237/1228
f 4839/1398/1389 1233/1401/1392 1231/1400/1391 4838/1404/1395
f 1188/1277/1268 1186/1275/1266 1146/1156/1150 431/1158/1152
f 4841/1416/1407 1237/1413/1404 1235/1412/1403 4840/1397/1388
f 4844/1419/1410 4759/1455/1446 4761/4862/4778 4845/1450/1441
f 4846/1379/1370 4845/1450/1441 4761/4862/4778 4772/1457/1448
f 5701/1069/1064 1125/1072/1067 1163/1225/1216 5720/6573/6314
f 2710/2370/2358 983/4712/4629 2765/4834/4750 2763/2367/2355
f 6092/6574/6315 6157/6575/6316 6161/6576/6317 6096/6577/6318
f 6088/4986/4902 6087/2825/2796 5959/2824/2795 5960/2448/2434
f 4808/4894/4810 4809/6503/6246 4851/2450/2436 4852/2449/2435
f 5699/1070/1065 5739/5129/5041 4833/1079/1074 1122/1071/1066
f 687/2380/2368 1962/3179/3143 1961/1597/1588 1942/1596/1587
f 4854/2609/2580 1687/2435/2422 1689/2616/2587 4855/2613/2584
f 5096/6150/5940 5072/4672/4590 5000/5420/5327 5024/6389/6139
f 120/5344/5251 2982/5711/5604 3162/5355/5262 122/4791/4707
f 2017/2440/2427 744/3360/3313 2016/2713/2684 2014/3093/3058
f 2783/4847/4763 995/4763/4680 2781/4860/4776 2782/4865/4781
f 5943/3298/3253 5889/3308/3252 6506/3307/3241 5942/1549/1540
f 4862/2770/2741 4863/339/339 4810/338/338 4758/2771/2742
f 4764/2340/2328 4767/2802/2773 4866/2801/2772 4850/2337/2325
f 782/3424/3375 2111/3500/3451 2295/1916/1907 2296/754/752
f 2732/4779/4695 2730/4754/4671 2728/4758/4675 988/4769/4686
f 4782/380/380 4874/379/379 4873/3746/3694 4789/3182/3146
f 4875/378/378 4827/381/381 4826/3866/3811 4876/3865/3810
f 2876/5002/4918 1018/4978/4894 2858/4980/4896 2877/5007/4923
f 2367/4009/3950 2366/4006/3947 2368/888/886 846/4010/3951
f 6239/3416/3367 6175/6578/6319 6217/3731/3679 6280/3417/3368
f 2256/2247/2235 4877/3736/3684 4878/3735/3683 2258/2248/2236
f 4871/3637/3586 2155/3634/3583 2152/3415/3366 4870/3418/3369
f 5733/5560/5464 5681/6355/6106 5670/5596/5497 5725/6350/6102
f 2857/4979/4895 2856/4977/4893 1011/4925/4841 2837/4938/4854
f 2710/2370/2358 2709/4705/4622 2711/4713/4630 983/4712/4629
f 3602/4426/4358 3597/4422/4354 3801/4421/4353 3802/288/288
f 4879/3873/3818 4820/3202/3165 4819/353/353 4880/3854/3799
f 2472/3888/3833 883/3887/3832 2275/3897/3842 2473/4094/4032
f 816/3843/3789 2505/4279/4211 2507/3839/3785 2244/291/291
f 5802/6579/6320 5801/583/583 5631/2329/2317 5600/6580/2316
f 4788/6263/6025 4887/4500/4432 4888/4499/4431 4783/6552/6293
f 4889/4624/4542 4781/4945/4861 4783/6552/6293 4888/4499/4431
f 2752/4818/4734 2749/4808/4724 2743/4800/4716 1052/4799/4715
f 2860/4963/4879 2861/4976/4892 1019/4975/4891 2859/4964/4880
f 4893/4774/4691 4804/4697/4614 4803/4696/4613 4892/4787/4703
f 4893/4774/4691 4894/4773/4690 4794/4772/4689 4804/4697/4614
f 4895/4770/4687 4896/4815/4731 4787/6157/5947 4797/4771/4688
f 4897/4807/4723 4829/4816/4732 4787/6157/5947 4896/4815/4731
f 2767/4836/4752 2785/4858/4774 2784/4866/4782 976/4837/4753
f 2796/4881/4797 2795/4884/4800 2797/4887/4803 999/2611/2582
f 5504/4726/4643 6495/4728/4645 5550/6581/6321 5549/6495/6238
f 2780/4762/4679 2800/4761/4678 2684/4629/4547 973/4632/4550
f 4769/3352/3305 4919/3351/3304 4938/926/924 4795/925/923
f 2735/4789/4705 1049/4785/4701 2740/4950/4866 2737/4775/4692
f 5549/6495/6238 5547/6494/6237 5502/6582/1049 5504/6583/4643
f 4940/6491/6234 4775/1237/1228 4762/6572/6313 4908/6584/6322
f 4939/6585/6323 4908/6584/6322 4762/6572/6313 4763/6586/6324
f 5014/1388/1379 4986/3380/3332 5058/4174/4110 5086/1385/1376
f 1170/1232/1223 1171/1231/1222 441/1074/1069 1126/1073/1068
f 4791/1405/1396 4776/1238/1229 4909/6492/6235 4941/6243/6013
f 5087/1758/1749 5062/1761/1752 4990/6498/6241 5015/5733/5626
f 5017/6479/6222 4945/4861/4777 4916/4863/4779 4988/6587/6325
f 1377/1704/1695 1379/1712/1703 1361/1670/1661 487/1647/1638
f 4945/4861/4777 5017/6479/6222 4992/3432/3383 4920/5715/5608
f 1061/1728/1719 3351/1731/1722 3124/5562/5466 3298/5532/5438
f 5056/5159/5071 5091/5233/5142 1604/4820/4736 536/6516/6259
f 4974/5821/5711 5019/5822/5712 4947/6283/6041 4902/923/921
f 5093/6230/6004 5068/6588/6326 4996/6265/6027 5021/6231/6005
f 6154/5004/4920 6152/6589/6327 4809/6503/6246 4948/6267/6029
f 5068/6588/6326 5092/6468/6213 5020/6266/6028 4996/6265/6027
f 5068/6588/6326 5093/6230/6004 1688/6590/6328 717/6591/6329
f 1312/1525/1516 567/1528/1519 1289/1522/1513 1309/1569/1560
f 4930/2898/2867 4817/2614/2585 4813/613/613 4950/5455/5361
f 1228/1383/1374 1226/1372/1363 457/883/881 1230/882/880
f 5022/5453/5359 4950/5455/5361 4927/6508/6251 4999/6424/6171
f 4926/2775/2746 4998/6592/6330 5026/6593/6331 4954/2776/2747
f 5025/6510/6253 5001/6388/6138 4929/6387/6137 4953/6514/6257
f 4953/6514/6257 4929/6387/6137 4815/2757/2728 4758/2771/2742
f 4997/6511/6254 5025/6510/6253 4953/6514/6257 4925/6467/6212
f 5069/6512/6255 5098/6594/6332 1770/5743/5635 884/5742/5634
f 4142/119/119 4143/136/136 4111/124/124 4110/123/123
f 4955/5317/5224 5027/5157/5069 4998/6592/6330 4926/2775/2746
f 4777/3488/3439 4910/5321/5228 4956/5320/5227 4770/3489/3440
f 5103/6595/6333 5080/6596/6334 1059/6557/6298 2253/6251/6016
f 6026/2065/2053 4921/3851/3796 4993/332/332 6027/331/331
f 3851/1068/1063 3538/5764/5656 3535/1586/1577 3853/5494/5400
f 6157/6575/6316 6092/6574/6315 6049/6597/6335 6112/6598/6336
f 4805/3636/3585 4802/3635/3584 4957/1823/1814 4923/1822/1813
f 5075/6539/6282 5105/3158/3123 2261/6599/6337 932/6540/6283
f 4936/3183/3147 5008/6600/6338 5031/6601/6339 4959/3184/3148
f 1059/6557/6298 5080/6596/6334 5102/6455/6200 2192/4332/4264
f 5102/6455/6200 5067/6457/6202 712/4333/4265 2192/4332/4264
f 5031/6601/6339 5007/6533/6276 4935/6530/6273 4959/3184/3148
f 4878/3735/3683 4821/3734/3682 4820/3202/3165 4879/3873/3818
f 3750/5969/5821 3749/6127/5919 3541/5760/5652 3544/5757/5649
f 2939/1504/1495 2937/5101/5013 2917/5065/4979 1040/1501/1492
f 5075/6539/6282 5003/6522/6265 5033/3159/3124 5105/3158/3123
f 4962/354/354 5034/6521/6264 5005/6544/6287 4933/355/355
f 5107/1303/1294 2273/1302/1293 532/6532/6275 5055/6341/6093
f 2845/4652/4570 2865/4651/4569 2864/4988/4904 1014/4678/4596
f 5472/6602/6340 5470/2154/2142 5398/1686/1677 5400/6603/6341
f 4965/6547/6290 5037/6604/6342 5006/6605/6343 4934/6546/6289
f 4922/6524/6267 4965/6547/6290 4760/3641/3590 4766/4450/4382
f 5867/5996/5837 5866/581/581 4966/1630/1621 5038/1629/1620
f 5039/5067/4981 4987/1632/1623 4915/1631/1622 4967/6554/6295
f 5038/1629/1620 4987/1632/1623 5059/5066/4980 5110/4445/4377
f 4967/6554/6295 4915/1631/1622 4783/6552/6293 4781/4945/4861
f 4979/6474/6217 5039/5067/4981 4967/6554/6295 4907/6553/6294
f 2946/5113/5025 2945/5083/4995 1043/5079/4991 2928/5084/4996
f 1035/5054/4968 2906/4654/4572 2924/5077/4989 2923/5052/4966
f 3027/5213/5124 3023/3726/3674 587/3727/3675 3005/5214/5125
f 4968/6558/6299 5040/6475/6218 4979/6474/6217 4907/6553/6294
f 4194/1752/1743 4190/1751/1742 2893/5036/4951 2891/5034/4949
f 4779/4434/4366 4803/4696/4613 4905/4695/4612 4968/6558/6299
f 4922/6524/6267 4766/4450/4382 4770/3489/3440 4956/5320/5227
f 1772/2800/2771 1769/2792/2763 1767/2782/2753 698/2783/2754
f 2714/4711/4628 2713/4702/4619 2715/4701/4618 985/4736/4653
f 4804/4697/4614 4794/4772/4689 4906/6556/6297 4969/4694/4611
f 5008/6600/6338 5080/6596/6334 5103/6595/6333 5031/6601/6339
f 4416/4433/4365 4437/5443/5349 4449/848/846 4427/5189/5100
f 5116/6564/6305 5081/6606/6344 5009/4991/4907 5044/4990/4906
f 5006/6605/6343 5045/6607/6345 4973/6545/6288 4934/6546/6289
f 2666/4600/4520 2667/4518/4450 969/2911/2880 2637/4438/4370
f 5408/1567/1558 5120/1566/1557 5118/6608/6346 5406/1902/1893
f 4903/6567/6308 4973/6545/6288 5045/6607/6345 4975/6565/6306
f 5010/6154/5944 4938/926/924 4919/3351/3304 4991/6500/6243
f 64/553/553 334/714/714 4708/702/702 4695/554/554
f 5772/4601/4521 5771/1016/1014 5834/3668/3617 5835/4604/4523
f 5688/5703/5597 5549/6495/6238 5550/6581/6321 5689/4116/4052
f 4981/1932/1923 4909/6492/6235 4940/6491/6234 5012/1929/1920
f 4939/6585/6323 5011/4826/4742 4980/1955/1946 4908/6584/6322
f 4980/1955/1946 5012/1929/1920 4940/6491/6234 4908/6584/6322
f 4981/1932/1923 5013/4175/4111 4941/6243/6013 4909/6492/6235
f 4943/5205/5116 4917/1394/1385 4989/1387/1378 5015/5733/5626
f 5062/1761/1752 5088/6609/6347 5016/6499/6242 4990/6498/6241
f 6414/6610/2298 5850/6085/5895 3640/5364/5271 6403/6611/2164
f 3070/5262/5171 3055/5235/5144 889/5275/5184 3071/5273/5182
f 5427/5304/5213 5139/6612/6348 5141/6613/6349 5429/6614/6350
f 5065/333/333 4993/332/332 5902/6615/1314 5903/6616/6351
f 5093/6230/6004 5074/6229/6003 903/6505/6248 1688/6590/6328
f 4928/6281/6039 5000/5420/5327 5023/5419/5326 4951/6509/6252
f 4471/5699/5594 4447/5444/5350 4452/3503/3454 4476/3504/3455
f 5070/6617/6352 5098/6594/6332 5026/6593/6331 4998/6592/6330
f 4927/6508/6251 4951/6509/6252 5023/5419/5326 4999/6424/6171
f 2910/4911/4827 1038/5070/4984 2909/5058/4972 2908/5057/4971
f 2984/3124/3089 2958/3127/3092 4191/5112/5024 4196/5180/5091
f 5066/4904/4820 4994/6523/6266 5028/4906/4822 5100/4901/4817
f 4670/605/605 2972/1725/1716 3153/6108/5909 4679/4612/4530
f 5079/6618/6353 5104/6619/6354 5032/5063/4977 5007/6533/6276
f 937/6220/5996 2261/6599/6337 5105/3158/3123 5076/3157/3122
f 5035/6543/6286 5107/1303/1294 5055/6341/6093 4983/6340/6092
f 5107/1303/1294 5035/6543/6286 5005/6544/6287 5077/1300/1291
f 5036/6339/6091 5108/6338/6090 5054/4905/4821 4982/4907/4823
f 3205/5569/5473 3203/5396/5303 3993/3006/2972 3994/6146/5936
f 5109/6549/6292 5037/6604/6342 4994/6523/6266 5066/4904/4820
f 4965/6547/6290 4922/6524/6267 4994/6523/6266 5037/6604/6342
f 4968/6558/6299 4905/4695/4612 4977/6559/6300 5040/6475/6218
f 5114/6562/6303 5042/6620/6355 4976/6525/6268 5048/6528/6271
f 5049/6518/6261 4977/6559/6300 5041/1427/1418 5113/1426/1417
f 4190/1751/1742 4197/5207/5118 3001/4765/4682 2893/5036/4951
f 5006/6605/6343 5037/6604/6342 5109/6549/6292 5078/6569/6310
f 2829/4932/4848 2930/5080/4992 2931/5087/4999 1067/4936/4852
f 5042/6620/6355 4978/1428/1419 4906/6556/6297 4970/6555/6296
f 4767/2802/2773 4955/5317/5224 4926/2775/2746 4811/2777/2748
f 5081/6606/6344 5115/6527/6270 5043/6526/6269 5009/4991/4907
f 2754/6621/6356 5116/6564/6305 5047/6563/6304 396/6622/6357
f 5580/5354/5261 5556/5357/5264 41/6623/5552 3079/6624/5601
f 568/1445/1436 1569/1444/1435 1572/2202/2190 1565/2205/2193
f 5086/1385/1376 5058/4174/4110 541/4982/4898 1238/6136/5926
f 5420/5649/5549 5418/5648/5548 5346/6625/6358 5348/6626/6359
f 5088/6609/6347 1251/6290/6048 545/6289/6047 5060/6501/6244
f 5088/6609/6347 5060/6501/6244 4988/6587/6325 5016/6499/6242
f 1255/6502/6245 702/2987/2953 5064/2986/2952 5089/6480/6223
f 4360/3205/3168 4301/3204/3167 6435/5913/5788 6437/6213/5990
f 2574/4400/4332 2575/6068/5886 921/4365/4297 2554/4367/4299
f 1749/6504/6247 5094/6423/6170 5071/6422/6169 893/2159/2147
f 5024/6389/6139 5001/6388/6138 5073/5022/4938 5096/6150/5940
f 4954/2776/2747 5026/6593/6331 4997/6511/6254 4925/6467/6212
f 5027/5157/5069 5099/5156/5068 5070/6617/6352 4998/6592/6330
f 6220/3594/3543 6219/200/200 6027/331/331 6028/330/330
f 790/3537/3488 2131/3548/3499 2129/3544/3495 2126/3534/3485
f 4958/6473/6216 5030/6456/6201 5008/6600/6338 4936/3183/3147
f 4958/6473/6216 4923/1822/1813 4995/1821/1812 5030/6456/6201
f 5469/1315/1306 5467/1314/1305 5179/6537/6280 5181/4564/4489
f 5104/6619/6354 5076/3157/3122 5004/3160/3125 5032/5063/4977
f 5005/6544/6287 5034/6521/6264 5106/6538/6281 5077/1300/1291
f 1434/1346/1337 1433/1875/1866 1311/1570/1561 574/1521/1512
f 5111/2968/2934 5039/5067/4981 4979/6474/6217 5051/2965/2931
f 2995/4854/4770 2729/4768/4685 989/4746/4663 2997/4443/4375
f 3072/5134/5046 3071/5273/5182 889/5275/5184 3073/5135/5047
f 5340/3052/3017 5196/3959/3902 5198/5728/5621 5342/3053/3018
f 5805/6627/6360 5603/6628/6361 5602/5710/5603 5804/6319/6075
f 2054/3385/3336 2055/3392/3343 732/6629/6362 2053/3386/3337
f 532/6532/6275 2273/1302/1293 5182/2151/2139 5184/6630/6363
f 2734/6280/6038 526/2966/2932 5051/2965/2931 5112/6476/6219
f 5115/6527/6270 5081/6606/6344 1064/6631/6364 2750/5283/5192
f 5045/6607/6345 5117/6568/6309 5047/6563/6304 4975/6565/6306
f 5082/6239/6009 5010/6154/5944 4991/6500/6243 5063/6483/6226
f 2725/4747/4664 2722/4748/4665 2715/4701/4618 990/4703/4620
f 6495/6632/4645 4985/4727/4644 5057/6487/6230 5505/6633/6229
f 4980/1955/1946 5011/4826/4742 5083/1817/1808 5052/1954/1945
f 5904/6634/800 5878/6635/6365 5921/6636/6366 5964/6637/6367
f 4981/1932/1923 5053/1931/1922 5085/4173/4109 5013/4175/4111
f 5060/6501/6244 5089/6480/6223 5017/6479/6222 4988/6587/6325
f 3050/2002/1993 880/2005/1996 3049/4796/4712 3047/4795/4711
f 4991/6500/6243 5018/3433/3384 5090/2985/2951 5063/6483/6226
f 5071/6422/6169 4999/6424/6171 5023/5419/5326 5095/4674/4592
f 6112/6598/6336 6156/6159/5949 5092/6468/6213 1643/6638/6368
f 940/5132/5044 3073/5135/5047 3074/5274/5183 2971/5145/5057
f 5101/6529/6272 2153/6446/6191 712/4333/4265 5067/6457/6202
f 2947/4730/4647 2946/5113/5025 2928/5084/4996 1045/4729/4646
f 553/2121/2109 1515/2120/2108 1537/2110/2098 1538/2125/2113
f 2276/6531/6274 532/6532/6275 5184/6630/6363 5186/6639/6369
f 5042/6620/6355 5114/6562/6303 5050/1429/1420 4978/1428/1419
f 408/969/967 1093/2219/2207 1090/946/944 1091/948/946
f 6176/3595/3544 5979/6448/6193 6029/5725/5618 6221/1264/1255
f 5019/5822/5712 5091/5233/5142 5056/5159/5071 4984/5158/5070
f 1643/6638/6368 5092/6468/6213 5068/6588/6326 717/6591/6329
f 5026/6593/6331 5098/6594/6332 5069/6512/6255 4997/6511/6254
f 5108/6338/6090 2276/6531/6274 530/6517/6260 5054/4905/4821
f 2720/4732/4649 3078/2003/1994 3064/5284/5193 1030/4803/4719
f 5008/6600/6338 5030/6456/6201 5102/6455/6200 5080/6596/6334
f 5604/5310/5218 5151/6640/6370 538/6488/6231 5567/6641/6371
f 3920/5368/5275 3641/5367/5274 3615/5749/5641 3922/5748/5640
f 5131/6642/6372 5133/6513/6256 5421/6643/6373 5419/6644/6374
f 5062/1761/1752 583/1760/1751 1251/6290/6048 5088/6609/6347
f 5411/6561/6302 5409/6560/6301 5121/6645/6375 5123/6646/6376
f 3998/2082/2070 3997/1903/1894 3282/1905/1896 3283/5410/5317
f 4951/6509/6252 4927/6508/6251 4812/612/612 4799/2749/2720
f 2237/309/309 2234/3829/3775 2238/3833/3779 933/4164/4100
f 3914/3872/3817 3456/5863/5752 3454/6450/6195 3912/6449/6194
f 5072/4672/4590 5096/6150/5940 1757/6151/5941 895/4673/4591
f 1260/1436/1427 1262/1462/1453 1210/1324/1315 453/1325/1316
f 5603/6628/6361 5057/6487/6230 4985/4727/4644 5602/5710/5603
f 5079/6618/6353 944/6254/6019 2257/6221/5997 5104/6619/6354
f 5186/6639/6369 5188/5060/4974 530/6517/6260 2276/6531/6274
f 3741/5805/5696 6539/6268/5832 4303/6269/1035 4323/3442/3393
f 3341/5527/5433 3272/5526/5432 3131/5516/5422 3343/5635/5536
f 3016/4360/4292 591/5208/5119 3014/5194/5105 3015/4361/4293
f 2822/4923/4839 2821/4920/4836 1001/4893/4809 2804/4895/4811
f 3912/6449/6194 3910/5861/5750 3418/5842/5732 3420/5848/5738
f 5228/6496/6239 6520/6647/3745 6521/6648/6377 5300/6497/6240
f 5079/6618/6353 5007/6533/6276 5031/6601/6339 5103/6595/6333
f 5550/6581/6321 6495/6632/4645 5505/6633/6229 5551/6489/6232
f 5693/1782/1773 5692/1781/1772 5553/6649/6378 5554/6650/6379
f 5097/5023/4939 5069/6512/6255 884/5742/5634 1766/5020/4936
f 5099/5156/5068 1774/6515/6258 885/6651/6380 5070/6617/6352
f 5951/6652/6381 5897/6294/6043 5896/6295/538 5950/541/541
f 6220/3594/3543 6028/330/330 5979/6448/6193 6176/3595/3544
f 5079/6618/6353 5103/6595/6333 2253/6251/6016 944/6254/6019
f 2883/4998/4914 2882/3859/3804 2884/5018/4934 1028/5017/4933
f 5104/6619/6354 2257/6221/5997 937/6220/5996 5076/3157/3122
f 277/549/549 278/551/551 107/345/345 213/550/550
f 3054/5238/5147 3031/5240/5149 596/5245/5154 3056/5276/5185
f 5106/6538/6281 2269/6541/6284 939/1301/1292 5077/1300/1291
f 5057/6487/6230 5603/6628/6361 5567/6641/6371 538/6488/6231
f 5117/6568/6309 2758/6571/6312 396/6622/6357 5047/6563/6304
f 4748/3990/3931 4746/4285/4217 4561/6391/6141 4563/6395/6145
f 5118/6608/6346 1074/6390/6140 700/6484/6227 5119/6653/6382
f 5411/6561/6302 5123/6646/6376 5125/6654/6383 5413/3758/3706
f 1258/2984/2950 5121/6645/6375 5119/6653/6382 700/6484/6227
f 702/2987/2953 5123/6646/6376 5121/6645/6375 1258/2984/2950
f 5122/1565/1556 5124/5219/5130 536/6516/6259 1604/4820/4736
f 1292/1493/1484 1286/1492/1483 466/1512/1503 1294/1529/1520
f 5125/6654/6383 5123/6646/6376 702/2987/2953 1255/6502/6245
f 1774/6515/6258 536/6516/6259 5124/5219/5130 5126/4874/4790
f 5125/6654/6383 1255/6502/6245 545/6289/6047 5127/6288/6046
f 6315/5960/5815 6314/6655/6384 6325/5670/5570 6327/5958/5813
f 5128/4873/4789 885/6651/6380 1774/6515/6258 5126/4874/4790
f 4436/5704/5598 4459/6299/6055 4463/5698/5593 4440/5687/5582
f 5130/5647/5547 1770/5743/5635 885/6651/6380 5128/4873/4789
f 1348/1621/1612 1346/1552/1543 1344/1551/1542 483/1627/1618
f 583/1760/1751 5131/6642/6372 5129/6287/6045 1251/6290/6048
f 583/1760/1751 1242/1759/1750 5133/6513/6256 5131/6642/6372
f 3183/5356/5263 3162/5355/5262 2982/5711/5604 2978/5744/5636
f 2364/3769/3717 2366/4006/3947 2346/4004/3945 837/4003/3944
f 5138/6656/6385 1757/6151/5941 898/5021/4937 5136/34/34
f 6276/5482/5388 6213/6193/5976 6209/6192/5975 6272/6318/6074
f 5136/34/34 898/5021/4937 1766/5020/4936 5134/35/35
f 5436/6507/6250 5434/6657/6386 5362/6658/6387 5364/6659/6388
f 5139/6612/6348 5137/6137/5927 1238/6136/5926 541/4982/4898
f 895/4673/4591 1757/6151/5941 5138/6656/6385 5140/6660/6389
f 5818/4447/4379 2638/4446/4378 5153/6661/6390 5869/5177/5088
f 541/4982/4898 1234/4981/4897 5141/6613/6349 5139/6612/6348
f 936/4299/4231 2538/3186/3150 2592/1639/1630 2591/1641/1632
f 5142/2161/2149 1753/2160/2148 895/4673/4591 5140/6660/6389
f 5141/6613/6349 1234/4981/4897 529/3318/3271 5143/3317/3270
f 6091/4681/4599 6049/6597/6335 5921/6636/6366 5963/4679/4597
f 5428/6662/6391 5426/6663/6392 5354/6664/6393 5356/6665/6394
f 5743/2295/2283 5747/6666/6395 5437/6667/6396 5149/2296/2284
f 5439/6668/6397 6499/6669/6398 6496/6670/6399 5151/6640/6370
f 40/421/421 254/471/471 256/478/478 238/417/417
f 5146/6671/6400 1749/6504/6247 893/2159/2147 5144/2162/2150
f 640/2237/2225 1800/2873/2842 1820/2913/2882 1819/921/919
f 528/6490/6233 5147/6493/6236 5145/3316/3269 1173/3319/3272
f 5146/6671/6400 5148/6506/6249 903/6505/6248 1749/6504/6247
f 1123/1816/1807 5149/2296/2284 5147/6493/6236 528/6490/6233
f 6038/6404/6152 6037/6403/6151 5909/6324/6078 5910/6327/6079
f 1688/6590/6328 903/6505/6248 5148/6506/6249 5150/6460/6205
f 5485/6672/6228 538/6488/6231 5151/6640/6370 6496/6673/6399
f 5006/6605/6343 5078/6569/6310 5117/6568/6309 5045/6607/6345
f 6485/6674/1105 5615/1109/1104 5609/1086/1081 6477/6675/6401
f 5178/6481/6224 2269/6541/6284 932/6540/6283 5176/6676/6402
f 5150/6460/6205 5152/6459/6204 717/6591/6329 1688/6590/6328
f 5907/6677/6403 5906/6163/5952 6034/6678/6404 6035/6679/6405
f 5755/6680/6406 5806/5176/5087 5604/5310/5218 5567/6641/6371
f 5152/6459/6204 5154/6681/6407 1643/6638/6368 717/6591/6329
f 544/6148/5938 5155/2354/2342 5153/6661/6390 2638/4446/4378
f 5940/2592/2563 5939/2577/2551 6067/2585/2557 6068/2593/2564
f 6092/6574/6315 5964/6637/6367 5921/6636/6366 6049/6597/6335
f 544/6148/5938 2673/2967/2933 5157/2355/2343 5155/2354/2342
f 6029/5725/5618 5979/6448/6193 708/6447/6192 5156/801/799
f 712/4333/4265 2153/6446/6191 5158/6445/6190 5160/4334/4266
f 1597/908/906 1598/2073/2061 397/2072/2060 1072/5071/4985
f 5451/4715/4632 5449/6682/6408 5161/6279/6037 5163/4716/4633
f 5163/4716/4633 5161/6279/6037 2734/6280/6038 524/6520/6263
f 2192/4332/4264 5162/4335/4267 5164/5495/5401 1059/6557/6298
f 5163/4716/4633 524/6520/6263 2738/6519/6262 5165/4717/4634
f 1314/1576/1567 1313/1530/1521 1315/1520/1511 473/1519/1510
f 2786/4871/4787 2785/4858/4774 2787/4842/4758 997/4883/4799
f 5949/505/505 5913/641/641 6041/644/644 6077/506/506
f 6371/1432/1423 6365/1435/1426 3564/531/531 4302/514/514
f 5167/5287/5196 5165/4717/4634 2738/6519/6262 525/5285/5194
f 5168/6253/6018 5170/6222/5998 2257/6221/5997 944/6254/6019
f 6483/1050/972 6476/1049/1047 5511/2865/6409 5519/975/973
f 5171/1618/1609 5169/1617/1608 2742/5286/5195 443/5282/5191
f 84/437/437 243/419/419 303/430/430 304/607/607
f 384/850/848 142/104/104 4144/120/120 4164/851/849
f 1064/6631/6364 5175/6683/6410 5173/4958/4874 2750/5283/5192
f 5552/5249/5158 5517/5248/5157 5485/6672/6228 6496/6673/6399
f 5324/6152/5942 5252/1688/1679 5250/1723/1714 5322/6684/6411
f 5174/1636/1627 5176/6676/6402 932/6540/6283 2261/6599/6337
f 1064/6631/6364 2754/6621/6356 5177/6536/6279 5175/6683/6410
f 5188/5060/4974 5186/6639/6369 5474/6685/6412 5476/5061/4975
f 396/6622/6357 5179/6537/6280 5177/6536/6279 2754/6621/6356
f 2269/6541/6284 5178/6481/6224 5180/2152/2140 939/1301/1292
f 3075/6104/5907 3076/4595/4515 946/4767/4684 3003/4766/4683
f 5181/4564/4489 5179/6537/6280 396/6622/6357 2758/6571/6312
f 5443/2353/2341 5441/5117/5029 5153/6661/6390 5155/2354/2342
f 5182/2151/2139 2273/1302/1293 939/1301/1292 5180/2152/2140
f 942/6570/6311 5183/4565/4490 5181/4564/4489 2758/6571/6312
f 6140/6215/5991 6075/6686/6413 6074/6208/5986 6139/3278/3235
f 2601/6548/6291 5185/6687/6414 5183/4565/4490 942/6570/6311
f 5528/2822/2793 5670/5596/5497 5681/6355/6106 5620/2819/2790
f 5475/1572/1563 5473/6688/6415 5185/6687/6414 5187/6689/6416
f 710/4903/4819 5187/6689/6416 5185/6687/6414 2601/6548/6291
f 5189/5059/4973 2105/4902/4818 530/6517/6260 5188/5060/4974
f 5915/742/742 5877/744/741 5875/743/3 5907/6677/6403
f 710/4903/4819 2105/4902/4818 5189/5059/4973 5187/6689/6416
f 615/965/963 1625/964/962 1626/2381/2369 1627/2388/2376
f 5407/1899/1890 5406/1902/1893 5118/6608/6346 5119/6653/6382
f 5190/5645/5545 5192/6227/6001 5336/6690/6417 5334/1901/1892
f 5446/6691/6418 5158/6445/6190 6284/1263/1254 6288/1266/1257
f 5121/6645/6375 5409/6560/6301 5407/1899/1890 5119/6653/6382
f 5194/3960/3903 5338/6692/6419 5336/6690/6417 5192/6227/6001
f 5412/3051/3016 5410/1564/1555 5338/6692/6419 5340/3052/3017
f 1341/1513/1504 1320/1579/1570 474/1578/1569 1339/1514/1505
f 5411/6561/6302 5413/3758/3706 5341/2064/2052 5339/6246/6015
f 5340/3052/3017 5338/6692/6419 5194/3960/3903 5196/3959/3902
f 3300/5565/5469 3113/5566/5470 3316/5585/5487 3314/1470/1461
f 1326/1553/1544 477/1594/1585 1325/1593/1584 1324/1595/1586
f 5172/1633/1624 5170/6222/5998 5458/6693/6420 5460/1634/1625
f 2224/232/232 810/3810/3756 2229/3729/3677 2226/233/233
f 5417/6694/6421 5345/6695/6422 5343/2061/2049 5415/3759/3707
f 5203/5050/4964 5201/5049/4963 5345/6695/6422 5347/6696/6423
f 5200/5726/5619 5202/5552/5456 5346/6625/6358 5344/5727/5620
f 5347/6696/6423 5345/6695/6422 5417/6694/6421 5419/6644/6374
f 5134/35/35 5132/5646/5546 5420/5649/5549 5422/36/36
f 5202/5552/5456 5204/4129/4065 5348/6626/6359 5346/6625/6358
f 5238/1511/1502 5382/1651/1642 5380/1650/1641 5236/1508/1499
f 5349/6697/6424 5347/6696/6423 5419/6644/6374 5421/6643/6373
f 5350/6698/6425 5348/6626/6359 5204/4129/4065 5206/4132/4068
f 5351/6699/6426 5349/6697/6424 5421/6643/6373 5423/6700/6427
f 5206/4132/4068 5208/5490/5396 5352/6701/6428 5350/6698/6425
f 5137/6137/5927 5425/5303/5212 5423/6700/6427 5135/6138/5928
f 5210/697/697 5354/6664/6393 5352/6701/6428 5208/5490/5396
f 3316/5585/5487 3113/5566/5470 3331/5625/5526 3329/5624/5525
f 5427/5304/5213 5429/6614/6350 5357/6702/6429 5355/5301/5210
f 5210/697/697 5212/696/696 5356/6665/6394 5354/6664/6393
f 3818/2290/2278 3817/2289/2277 1585/2288/2276 1586/2293/2281
f 5429/6614/6350 5431/6703/6430 5359/6704/6431 5357/6702/6429
f 5212/696/696 5214/1287/1278 5358/6705/6432 5356/6665/6394
f 1759/2761/2732 1756/2608/2579 1754/2754/2725 695/2753/2724
f 1366/1685/1676 489/1274/1265 1193/1197/1190 1384/1732/1723
f 5214/1287/1278 5216/6706/6433 5360/6707/6434 5358/6705/6432
f 5145/3316/3269 5433/1920/1911 5431/6703/6430 5143/3317/3270
f 4112/844/842 4110/123/123 3481/122/122 3491/845/843
f 1418/1841/1832 1416/1767/1758 1412/1769/1760 507/1873/1864
f 5218/6708/6435 5362/6658/6387 5360/6707/6434 5216/6706/6433
f 5364/6659/6388 5362/6658/6387 5218/6708/6435 5220/4584/4506
f 5363/1487/1478 5435/1921/1912 5437/6667/6396 5365/1484/1475
f 5437/6667/6396 5435/1921/1912 5147/6493/6236 5149/2296/2284
f 5220/4584/4506 5222/4583/4505 5366/6709/6436 5364/6659/6388
f 5694/6307/6063 5695/6171/5959 5555/6170/5958 5621/6710/6437
f 1440/1885/1876 1442/1884/1875 1423/1852/1843 509/1851/1842
f 5439/6668/6397 5151/6640/6370 5604/5310/5218 5607/5309/5217
f 5222/4583/4505 5224/6711/6438 5368/6712/6439 5366/6709/6436
f 5967/3801/3747 5968/6713/6440 6096/6577/6318 6095/1694/1685
f 5226/6714/6441 5370/6715/6442 5368/6712/6439 5224/6711/6438
f 5965/3798/3744 5967/3801/3747 6095/1694/1685 6093/1697/1688
f 6032/6300/6056 6030/1241/1232 6222/1240/1231 6224/6301/6057
f 5373/6716/6443 5371/5118/5030 5443/2353/2341 5445/2352/2340
f 5450/5496/5402 5378/6717/6444 5380/1650/1641 5452/1649/1640
f 5228/6496/6239 6030/1241/1232 6032/6300/6056 5372/6718/6445
f 5375/6719/6446 5373/6716/6443 5445/2352/2340 5447/6720/6447
f 5376/6721/6448 5374/6722/6449 5230/5012/4928 5232/6723/6450
f 5161/6279/6037 5449/6682/6408 5447/6720/6447 5159/5605/5506
f 5234/6275/6034 5378/6717/6444 5376/6721/6448 5232/6723/6450
f 5234/6275/6034 5236/1508/1499 5380/1650/1641 5378/6717/6444
f 6405/6082/2165 6395/6081/5893 3700/2275/2263 3701/2178/2166
f 5379/5723/5616 5451/4715/4632 5453/4714/4631 5381/2093/2081
f 5453/4714/4631 5165/4717/4634 5167/5287/5196 5455/6458/6203
f 5167/5287/5196 5169/1617/1608 5457/1616/1607 5455/6458/6203
f 5242/6724/6451 5386/6725/6452 5384/4345/4277 5240/4344/4276
f 6342/39/39 6337/38/38 6229/20/20 6270/19/19
f 4320/5860/5749 4319/6273/6033 3449/6168/5956 3907/5856/5746
f 3158/5391/5298 3198/5387/5294 3258/5506/5412 3259/5508/5414
f 5244/1540/1531 5246/1539/1530 5390/4794/4710 5388/6317/6073
f 5463/2102/2090 5461/2101/2089 5173/4958/4874 5175/6683/6410
f 5465/6535/6278 5393/6726/6453 5391/2103/2091 5463/2102/2090
f 5250/1723/1714 5394/1722/1713 5392/4793/4709 5248/1624/1615
f 5403/1575/1566 5259/4256/4190 5257/4255/4189 5401/6727/6454
f 5395/1313/1304 5393/6726/6453 5465/6535/6278 5467/1314/1305
f 1384/1732/1723 1385/1713/1704 490/1683/1674 1366/1685/1676
f 3424/6158/5948 3423/5852/5742 3881/5343/5250 3882/5851/5741
f 5399/1755/1746 5397/1312/1303 5469/1315/1306 5471/4566/4491
f 5254/1548/1539 5256/1547/1538 5400/6603/6341 5398/1686/1677
f 5473/6688/6415 5401/6727/6454 5399/1755/1746 5471/4566/4491
f 853/4053/3992 2408/4052/3991 2413/779/777 2395/4068/4007
f 5258/4160/4096 5402/6728/6455 5400/6603/6341 5256/1547/1538
f 1475/2017/2008 1474/2000/1991 1476/1999/1990 540/2021/2012
f 5473/6688/6415 5475/1572/1563 5403/1575/1566 5401/6727/6454
f 5476/5061/4975 5474/6685/6412 5402/6728/6455 5404/6729/6456
f 5404/6729/6456 5402/6728/6455 5258/4160/4096 5260/4159/4095
f 1435/1876/1867 1433/1875/1866 1334/1607/1598 534/1606/1597
f 5477/1573/1564 5475/1572/1563 5187/6689/6416 5189/5059/4973
f 1959/3178/3142 1940/3140/3105 617/2387/2375 1630/2400/2388
f 5363/1487/1478 5219/1486/1477 5217/6730/6457 5361/1919/1910
f 5262/6228/6002 5190/5645/5545 5191/5644/5544 5263/6731/6458
f 3212/5417/5324 3214/5421/5328 3215/2704/2675 3140/5418/5325
f 5191/5644/5544 5193/5095/5007 5265/5094/5006 5263/6731/6458
f 5264/6226/6000 5266/3961/3904 5194/3960/3903 5192/6227/6001
f 5294/4582/4504 5296/6732/6459 5224/6711/6438 5222/4583/4505
f 1921/3141/3106 1920/3105/3070 1624/962/960 615/965/963
f 5199/2062/2050 5201/5049/4963 5273/5048/4962 5271/6733/6460
f 5272/6734/6461 5274/5553/5457 5202/5552/5456 5200/5726/5619
f 1834/2886/2855 1833/2945/2911 1835/2943/2909 650/2942/2908
f 6126/2950/2916 6125/711/711 1668/2535/2512 1671/2534/2511
f 5964/6637/6367 5968/6713/6440 6522/799/797 5904/802/800
f 5279/6735/6462 5277/6358/6109 5205/6359/6110 5207/6736/6463
f 5355/5301/5210 5211/6737/6464 5209/6738/6465 5353/5302/5211
f 5209/6738/6465 5281/6739/6466 5279/6735/6462 5207/6736/6463
f 5280/5489/5395 5282/698/698 5210/697/697 5208/5490/5396
f 5209/6738/6465 5211/6737/6464 5283/6740/6467 5281/6739/6466
f 2285/3823/3769 806/3944/3889 2284/3915/3860 2283/3910/3855
f 6280/3417/3368 6217/3731/3679 6216/3730/3678 6279/4469/4401
f 3760/2670/2641 6291/2673/2644 3566/5534/5440 3632/5072/4986
f 5285/6741/6468 5213/6742/6469 5215/6743/6470 5287/6744/6471
f 5215/6743/6470 5217/6730/6457 5289/6745/6472 5287/6744/6471
f 5288/6746/6473 5290/6747/6474 5218/6708/6435 5216/6706/6433
f 5217/6730/6457 5219/1486/1477 5291/6748/6475 5289/6745/6472
f 4835/1080/1075 4833/1079/1074 4763/6586/6324 4762/6572/6313
f 5293/6749/6476 5291/6748/6475 5219/1486/1477 5221/1485/1476
f 6498/6750/6477 6497/6751/6478 5223/2231/2219 5295/6752/6479
f 5873/5178/5089 5441/5117/5029 5369/5116/5028 5872/6753/6480
f 4784/4825/4741 4793/6566/6307 4899/4750/4667 4900/4749/4666
f 5605/2230/2218 5606/5026/4942 5295/6752/6479 5223/2231/2219
f 5298/6754/6481 5226/6714/6441 5224/6711/6438 5296/6732/6459
f 3082/5751/5643 3185/3753/3701 59/3752/3700 3156/5667/5567
f 5915/742/742 5907/6677/6403 6035/6679/6405 6043/759/757
f 1140/1012/1010 1143/1117/1112 1146/1156/1150 429/1009/1007
f 6094/6755/6482 5966/6756/6483 5965/3798/3744 6093/1697/1688
f 1893/3049/3014 1891/3048/3013 1872/2998/2964 682/3002/2968
f 2076/3406/3357 2069/3409/3360 738/3404/3355 2078/3168/3133
f 3268/1879/1870 3266/5515/5421 3269/5522/5428 3128/5639/5540
f 5231/1251/1242 5233/6757/6484 5305/6758/6485 5303/1252/1243
f 5304/6759/6486 5306/6276/6035 5234/6275/6034 5232/6723/6450
f 5233/6757/6484 5235/5722/5615 5307/5829/5719 5305/6758/6485
f 3168/5160/5072 3265/862/860 3261/865/863 3262/5403/5310
f 5494/6194/5817 3570/5964/5816 4026/6760/6487 5498/6195/3005
f 5311/6761/6488 5309/5828/5718 5237/2092/2080 5239/2091/2079
f 5241/1258/1249 5313/6762/6489 5311/6761/6488 5239/2091/2079
f 5312/6147/5937 5314/6763/6490 5242/6724/6451 5240/4344/4276
f 3914/3872/3817 3912/6449/6194 3420/5848/5738 3422/3870/3815
f 5315/6256/6021 5313/6762/6489 5241/1258/1249 5243/1257/1248
f 3205/5569/5473 3086/3147/3112 3204/3146/3111 3203/5396/5303
f 5397/1312/1303 5253/1757/1748 5251/6764/6491 5395/1313/1304
f 3216/5422/5329 3214/5421/5328 3217/5427/5334 3096/5400/5307
f 5247/6765/6492 5249/6766/6493 5321/6767/6494 5319/6768/6495
f 5320/1623/1614 5322/6684/6411 5250/1723/1714 5248/1624/1615
f 5249/6766/6493 5251/6764/6491 5323/6769/6496 5321/6767/6494
f 3863/5785/5676 3371/5833/5723 3369/5831/5721 3861/5780/5671
f 5251/6764/6491 5253/1757/1748 5325/6376/6127 5323/6769/6496
f 1580/2271/2259 1508/2107/2095 527/1762/1753 1415/1815/1806
f 5196/3959/3902 5268/3962/3905 5270/6770/6497 5198/5728/5621
f 5405/1574/1565 5261/6126/5918 5259/4256/4190 5403/1575/1566
f 3306/5572/5476 3304/2833/2804 3287/2836/2807 3143/5547/5451
f 5257/4255/4189 5329/4254/4188 5327/6375/6126 5255/1756/1747
f 5328/1546/1537 5330/4161/4097 5258/4160/4096 5256/1547/1538
f 5286/1288/1279 5288/6746/6473 5216/6706/6433 5214/1287/1278
f 5406/1902/1893 5334/1901/1892 5336/6690/6417 5408/1567/1558
f 5337/6245/6014 5193/5095/5007 5191/5644/5544 5335/1900/1891
f 6460/2914/2573 6459/2917/2885 3698/6091/5899 3692/2599/2570
f 4551/6378/6129 6356/6381/6131 5900/6380/6007 4736/6379/6130
f 5338/6692/6419 5410/1564/1555 5408/1567/1558 5336/6690/6417
f 5122/1565/1556 5410/1564/1555 5412/3051/3016 5124/5219/5130
f 5197/2063/2051 5195/5096/5008 5339/6246/6015 5341/2064/2052
f 5344/5727/5620 5416/4872/4788 5414/3050/3015 5342/3053/3018
f 5343/2061/2049 5345/6695/6422 5201/5049/4963 5199/2062/2050
f 5344/5727/5620 5346/6625/6358 5418/5648/5548 5416/4872/4788
f 5506/6771/6498 6497/6772/6478 5553/6649/6378 5621/6710/6437
f 3368/5779/5670 3366/5770/5661 3400/1137/1131 3402/5832/5722
f 1090/946/944 1093/2219/2207 409/947/945 1087/939/937
f 5350/6698/6425 5422/36/36 5420/5649/5549 5348/6626/6359
f 3376/5791/5682 3374/5190/5101 3408/5192/5103 3410/5834/5724
f 5351/6699/6426 5353/5302/5211 5209/6738/6465 5207/6736/6463
f 5354/6664/6393 5426/6663/6392 5424/33/33 5352/6701/6428
f 3315/1471/1462 3114/5586/5488 3318/5570/5474 3317/5571/5475
f 5213/6742/6469 5211/6737/6464 5355/5301/5210 5357/6702/6429
f 5430/6773/6499 5428/6662/6391 5356/6665/6394 5358/6705/6432
f 5430/6773/6499 5432/6774/6500 5144/2162/2150 5142/2161/2149
f 5432/6774/6500 5430/6773/6499 5358/6705/6432 5360/6707/6434
f 5359/6704/6431 5361/1919/1910 5217/6730/6457 5215/6743/6470
f 5434/6657/6386 5146/6671/6400 5144/2162/2150 5432/6774/6500
f 5744/1784/1775 5221/1485/1476 5365/1484/1475 5746/6306/6062
f 5148/6506/6249 5146/6671/6400 5434/6657/6386 5436/6507/6250
f 5368/6712/6439 5440/6462/6207 5438/6461/6206 5366/6709/6436
f 5436/6507/6250 5364/6659/6388 5366/6709/6436 5438/6461/6206
f 6497/6772/6478 5506/6771/6498 5367/2232/2220 5223/2231/2219
f 6032/6300/6056 6033/5724/5617 5444/800/798 5372/6718/6445
f 5809/6775/6501 5807/5024/4940 5605/2230/2218 5632/2229/2217
f 5442/6776/6502 5154/6681/6407 5152/6459/6204 5440/6462/6207
f 5369/5116/5028 5371/5118/5030 5227/3582/3531 5225/3342/3295
f 5419/6644/6374 5417/6694/6421 5129/6287/6045 5131/6642/6372
f 5968/6713/6440 5964/6637/6367 6092/6574/6315 6096/6577/6318
f 4072/3223/3186 4040/6206/5984 4039/6203/5981 4071/3215/3178
f 5451/4715/4632 5379/5723/5616 5377/6777/6503 5449/6682/6408
f 6288/1266/1257 6225/1265/1256 6224/6301/6057 6287/6778/6504
f 5376/6721/6448 5448/6779/6505 5446/6691/6418 5374/6722/6449
f 5375/6719/6446 5377/6777/6503 5233/6757/6484 5231/1251/1242
f 5376/6721/6448 5378/6717/6444 5450/5496/5402 5448/6779/6505
f 5377/6777/6503 5379/5723/5616 5235/5722/5615 5233/6757/6484
f 6479/3559/3509 414/4547/4474 1145/1147/1141 6488/3556/1140
f 2405/1170/1164 858/4084/4023 2409/4088/4027 2407/1167/1161
f 455/1311/1302 1266/1477/1468 1271/1490/1481 1223/1361/1352
f 2719/4724/4641 2717/4723/4640 2720/4732/4649 1030/4803/4719
f 5456/6780/6506 5454/1648/1639 5382/1651/1642 5384/4345/4277
f 5385/1259/1250 5241/1258/1249 5239/2091/2079 5383/2094/2082
f 5386/6725/6452 5458/6693/6420 5456/6780/6506 5384/4345/4277
f 5464/6781/6507 5462/1635/1626 5390/4794/4710 5392/4793/4709
f 5460/1634/1625 5458/6693/6420 5386/6725/6452 5388/6317/6073
f 157/173/173 7/74/74 132/88/88 156/174/174
f 5392/4793/4709 5394/1722/1713 5466/6482/6225 5464/6781/6507
f 5174/1636/1627 5462/1635/1626 5464/6781/6507 5176/6676/6402
f 5393/6726/6453 5249/6766/6493 5247/6765/6492 5391/2103/2091
f 1302/1133/1127 1300/1538/1529 1181/1260/1251 469/1130/1124
f 5464/6781/6507 5466/6482/6225 5178/6481/6224 5176/6676/6402
f 2699/4671/4589 2697/4670/4588 2695/4661/4579 1027/4663/4581
f 6480/6782/3644 418/4591/4511 1161/1209/1202 6491/6783/1201
f 5142/2161/2149 5140/6660/6389 5428/6662/6391 5430/6773/6499
f 792/3549/3500 2131/3548/3499 2399/1213/1206 2400/3563/3513
f 5401/6727/6454 5257/4255/4189 5255/1756/1747 5399/1755/1746
f 1315/1520/1511 1313/1530/1521 1307/1497/1488 472/1499/1490
f 5400/6603/6341 5402/6728/6455 5474/6685/6412 5472/6602/6340
f 5477/1573/1564 5476/5061/4975 5404/6729/6456 5405/1574/1565
f 5407/1899/1890 5409/6560/6301 5337/6245/6014 5335/1900/1891
f 5470/2154/2142 5472/6602/6340 5184/6630/6363 5182/2151/2139
f 5129/6287/6045 5417/6694/6421 5415/3759/3707 5127/6288/6046
f 2096/3375/3327 2095/3455/3406 745/3420/3371 2077/3376/3328
f 2892/4970/4886 1058/5035/4950 2912/5200/5111 2911/4971/4887
f 5425/5303/5212 5353/5302/5211 5351/6699/6426 5423/6700/6427
f 1350/1642/1633 486/1698/1689 1358/1646/1637 1356/1645/1636
f 5319/6768/6495 5317/6255/6020 5245/6257/6022 5247/6765/6492
f 5431/6703/6430 5433/1920/1911 5361/1919/1910 5359/6704/6431
f 5873/5178/5089 5872/6753/6480 5809/6775/6501 5810/5179/5090
f 5810/5179/5090 5809/6775/6501 5632/2229/2217 5607/5309/5217
f 346/747/745 347/746/744 99/18/18 116/17/17
f 5449/6682/6408 5377/6777/6503 5375/6719/6446 5447/6720/6447
f 5488/1219/1212 1164/1224/1215 399/6784/6508 6475/1220/1213
f 5457/1616/1607 5385/1259/1250 5383/2094/2082 5455/6458/6203
f 4472/5471/5377 3165/5685/5580 3236/5654/5554 4478/5121/5033
f 6045/6785/6509 6044/2861/2830 5916/2428/2415 5917/3295/3251
f 4181/5942/5805 4178/1939/1930 4234/6094/5901 4242/6097/5904
f 5958/6234/6008 5954/6382/6132 6082/500/500 6086/6377/6128
f 5177/6536/6279 5465/6535/6278 5463/2102/2090 5175/6683/6410
f 3888/1711/1702 3396/1710/1701 3394/5763/5655 3886/458/458
f 5185/6687/6414 5473/6688/6415 5471/4566/4491 5183/4565/4490
f 5203/5050/4964 5347/6696/6423 5349/6697/6424 5205/6359/6110
f 1060/1729/1720 1061/1728/1719 3277/1374/1365 3144/1377/1368
f 5416/4872/4788 5418/5648/5548 5130/5647/5547 5128/4873/4789
f 5426/6663/6392 5138/6656/6385 5136/34/34 5424/33/33
f 464/1369/1360 1284/1465/1456 1282/1500/1491 1280/1370/1361
f 479/1605/1596 1337/1610/1601 1335/1517/1508 1328/1600/1591
f 1390/1735/1726 1372/1692/1683 491/1689/1680 1388/1736/1727
f 5362/6658/6387 5434/6657/6386 5432/6774/6500 5360/6707/6434
f 1071/1533/1524 1068/898/896 1072/5071/4985 397/2072/2060
f 5370/6715/6442 5442/6776/6502 5440/6462/6207 5368/6712/6439
f 6522/6786/797 5905/6787/3746 5372/6718/6445 5444/800/798
f 5166/6252/6017 5164/5495/5401 5452/1649/1640 5454/1648/1639
f 5450/5496/5402 5162/4335/4267 5160/4334/4266 5448/6779/6505
f 5758/4521/4453 5757/4523/4455 5820/4505/4437 5821/1187/1181
f 375/347/347 377/346/346 97/29/29 115/15/15
f 5458/6693/6420 5170/6222/5998 5168/6253/6018 5456/6780/6506
f 6506/3284/3241 6515/3286/3238 5941/1550/1541 5942/1549/1540
f 2711/4713/4630 2709/4705/4622 2712/4706/4623 992/4484/4416
f 5472/6602/6340 5474/6685/6412 5186/6639/6369 5184/6630/6363
f 518/1402/1393 1236/1411/1402 1446/1906/1897 1445/1888/1879
f 5637/2865/2834 5636/1045/1043 5519/975/973 5511/6788/6409
f 5613/1032/1030 5548/6789/5925 5687/5126/5038 5639/1033/1031
f 1141/4548/4475 413/4532/4461 5561/4531/1146 5627/1155/1149
f 6484/6790/1060 6475/6791/1213 399/6784/6508 1124/1065/1061
f 6477/6792/6401 5486/6793/6510 1129/732/732 402/731/731
f 5712/1175/1169 5711/1177/1171 5651/6794/6511 5652/4554/4481
f 2023/3104/3069 2021/3350/3303 1727/1543/1534 638/2596/2567
f 6476/6795/1047 401/1048/1046 1129/732/732 5486/6796/6510
f 6486/6797/1119 5481/6798/6512 5512/6799/2232 5520/6800/1019
f 402/731/731 1133/1111/1106 6485/6674/1105 6477/6675/6401
f 6071/6801/6513 6134/3299/3254 6108/6802/6514 6045/6785/6509
f 1137/1123/1118 413/4532/4461 5481/6798/6512 6486/6797/1119
f 5705/757/755 5706/756/754 1135/1122/1117 1132/1118/1113
f 6487/6803/6515 1141/4548/4475 414/4547/4474 6479/6804/3509
f 5521/2245/2233 5512/2244/2232 5481/6805/6512 6487/6806/6515
f 6487/6806/6515 5481/6805/6512 413/4532/4461 1141/4548/4475
f 5752/4492/4424 5815/4495/4427 5819/4502/4434 5756/4516/4448
f 1186/1275/1266 1185/1272/1263 429/1009/1007 1146/1156/1150
f 5522/5679/3507 5611/3958/3901 5651/6794/6511 5650/5677/5575
f 5352/6701/6428 5424/33/33 5422/36/36 5350/6698/6425
f 2388/4055/3994 2393/4069/4008 2375/4007/3948 846/4010/3951
f 5616/3957/3900 5514/6807/1156 5653/1161/1155 5652/4554/4481
f 5564/4578/4501 417/3174/3138 1153/1192/1186 5574/6808/4493
f 6489/3956/1160 5482/3955/1139 415/256/256 1149/259/259
f 6490/6809/1187 1153/1192/1186 417/3174/3138 5484/6810/3137
f 5523/6811/1157 5514/1162/1156 5483/1194/1159 6490/1193/1187
f 3214/5421/5328 3212/5417/5324 3137/5401/5308 3217/5427/5334
f 3213/5402/5309 3210/5416/5323 3192/5380/5287 3083/5371/5278
f 5659/2233/2221 5658/3185/3149 5525/6812/6516 5516/2234/2222
f 5658/3185/3149 5657/1180/1174 5612/1202/1195 5525/6813/6516
f 5526/1676/1667 6492/6814/2025 6482/6815/2045 5518/6816/1664
f 5719/4226/4162 5659/2233/2221 5660/1221/1214 5720/6573/6314
f 5613/1032/1030 5608/1031/1029 6475/6791/1213 6484/6790/1060
f 1484/2033/2024 543/2058/2046 6482/6815/2045 6492/6814/2025
f 5721/94/94 5729/93/93 5675/1927/1918 5661/1675/1666
f 3075/6104/5907 3844/5203/5114 3845/4596/4516 3076/4595/4515
f 5663/4614/4532 5662/1674/1665 5518/6817/1664 5527/6818/3107
f 5491/3321/3274 5492/3320/3273 6320/6819/5095 6318/6820/5254
f 4341/4424/4356 4345/6149/5939 6471/6821/5834 2060/6822/2285
f 6320/5184/5095 5492/3320/3273 6297/5439/5345 3095/5181/5092
f 822/3733/3681 2223/3694/3643 2522/2927/2895 2499/4264/4198
f 6323/6823/5344 5493/5436/5343 5490/892/890 3108/6824/889
f 5667/5322/5229 5666/3620/3569 6310/3619/3568 6311/3785/3731
f 1185/1272/1263 1183/1271/1262 1142/1010/1008 429/1009/1007
f 3079/6624/5601 41/6623/5552 5478/2402/2390 5479/5709/5602
f 1857/806/804 1855/2885/2854 1834/2886/2855 650/2942/2908
f 5536/5580/5484 5538/2404/2392 5497/2403/2391 5495/5581/5485
f 43/5668/5568 24/5231/5140 6306/2016/2007 6307/6175/5963
f 6319/5232/5141 6309/2013/2004 6306/2016/2007 24/5231/5140
f 5566/6825/4525 5577/4606/4509 1164/1224/1215 419/1210/1203
f 6294/6118/1059 6408/6120/3160 5672/3200/3163 5534/1060/1056
f 6494/5966/5818 5494/5965/5817 5533/6259/5977 5535/6119/5914
f 5735/5695/5590 5683/6826/6517 5682/4427/4359 5734/5696/5591
f 6415/5963/2002 3771/2010/2001 6494/6827/5818 6293/5961/1058
f 5498/3039/3005 4026/6760/6487 3960/2036/2027 5496/3040/2026
f 5535/6119/5914 6294/1063/1059 6293/6828/1058 6494/6827/5818
f 3909/5630/5531 3908/5609/5510 3450/5857/5747 3451/5631/5532
f 3749/6127/5919 3748/5979/5826 3538/5764/5656 3541/5760/5652
f 1413/1747/1738 507/1873/1864 1412/1769/1760 1411/1824/1815
f 4429/6298/6054 3319/5854/5744 5724/3760/3708 5731/4382/4314
f 6329/6829/4477 6330/6830/5628 6301/6296/6052 6300/5473/5379
f 5680/5600/5501 5679/4384/4316 5541/6297/6053 5542/4075/4014
f 5896/538/538 4369/11/11 276/43/43 6354/539/539
f 4143/136/136 4145/135/135 4113/138/138 4111/124/124
f 6303/2820/2791 5500/6241/6011 4645/5373/5280 6331/5372/5279
f 5598/5374/5281 4645/6434/5280 6333/6435/6181 5597/6436/6182
f 6298/5042/4956 5501/5041/4955 6335/6831/6161 3320/6832/4478
f 4790/1051/1048 4913/4520/4452 5504/6583/4643 5502/6582/1049
f 5632/2229/2217 5367/2232/2220 5439/6668/6397 5607/5309/5217
f 5568/5172/5084 5776/2066/2054 5777/5188/5099 5579/6550/5098
f 2432/4109/4045 2415/780/778 860/4089/4028 2428/4107/4043
f 5747/6666/6395 5746/6306/6062 5365/1484/1475 5437/6667/6396
f 5506/6833/6498 6499/6834/6398 5439/6668/6397 5367/2232/2220
f 5704/1107/1102 1131/1114/1109 1128/1108/1103 5703/4515/4447
f 2944/4686/4603 2740/4950/4866 1049/4785/4701 2943/4687/4604
f 3832/3825/3771 3797/3929/3874 3796/3928/3873 3831/3826/3772
f 6498/6750/6477 5554/6650/6379 5553/6649/6378 6497/6751/6478
f 5621/6710/6437 5553/6649/6378 5692/1781/1772 5694/6307/6063
f 6153/4985/4901 6152/6589/6327 6087/2825/2796 6088/4986/4902
f 3772/2276/2264 3700/2275/2263 6395/6084/5893 3699/6083/5894
f 6499/6669/6398 5555/6170/5958 5552/5249/5158 6496/6670/6399
f 5691/5246/5155 5695/6171/5959 5747/6666/6395 5743/2295/2283
f 5511/6788/6409 5614/1085/1080 5642/1088/1083 5637/2865/2834
f 3758/5945/5807 3769/5944/5806 6292/5943/3524 3757/5946/5808
f 6479/6804/3509 5513/6835/3508 5521/6836/2233 6487/6803/6515
f 5141/6613/6349 5143/3317/3270 5431/6703/6430 5429/6614/6350
f 5523/1163/1157 6490/6809/1187 5484/6810/3137 5515/1204/1197
f 6228/31/31 6234/662/662 6170/6837/6518 6164/737/737
f 5611/3958/3901 5616/3957/3900 5652/4554/4481 5651/6794/6511
f 5654/1160/1154 5523/1163/1157 5515/6838/1197 5655/1203/1196
f 392/45/45 319/30/30 97/29/29 377/346/346
f 5720/6573/6314 5660/1221/1214 5641/1030/1028 5701/1069/1064
f 2092/2838/2809 2091/3450/3401 3826/3452/3403 3827/3436/3387
f 1492/2060/2048 1491/2059/2047 1167/1227/1218 463/1083/1078
f 3694/6087/5897 3534/5849/5739 3531/6043/5870 3695/6042/5869
f 2653/2634/2605 2651/4477/4409 2652/4560/4487 959/4571/4496
f 5618/5323/5230 5530/4074/4013 5490/892/890 5493/5436/5343
f 5555/6170/5958 6499/6834/6398 5506/6833/6498 5621/6710/6437
f 2907/4656/4574 1029/4665/4583 2889/5031/4946 2908/5057/4971
f 864/4113/4049 2441/4121/4057 2443/874/872 2426/877/875
f 2992/5197/5108 2732/4779/4695 988/4769/4686 2994/4857/4773
f 132/88/88 9/90/90 159/165/165 156/174/174
f 6491/6783/1201 5525/6812/6516 5612/1202/1195 6480/6782/3644
f 6073/3219/3182 5945/3218/3181 5948/504/504 6076/503/503
f 5737/3761/3709 5724/3760/3708 3319/5854/5744 4687/5598/5499
f 5738/5128/5040 5740/5702/5596 4939/6585/6323 4763/6586/6324
f 1624/962/960 613/2373/2361 1622/978/976 1623/963/961
f 5746/6306/6062 5747/6666/6395 5695/6171/5959 5694/6307/6063
f 6542/5898/5777 3749/6127/5919 3750/5969/5821 6543/5895/5774
f 5687/5126/5038 5739/5129/5041 5699/1070/1065 5639/1033/1031
f 5710/1116/1111 5711/1177/1171 1144/1157/1151 1143/1117/1112
f 1649/2484/2468 1648/2483/2467 1647/5903/5780 597/2619/2590
f 5714/1183/1177 5713/4553/4480 5653/1161/1155 5654/1160/1154
f 2556/4328/4260 922/4370/4302 2560/4371/4303 2558/4314/4246
f 5516/2234/2222 6481/1223/1200 5488/1222/1212 5617/1218/1211
f 5468/2153/2141 5466/6482/6225 5394/1722/1713 5396/1687/1678
f 2844/4952/4868 2843/4677/4595 1007/4919/4835 2823/4922/4838
f 5676/6839/6519 5538/2404/2392 5536/5580/5484 5674/6178/5964
f 6324/5643/5543 6313/3199/3162 5728/3382/3161 6336/3381/3333
f 6296/5706/5600 5479/5709/5602 5509/5665/5565 5508/6308/6064
f 219/219/219 220/305/305 66/319/319 199/220/220
f 5634/2015/2006 5665/2014/2005 5531/2213/2201 5508/6308/6064
f 1593/2318/2306 1591/2257/2245 1590/2308/2296 582/2294/2282
f 3336/1296/1287 3139/1295/1286 3222/5440/5346 3338/2350/2338
f 5676/6839/6519 5633/5663/5563 5507/2405/2393 5538/2404/2392
f 5740/5702/5596 5688/5703/5597 5689/4116/4052 5741/4115/4051
f 1586/2293/2281 1588/2307/2295 3819/2305/2293 3818/2290/2278
f 5682/4427/4359 5683/6826/6517 5544/6454/6199 5543/4428/4360
f 5690/4117/4053 5689/4116/4052 5550/6581/6321 5551/6489/6232
f 6153/4985/4901 4851/2450/2436 4809/6503/6246 6152/6589/6327
f 2167/3671/3620 785/3672/3621 2204/3678/3627 2202/3767/3715
f 5569/6840/6520 1124/1065/1061 399/6784/6508 5559/6841/4508
f 5569/6842/6520 5600/2328/2316 4834/1054/1051 1124/1065/1061
f 1174/1250/1241 1169/1229/1220 421/1003/1001 1130/1002/1000
f 5756/4516/4448 5819/4502/4434 5820/4505/4437 5757/4523/4455
f 5821/1187/1181 5820/4505/4437 2641/4504/4436 2642/1188/1182
f 5821/1187/1181 5822/1186/1180 5759/3743/3691 5758/4521/4453
f 5822/1186/1180 5823/4540/4467 5760/3740/3688 5759/3743/3691
f 4964/5227/5136 4910/5321/5228 4777/3488/3439 4778/3886/3831
f 6488/1146/1140 5482/1145/1139 5611/3958/3901 5522/5679/3507
f 5765/4562/4488 5764/4543/4470 5827/4476/4408 5828/2633/2604
f 5951/6652/6381 5950/541/541 6078/4158/4094 6079/6843/6521
f 5529/5324/5231 6297/5439/5345 5492/3320/3273 5532/2215/2203
f 5833/3669/3618 5770/1015/1013 5769/4580/4502 5832/2149/2137
f 6079/6843/6521 6144/828/826 6101/194/194 6038/6404/6152
f 5574/4568/4493 1153/1192/1186 416/1164/1158 5563/6844/4494
f 5716/1178/1172 1155/1126/1120 1152/1129/1123 5715/1184/1178
f 5575/4589/1012 5564/6845/4501 5769/4580/4502 5770/1015/1013
f 5566/6846/4525 419/1210/1203 1161/1209/1202 5576/6847/4522
f 5833/3669/3618 5834/3668/3617 5771/1016/1014 5770/1015/1013
f 1056/3145/3110 3249/3816/3762 3135/5407/5314 3207/5298/5207
f 5565/6848/1011 5576/4602/4522 1161/1209/1202 418/4591/4511
f 5157/2355/2343 5159/5605/5506 5447/6720/6447 5445/2352/2340
f 2666/4600/4520 2637/4438/4370 5817/4441/4373 5837/4597/4517
f 5590/5168/5080 3960/2036/2027 4026/6760/6487 5592/6849/5081
f 5838/2068/2056 2981/3891/3836 2983/3026/2992 5839/2069/2057
f 1490/2053/2043 5579/6850/5098 5558/5175/4428 394/2054/2044
f 5620/2819/2790 5545/4429/4361 5500/6241/6011 6303/2820/2791
f 6315/5960/5815 6305/5959/5814 5633/5663/5563 5676/6839/6519
f 6320/6819/5095 5585/5183/5094 5584/5348/5255 6318/6820/5254
f 5780/5336/5243 5778/5331/5238 5585/5183/5094 5582/5182/5093
f 6330/6830/5628 6329/6829/4477 5593/4549/4476 5594/5338/5245
f 2512/3472/3423 907/3475/3426 2532/4323/4255 2534/4325/4257
f 6335/6831/6161 5599/4740/4657 5587/4552/4479 3320/6832/4478
f 6323/5437/5344 5586/5673/5571 5582/5182/5093 3095/5438/5092
f 5845/818/816 5811/5423/5330 5748/5674/5572 5782/819/817
f 71/5707/5257 5557/5349/5256 5580/5354/5261 3079/5708/5601
f 3607/2302/2290 3743/1785/1776 3745/1787/1778 3610/5980/5827
f 5520/6800/1019 5610/1020/1018 6478/1125/1108 6486/1124/1119
f 3523/5962/2593 5588/2621/2592 6407/2008/1999 6415/6851/2002
f 5849/5362/5269 5851/2311/2299 3775/2175/2163 3572/6080/5892
f 3918/5365/5272 3640/5364/5271 5850/6085/5895 5852/6852/6522
f 378/586/586 4386/725/725 4374/724/724 176/587/587
f 5852/6852/6522 5850/6085/5895 5787/6059/5880 5789/5360/5267
f 5623/730/730 5570/4522/4454 1133/1111/1106 402/731/731
f 6520/6647/3745 5965/3798/3744 5966/6756/6483 6521/6648/6377
f 5855/5363/5270 5849/5362/5269 3572/6080/5892 4027/6184/5967
f 4194/1752/1743 2891/5034/4949 2853/2805/2776 4189/4966/4882
f 353/826/824 352/367/367 207/334/334 94/341/341
f 3179/5424/5331 5845/818/816 5858/817/815 4474/846/844
f 6336/5641/3333 3752/685/685 3753/5957/5812 6411/5642/5542
f 2070/3413/3364 2068/3383/3334 2052/2131/2119 732/6629/6362
f 4620/4392/4324 4574/4395/4327 5860/5009/4925 5861/5008/4924
f 5749/5353/5260 5779/5330/5237 5842/2252/2240 5812/5662/5562
f 2917/5065/4979 2937/5101/5013 2936/5100/5012 1039/5069/4983
f 5413/3758/3706 5125/6654/6383 5127/6288/6046 5415/3759/3707
f 324/675/675 325/674/674 25/187/187 162/186/186
f 5805/6627/6360 5755/6680/6406 5567/6641/6371 5603/6628/6361
f 2691/4642/4560 2692/4648/4566 961/4574/4497 2655/4570/4495
f 399/6784/6508 1164/1224/1215 5577/4606/4509 5559/4586/4508
f 1484/2033/2024 5578/6182/5085 5568/5172/5084 543/2058/2046
f 6022/4634/4552 6018/4633/4551 6210/5737/5629 6214/6141/5931
f 5520/6800/1019 5512/6799/2232 5647/2243/2231 5646/755/753
f 5649/5678/5576 5648/2246/2234 5521/6836/2233 5513/6835/3508
f 1555/4045/2211 4230/2222/2210 4246/6153/5943 3814/4046/3985
f 3983/6173/5961 3189/5750/5642 3186/5369/5276 3981/6172/5960
f 4244/2226/2214 3778/6853/2213 3814/6854/3985 4246/6153/5943
f 4867/3490/3441 4770/3489/3440 4766/4450/4382 4869/3495/3446
f 195/298/298 193/295/295 22/218/218 172/217/217
f 3570/5964/5816 5628/6086/5896 5592/5169/5081 4026/6760/6487
f 5716/1178/1172 5715/1184/1178 5655/1203/1196 5656/1179/1173
f 5926/2493/2476 5925/2397/2385 6053/2396/2384 6054/2494/2477
f 5670/5596/5497 5685/3762/3710 5737/3761/3709 5725/6350/6102
f 5674/6178/5964 5672/3200/3163 6313/3199/3162 6314/6655/6384
f 6358/6855/6077 4689/6463/6208 4/6335/6087 6351/6856/6089
f 2968/5133/5045 2965/5140/5052 2964/3401/3352 938/5088/5000
f 6313/3199/3162 6324/5643/5543 6325/5670/5570 6314/6655/6384
f 4007/2038/2029 5730/1928/1919 5729/93/93 3959/96/96
f 5732/4381/4313 4451/6116/5912 4429/6298/6054 5731/4382/4314
f 2645/4526/4458 2647/4539/4466 5824/4541/4468 5823/4540/4467
f 5736/5559/5463 5734/5696/5591 5682/4427/4359 5684/4430/4362
f 5738/5128/5040 4763/6586/6324 4833/1079/1074 5739/5129/5041
f 5630/6437/6183 5597/6436/6182 6333/6439/6181 6334/6438/6184
f 6457/6250/5902 6473/6249/3215 4238/3511/3462 4235/6065/5883
f 5698/1043/1041 5723/4613/4531 5663/4614/4532 5638/1044/1042
f 5722/2032/2023 5723/4613/4531 1488/2048/2038 1483/2030/2021
f 1632/2393/2381 1631/989/987 403/988/986 1116/1042/1040
f 5509/5665/5565 5635/5664/5564 5634/2015/2006 5508/6308/6064
f 5614/1085/1080 5511/6788/6409 6476/6795/1047 5486/6796/6510
f 5698/1043/1041 5696/1046/1044 1117/1057/1053 1120/1056/1052
f 4007/2038/2029 3959/96/96 3958/1984/1975 4008/1983/1974
f 1470/1981/1972 1471/1527/1518 537/1526/1517 1468/1982/1973
f 1351/1652/1643 484/1620/1611 1368/1619/1610 1370/1691/1682
f 5635/5664/5564 5633/5663/5563 6305/5959/5814 6307/6175/5963
f 5677/1926/1917 5730/1928/1919 5726/683/683 5671/1937/1928
f 766/3517/3468 2116/3509/3460 2113/3422/3373 2114/3501/3452
f 6399/5955/577 6411/5956/5542 3753/5957/5812 3756/578/578
f 5741/4115/4051 5011/4826/4742 4939/6585/6323 5740/5702/5596
f 2236/3828/3774 931/312/312 2580/4402/4334 2593/4401/4333
f 4100/4228/4164 4068/4250/4184 6266/4627/4545 6267/4246/4182
f 2450/4123/4059 2467/3832/3778 2392/3835/3781 852/4012/3953
f 6528/3313/3266 6531/2182/2170 6451/2181/2169 3462/3314/3267
f 3740/3248/1034 4359/1035/1033 3465/3249/2787
f 2824/4827/4743 2822/4923/4839 2804/4895/4811 1002/4828/4744
f 6315/5960/5815 5676/6839/6519 5674/6178/5964 6314/6655/6384
f 1627/2388/2376 617/2387/2375 1940/3140/3105 1939/3139/3104
f 5680/5600/5501 6316/5599/5500 5732/4381/4313 5679/4384/4316
f 1615/935/933 609/2365/2353 1859/804/802 1858/807/805
f 5691/5246/5155 5743/2295/2283 5700/1819/1810 5640/5247/5156
f 4646/6401/6149 4531/6109/5910 4530/4637/4555 4644/4640/4558
f 1551/2128/2116 1247/1424/1415 565/1334/1325 1552/1337/1328
f 1628/2386/2374 1626/2381/2369 1109/991/989 404/990/988
f 5648/2246/2234 5649/5678/5576 5709/1115/1110 5708/1134/1128
f 2249/1917/1908 779/3476/3427 2101/3468/3419 2247/3471/3422
f 1829/2883/2852 1826/2882/2851 1827/2931/2899 707/3253/3212
f 2408/4052/3991 860/4089/4028 2415/780/778 2413/779/777
f 5664/2214/2202 5665/2014/2005 6309/2013/2004 6308/3621/3570
f 3063/5288/5197 3064/5284/5193 1009/5271/5180 3062/5258/5167
f 5720/6573/6314 1163/1225/1216 1160/1216/1209 5719/4226/4162
f 3688/5884/5769 3685/5878/5764 3686/5883/5768 3684/5882/4900
f 564/1425/1416 1550/2207/2195 1566/2206/2194 1246/1422/1413
f 4080/3263/3220 4081/3276/3233 4049/1801/1792 4048/3262/3219
f 6307/6175/5963 6306/2016/2007 5634/2015/2006 5635/5664/5564
f 3694/6087/5897 3695/6042/5869 3711/6045/5872 6462/6044/5871
f 4283/4419/4351 4344/6258/6023 4345/6149/5939 4284/4350/4282
f 5583/5730/5623 5586/5673/5571 6323/6823/5344 3108/6824/889
f 5707/1120/1115 5706/756/754 5646/755/753 5647/2243/2231
f 5705/757/755 1132/1118/1113 1131/1114/1109 5704/1107/1102
f 5213/6742/6469 5285/6741/6468 5283/6740/6467 5211/6737/6464
f 5487/3172/3136 5524/1179/1194 5515/1204/1197 5484/3173/3137
f 6256/1773/1764 6255/1776/1767 6191/5717/5610 6192/6857/6523
f 3468/76/76 4103/75/75 4105/2735/2706 3470/5881/5767
f 5700/1819/1810 5742/1818/1809 5690/4117/4053 5640/5247/5156
f 6359/6232/6006 4713/4635/4553 4736/6379/6130 5900/6233/6007
f 5953/6009/5846 6081/6008/5845 6040/6260/6024 5912/6858/6524
f 1629/986/984 1630/2400/2388 617/2387/2375 1628/2386/2374
f 1527/2145/2133 556/2144/2132 1546/2201/2189 1548/2216/2204
f 2075/3407/3358 2073/301/301 2066/304/304 737/3408/3359
f 4494/238/238 4492/237/237 176/587/587 173/227/227
f 3497/684/684 5726/683/683 5730/1928/1919 4007/2038/2029
f 1997/3301/3256 1994/3300/3255 713/3274/3231 1999/3273/3230
f 6311/3785/3731 6322/3787/3733 3218/5432/5339 6312/5430/5337
f 2704/4668/4586 1048/5106/5018 2675/2912/2881 2703/4517/4449
f 5140/6660/6389 5138/6656/6385 5426/6663/6392 5428/6662/6391
f 2452/4136/4072 2449/4124/4060 2351/840/838 892/839/837
f 2683/4628/4546 2685/2486/2470 2649/4558/4485 955/4538/4465
f 2487/4199/4135 2488/4216/4152 897/4207/4143 2486/654/654
f 5221/1485/1476 5744/1784/1775 5745/1783/1774 5293/6749/6476
f 2648/4557/4484 5825/4546/4473 5824/4541/4468 2647/4539/4466
f 5753/6859/6525 5569/6840/6520 5559/4586/4508 5754/4585/4507
f 5830/4535/4463 5829/2632/2603 2654/2635/2606 2656/4575/4498
f 5830/4535/4463 5831/2146/2134 5768/4567/4492 5767/4536/4464
f 5831/2146/2134 5832/2149/2137 5769/4580/4502 5768/4567/4492
f 2663/3530/3481 5835/4604/4523 5834/3668/3617 2662/3527/3478
f 387/854/852 374/853/851 105/14/14 165/196/196
f 5576/6860/4522 5772/4601/4521 5773/4608/4526 5566/6846/4525
f 5836/4598/4518 5837/4597/4517 5774/4588/4510 5773/4608/4526
f 3808/2887/2856 3472/5319/5226 3471/6047/5874 3807/2888/2857
f 5792/5170/5082 5855/5363/5270 5853/5174/5086 5790/5171/5083
f 5814/5468/5374 5751/4497/4429 5777/5188/5099 5840/3028/2994
f 5261/6126/5918 5405/1574/1565 5404/6729/6456 5260/4159/4095
f 4450/847/845 5857/6160/5950 5856/4718/4635 4428/4721/4638
f 5388/6317/6073 5386/6725/6452 5242/6724/6451 5244/1540/1531
f 5854/5352/5259 5852/6852/6522 5789/5360/5267 5791/5359/5266
f 5843/5335/5242 5811/5423/5330 47/5425/5332 3176/5337/5244
f 2060/6822/2285 6471/6821/5834 4362/3388/3339 4358/2298/2286
f 5812/5662/5562 5842/2252/2240 3174/2251/2239 117/4792/4708
f 5349/6697/6424 5351/6699/6426 5207/6736/6463 5205/6359/6110
f 5858/817/815 5857/6160/5950 4450/847/845 4474/846/844
f 5844/4719/4636 5856/4718/4635 5793/5334/5241 5781/5333/5240
f 5016/6499/6242 4988/6587/6325 4916/4863/4779 4944/6464/6209
f 5860/5009/4925 4574/4395/4327 4643/6311/6067 5862/5740/5632
f 5857/6160/5950 5858/817/815 5795/816/814 5794/5339/5246
f 5859/6313/6069 4529/6312/6068 3181/6357/6108 5846/6861/6526
f 4895/4770/4687 4894/4773/4690 2739/2383/2371 2741/2382/2370
f 5862/5740/5632 5859/6313/6069 5796/6360/6111 5799/5741/5633
f 3934/5533/5439 3926/5388/5295 3987/5542/5448 3995/5543/5449
f 343/590/590 6106/3987/3928 6098/6862/6527 111/5/5
f 5867/5996/5837 5868/4448/4380 5805/6627/6360 5804/6319/6075
f 5818/4447/4379 5869/5177/5088 5806/5176/5087 5755/6680/6406
f 5873/5178/5089 5869/5177/5088 5153/6661/6390 5441/5117/5029
f 5751/4497/4429 5814/5468/5374 5813/4494/4426 5750/4493/4425
f 5486/6793/6510 6477/6792/6401 5609/1086/1081 5614/1085/1080
f 5826/4556/4483 5825/4546/4473 2648/4557/4484 2650/4555/4482
f 1564/2208/2196 563/2200/2188 1547/2122/2110 1563/2123/2111
f 1441/1887/1878 1439/1795/1786 1437/1798/1789 515/1880/1871
f 5828/2633/2604 5829/2632/2603 5766/4534/4462 5765/4562/4488
f 5833/3669/3618 5832/2149/2137 2659/2148/2136 2660/3670/3619
f 5865/4513/4445 5802/6579/6320 5753/6859/6525 5816/4440/4372
f 847/4027/3968 2394/4073/4012 2396/4076/4015 2378/4043/3983
f 2422/679/679 2421/4022/3963 2423/3550/3501 864/4113/4049
f 3903/1679/1670 3901/1075/1070 3409/4079/4018 3411/1680/1671
f 5737/3761/3709 4687/5598/5499 3321/5597/5498 5725/6350/6102
f 5851/2311/2299 6414/6610/2298 6403/6611/2164 3775/2175/2163
f 3815/2240/2228 3813/2220/2208 1554/2197/2185 1582/2282/2270
f 5784/1481/1472 5847/1480/1471 5854/5352/5259 5791/5359/5266
f 4574/4395/4327 4573/4394/4326 4642/4639/4557 4643/6311/6067
f 5154/6681/6407 5442/6776/6502 6161/6576/6317 6157/6575/6316
f 3911/5629/5530 3419/2871/2840 3417/5847/5737 3909/5630/5531
f 5846/6861/6526 5863/5346/5253 5800/4739/4656 5783/4738/4655
f 1539/2109/2097 1558/2218/2206 1532/1987/1978 560/1989/1980
f 1932/2715/2686 1931/3123/3088 1912/3091/3056 701/2712/2683
f 5865/4513/4445 5864/584/584 5801/583/583 5802/6579/6320
f 228/400/400 229/399/399 42/321/321 203/317/317
f 5868/4448/4380 5818/4447/4379 5755/6680/6406 5805/6627/6360
f 5870/3341/3294 5871/3344/3297 5808/5025/4941 5807/5024/4940
f 1512/1345/1336 550/1344/1335 1529/2150/2138 1534/2167/2155
f 5870/3341/3294 5807/5024/4940 5809/6775/6501 5872/6753/6480
f 5387/1256/1247 5385/1259/1250 5457/1616/1607 5459/1615/1606
f 5817/4441/4373 5816/4440/4372 5753/6859/6525 5754/4585/4507
f 850/4048/3987 2402/4082/4021 2404/4085/4024 2386/4054/3993
f 3987/5542/5448 3986/6174/5962 3193/5383/5290 3194/5384/5291
f 6316/5599/5500 6312/5430/5337 3218/5432/5339 4475/5603/5504
f 5271/6733/6460 5269/5714/5607 5197/2063/2051 5199/2062/2050
f 5551/6489/6232 5517/5248/5157 5640/5247/5156 5690/4117/4053
f 1734/2699/2670 740/2700/2671 1764/2774/2745 1785/2831/2802
f 1742/2726/2697 633/2729/2700 1793/2856/2825 1791/2843/2814
f 4892/4787/4703 4891/4437/4369 2733/4788/4704 2735/4789/4705
f 4530/4637/4555 2972/1725/1716 3155/1724/1715 4528/4638/4556
f 2988/4619/4537 2987/5186/5097 2980/5166/5078 943/5155/5067
f 2874/5000/4916 2870/4931/4847 1017/4930/4846 2855/4954/4870
f 628/794/792 1721/793/791 1776/2811/2782 1693/2597/2568
f 2656/4575/4498 2657/2147/2135 5831/2146/2134 5830/4535/4463
f 2694/4653/4571 2658/4576/4499 961/4574/4497 2692/4648/4566
f 6447/5316/2212 4219/5313/5221 4229/5206/5117 1509/5315/5223
f 4139/97/97 4138/92/92 4106/1754/1745 4107/6121/5915
f 2005/3290/3246 2004/2331/2319 601/2330/2318 1747/2740/2711
f 5854/5352/5259 3979/5351/5258 3918/5365/5272 5852/6852/6522
f 5427/5304/5213 5425/5303/5212 5137/6137/5927 5139/6612/6348
f 48/408/408 271/525/525 270/526/526 232/405/405
f 5783/4738/4655 5796/6360/6111 5859/6313/6069 5846/6861/6526
f 744/3360/3313 2087/3431/3382 2098/3430/3381 2085/3426/3377
f 823/3942/3887 2319/3963/3906 2321/3970/3911 2302/243/243
f 6016/9/9 6208/6291/6049 6207/22/22 6015/10/10
f 2669/636/636 2668/4481/4413 2670/4616/4534 981/633/633
f 4098/6048/5875 4097/4221/4157 4065/4220/4156 4066/4239/4175
f 6544/5971/5823 6543/5972/5774 3750/5969/5821 3751/5970/5822
f 2877/5007/4923 2878/4283/4215 1025/4282/4214 2876/5002/4918
f 5872/6753/6480 5369/5116/5028 5225/3342/3295 5870/3341/3294
f 3398/1138/1132 3364/5773/5664 3362/5768/5659 3396/1710/1701
f 6353/2/2 5906/6163/5952 5907/6677/6403 5875/3/3
f 6232/3784/3730 6233/749/747 6169/6863/6528 6168/70/70
f 4961/6534/6277 5033/3159/3124 5003/6522/6265 4931/3201/3164
f 5906/6163/5952 5908/6162/5951 6036/6864/6529 6034/6678/6404
f 5874/6326/6044 5876/6325/205 167/208/208 37/668/668
f 1398/1778/1769 1397/1777/1768 1399/1768/1759 501/1794/1785
f 5909/6324/6078 5908/6162/5951 6352/206/206 5876/205/205
f 3975/3892/3837 5853/5174/5086 5855/5363/5270 4027/6184/5967
f 2774/4851/4767 2727/4759/4676 987/4690/4607 2776/4693/4610
f 5877/741/741 6350/740/740 1/54/54 344/745/743
f 6108/6802/6514 6107/2862/2831 6044/2861/2830 6045/6785/6509
f 5993/3612/3561 1637/2420/2408 757/2465/2451 5982/3304/3259
f 5880/2426/2414 757/2465/2451 1637/2420/2408 5885/2427/2407
f 5999/3674/3623 1662/3673/3622 771/6865/6530 5987/3675/3624
f 5886/2445/2432 1642/6866/6531 755/2855/2824 6500/2444/2431
f 6519/2446/2433 4853/3628/3577 1642/6866/6531 5886/2447/2432
f 6050/2461/2447 5922/2460/2446 5918/2429/2416 6046/2864/2833
f 5881/6400/2452 6508/6399/2464 1650/3645/3594 758/3644/3593
f 5997/3652/3601 1654/2489/2473 769/2512/2492 5985/3655/3604
f 4468/5660/5560 4459/6299/6055 4436/5704/5598 4444/5659/5559
f 6509/2497/2475 5882/2496/2458 769/2512/2492 1654/2489/2473
f 3531/6043/5870 3534/5849/5739 3858/5771/5662 3860/5778/5669
f 1872/2998/2964 1891/3048/3013 1849/2959/2925 661/2963/2929
f 6503/6867/2490 772/2552/2529 1666/3687/3636 6511/6868/1003
f 664/3017/2983 1881/3021/2987 1900/3064/3029 1899/3062/3027
f 3560/6016/5851 3562/6019/5852 3872/5800/5691 3874/5808/5699
f 6502/2513/1004 771/6865/6530 1662/3673/3622 6510/2514/2493
f 6511/1005/1003 1666/3687/3636 771/6865/6530 6502/1006/1004
f 6061/709/709 6062/708/708 5934/2377/2365 5933/2511/2491
f 2869/4995/4911 2868/4928/4844 2870/4931/4847 1024/5001/4917
f 963/4662/4580 2659/2148/2136 2657/2147/2135 2658/4576/4499
f 4492/237/237 4699/240/240 4710/835/833 4503/585/585
f 5912/6858/6524 6351/6337/6089 5899/6336/6088 5953/6009/5846
f 1672/2573/2547 1675/2553/2530 6128/2504/2485 6127/2949/2915
f 6513/2564/2536 5936/2563/2538 5937/4110/4046 6504/2565/2539
f 4016/3077/3042 4015/3076/3041 3530/5125/5037 3532/6061/5881
f 1921/3141/3106 678/3044/3009 1919/3043/3008 1920/3105/3070
f 5042/6620/6355 4970/6555/6296 4904/6156/5946 4976/6525/6268
f 1359/1671/1662 1360/4455/4387 481/1515/1506 1340/1588/1579
f 1936/3100/3065 1935/3134/3099 677/2119/2107 1918/3045/3010
f 2027/2688/2659 2048/2189/2177 1544/2192/2180 555/2135/2123
f 6070/791/789 6133/790/788 6134/3299/3254 6071/6801/6513
f 5800/4739/4656 5781/5333/5240 5587/4552/4479 5599/4740/4657
f 271/525/525 286/558/558 285/559/559 46/489/489
f 6442/2410/2398 6421/5868/5756 3511/3280/3237 6135/3279/3236
f 5890/6869/649 5891/3896/3841 3679/2174/2162 3467/650/650
f 6390/6870/3839 6372/3217/3180 6373/3220/3183 6391/6871/2400
f 6516/6872/5799 5892/6873/6532 4053/6211/5989 3509/3940/3885
f 2019/3326/3279 2018/3339/3292 2020/3340/3293 723/2691/2662
f 5892/6874/6532 5893/6875/3239 4085/2407/2395 4053/6211/5989
f 5910/6327/6079 5951/6652/6381 6079/6843/6521 6038/6404/6152
f 1830/2936/2904 1825/2935/2903 642/2877/2846 1810/2892/2861
f 5874/6286/6044 5897/6285/6043 5951/6652/6381 5910/6327/6079
f 6080/1267/1258 6039/4049/3988 5911/540/540 5952/1268/1259
f 4705/533/533 4498/713/713 6145/4050/3989 6149/536/536
f 6357/6876/6533 6356/6877/6131 4551/6378/6129 4597/6417/6164
f 6149/536/536 6145/4050/3989 6080/1267/1258 6084/1270/1261
f 4665/4232/4168 4663/6133/5923 4547/6293/6051 4549/4233/4169
f 4713/4635/4553 6359/6471/6006 5899/6470/6088 4506/4636/4554
f 1811/2924/2892 626/2845/2816 1792/2844/2815 1812/2842/2813
f 4921/3851/3796 5901/1320/1311 5902/1323/1314 4993/332/332
f 5902/6615/1314 5962/1322/1313 5963/4679/4597 5903/6616/6351
f 5903/6878/6351 5963/4679/4597 5921/6636/6366 5878/6879/6365
f 5904/6634/800 5156/801/799 708/6447/6192 5878/6635/6365
f 5228/6496/6239 5372/6718/6445 5905/3800/3746 6520/3799/3745
f 841/3983/3924 2377/4042/3982 2379/4019/3960 2359/3953/3898
f 2259/2249/2237 2465/3869/3814 2464/614/614 879/617/617
f 5036/6339/6091 4964/5227/5136 4911/5228/5137 4983/6340/6092
f 5968/6713/6440 5967/3801/3747 5905/6787/3746 6522/6786/797
f 5956/1269/1260 6358/6855/6077 6351/6856/6089 5912/6858/6524
f 265/496/496 31/172/172 264/171/171 262/492/492
f 4898/4806/4722 4899/4750/4667 4793/6566/6307 4828/4817/4733
f 6108/6802/6514 1636/2416/2404 1634/2415/2403 6107/2862/2831
f 6106/3987/3928 6105/639/639 6042/643/643 6043/759/757
f 2272/3483/3434 2270/260/260 4882/263/263 4883/3484/3435
f 6109/2863/2832 6107/2862/2831 1634/2415/2403 1638/2453/2439
f 4851/2450/2436 6153/4985/4901 6110/2443/2430 1639/2436/2423
f 5924/2398/2386 5923/2459/2445 6051/2462/2448 6052/2399/2387
f 1829/2883/2852 707/3253/3212 1982/3238/3200 1981/3237/3199
f 6338/660/660 4400/663/663 6271/5716/5609 6230/661/661
f 1648/2483/2467 1651/2183/2171 6116/6164/5953 6115/2477/2461
f 6057/2521/2500 6058/2918/2886 5930/2515/2494 5929/2527/2506
f 6122/2919/2887 6121/2524/2503 1660/2518/2497 1663/2517/2496
f 3234/5469/5375 3101/5474/5380 4673/5464/5370 4684/5459/5365
f 6126/2950/2916 6127/2949/2915 6064/3693/3642 6063/2375/2363
f 4084/3287/3243 1992/6207/5985 6132/789/787 6140/6215/5991
f 2932/5089/5001 2930/5080/4992 2933/3150/3115 1063/5114/5026
f 5947/3283/3240 6075/6686/6413 6069/788/786 5941/1550/1541
f 5891/6880/3841 5890/6869/649 5945/3218/3181 6372/3217/3180
f 5944/6199/5979 5946/6209/5987 5892/6873/6532 6516/6872/5799
f 4581/3848/3794 4651/4311/4243 4653/6365/6116 4583/6431/6178
f 5946/6209/5987 5947/3283/3240 5893/6875/3239 5892/6874/6532
f 4128/658/658 6141/2860/2829 6142/5251/5160 4160/5999/5838
f 6082/500/500 6147/499/499 6151/6477/6220 6086/6377/6128
f 5955/6881/6534 5954/6382/6132 6356/6877/6131 6357/6876/6533
f 6154/5004/4920 6089/2823/2794 6087/2825/2796 6152/6589/6327
f 4267/5701/5595 4261/6124/5916 4250/858/856 4268/5700/859
f 1361/1670/1661 488/1707/1698 1360/4455/4387 1359/1671/1662
f 6131/2594/2565 1680/2587/2559 1641/2437/2424 6111/2442/2429
f 3773/6077/5890 3705/6078/5888 3703/6076/5889 3704/6134/5924
f 5701/1069/1064 5641/1030/1028 5639/1033/1031 5699/1070/1065
f 914/4318/4250 2530/4317/4249 2552/4366/4298 2553/4364/4296
f 5948/504/504 5945/3218/3181 5890/649/649 5894/652/652
f 679/2666/2637 1923/3110/3075 1941/2378/2366 1717/2669/2640
f 5879/2418/2406 5917/3295/3251 5916/2428/2415 5885/2419/2407
f 1961/1597/1588 1751/2744/2715 693/2567/2541 1719/1598/1589
f 6065/2503/2484 5937/4110/4046 5936/2563/2538 6064/3693/3642
f 4518/4849/4765 4516/4848/4764 4723/4286/4218 4725/3989/3930
f 5943/3298/3253 5942/1549/1540 6070/791/789 6071/6801/6513
f 1966/2759/2730 690/3155/3120 1954/3177/3141 1968/3193/3157
f 6438/5930/4122 6439/4185/4121 5944/6199/5979 6516/5931/5799
f 6144/828/826 4401/543/543 166/191/191 6101/194/194
f 6079/6843/6521 6078/4158/4094 6143/547/547 6144/828/826
f 1181/1260/1251 1180/1261/1252 1182/1262/1253 469/1130/1124
f 6156/6159/5949 6112/6598/6336 6049/6597/6335 6091/4681/4599
f 5974/25/25 5971/6882/6535 23/207/207 110/1/1
f 5975/44/44 276/43/43 4369/11/11 6015/10/10
f 6229/20/20 6272/6318/6074 6209/6192/5975 6165/21/21
f 6168/70/70 6169/6863/6528 5969/53/53 5976/52/52
f 23/207/207 5971/6882/6535 5977/666/666 167/208/208
f 6170/6837/6518 6234/662/662 6230/661/661 6166/6883/6536
f 6243/3638/3587 6242/719/719 6178/718/718 6179/6884/6537
f 4031/1986/1977 3627/2027/2018 3498/2037/2028 4008/1983/1974
f 5993/3612/3561 6172/3611/3560 6174/4261/4195 5980/3613/3562
f 4977/6559/6300 5049/6518/6261 5112/6476/6219 5040/6475/6218
f 4872/3739/3687 2189/3745/3693 2155/3634/3583 4871/3637/3586
f 3024/5201/5112 3025/2004/1995 588/4731/4648 2912/5200/5111
f 5851/2311/2299 5849/5362/5269 5786/5361/5268 5788/2312/2300
f 1642/6866/6531 5994/6885/6538 5981/3725/3673 755/2855/2824
f 6180/3624/3573 6179/6884/6537 5983/3647/3596 5996/3646/3595
f 2160/3653/3602 2159/3651/3600 6244/3623/3572 6245/3622/3571
f 768/2490/2474 1654/2489/2473 5997/3652/3601 5984/3648/3597
f 6193/3716/3664 6257/3708/3656 6256/1773/1764 6192/6857/6523
f 6243/3638/3587 6179/6884/6537 6180/3624/3573 6244/3623/3572
f 4006/2028/2019 3956/1998/1989 3955/2001/1992 4036/1612/1603
f 613/2373/2361 1901/3065/3030 1900/3064/3029 1621/2374/2362
f 5075/6539/6282 5106/6538/6281 5034/6521/6264 5003/6522/6265
f 1239/1417/1408 1237/1413/1404 4841/1416/1407 4842/1421/1412
f 6249/3665/3614 6250/3661/3610 2168/3681/3630 2166/3666/3615
f 6188/6103/5906 6189/2661/2632 6253/3969/3910 6252/3684/3633
f 2823/4922/4838 1008/4921/4837 2846/4951/4867 2844/4952/4868
f 6188/6103/5906 6187/3663/3612 5987/3675/3624 6000/3686/3635
f 6206/69/69 6014/68/68 6013/5937/5802 6205/1972/1963
f 6190/2664/2635 6001/2663/2634 5989/3692/3641 6191/5717/5610
f 6350/6261/740 5914/642/642 5913/641/641 6355/6262/2527
f 2336/3993/3934 2317/3954/3899 827/3932/3877 2334/3931/3876
f 1678/2571/2545 6003/3713/3661 5990/3717/3665 774/2566/2540
f 6002/3691/3640 1674/2562/2537 774/2566/2540 5990/3717/3665
f 2494/4237/4173 2493/4229/4165 6261/4247/4183 6262/4253/4187
f 5991/3714/3662 6003/3713/3661 1678/2571/2545 775/2570/2544
f 6196/3723/3671 6195/3711/3659 5991/3714/3662 6004/3724/3672
f 6005/2409/2397 1993/2408/2396 901/3285/3242 5992/4245/4181
f 2150/3616/3565 2496/4238/4174 6263/4252/4186 6238/6886/6539
f 6199/4262/4196 6174/4261/4195 6238/6886/6539 6263/4252/4186
f 5978/750/748 6171/6117/5913 6163/23/23 5973/26/26
f 6202/6270/6030 6443/4755/4672 6444/811/809 6392/6271/6031
f 6266/4627/4545 6523/808/806 6201/4756/4673 6203/6216/5992
f 3877/5819/5709 3551/6015/5850 3553/6014/5849 3875/5811/5702
f 6203/6216/5992 6201/4756/4673 6008/3937/3882 6011/6210/5988
f 6208/6291/6049 6016/9/9 5972/667/667 6166/6883/6536
f 5600/2328/2316 5569/6842/6520 5753/6859/6525 5802/6579/6320
f 4689/6463/6208 6021/6191/5974 5970/5738/5630 4/6335/6087
f 5970/5738/5630 6018/4633/4551 4506/4636/4554 4/6335/6087
f 1362/1672/1663 1342/1516/1507 481/1515/1506 1360/4455/4387
f 6060/2541/2518 6059/2540/2517 6122/2919/2887 6123/2930/2898
f 6214/6141/5931 6277/6186/5969 6278/5215/5126 6215/5218/5129
f 5527/4614/3107 5518/6817/1664 6482/2057/2045 6493/2056/2042
f 6017/41/41 6021/6191/5974 4689/6463/6208 4482/42/42
f 6146/6887/6540 4508/6332/6084 275/534/534 6103/537/537
f 4477/5618/5519 4464/5266/5175 4441/5107/5019 4453/5463/5369
f 6025/3627/3576 5994/6885/6538 1642/6866/6531 4853/3628/3577
f 3060/822/820 3061/5255/5164 3048/5272/5181 935/4875/4791
f 4957/1823/1814 6281/198/198 6282/197/197 5029/1820/1811
f 6029/5725/5618 6033/5724/5617 6225/1265/1256 6221/1264/1255
f 6084/1270/1261 5956/1269/1260 5912/6858/6524 6040/6260/6024
f 1946/2674/2645 681/2658/2629 1929/2657/2628 1947/3153/3118
f 6054/2494/2477 6053/2396/2384 6116/6164/5953 6117/6310/6066
f 6123/2930/2898 6122/2919/2887 1663/2517/2496 1664/2539/2516
f 3309/5485/5391 3146/5505/5411 3257/5504/5410 3307/5538/5444
f 6123/2930/2898 6124/710/710 6061/709/709 6060/2541/2518
f 1679/2588/2560 6130/3203/3166 6129/2501/2482 1676/2554/2531
f 6135/3279/3236 6139/3278/3235 6074/6208/5986 6072/6198/5978
f 6074/6208/5986 6075/6686/6413 5947/3283/3240 5946/6209/5987
f 5015/5733/5626 4990/6498/6241 4918/6465/6210 4943/5205/5116
f 6083/501/501 6082/500/500 5954/6382/6132 5955/6881/6534
f 1877/3005/2971 1856/2969/2935 657/805/803 1879/3016/2982
f 2724/4752/4669 2722/4748/4665 2725/4747/4664 989/4746/4663
f 3347/5499/5405 3345/5637/5538 3348/5640/5541 3120/5500/5406
f 1998/3309/3262 5889/3297/3252 5879/3296/2406 751/2421/2409
f 1445/1888/1879 1446/1906/1897 1429/1860/1851 511/1859/1850
f 5442/6776/6502 5370/6715/6442 6160/1695/1686 6161/6576/6317
f 5154/6681/6407 6157/6575/6316 6112/6598/6336 1643/6638/6368
f 6160/1695/1686 5370/6715/6442 5226/6714/6441 6158/1696/1687
f 6093/1697/1688 6158/1696/1687 6159/6888/6541 6094/6755/6482
f 480/1587/1578 1357/1644/1635 1359/1671/1662 1340/1588/1579
f 109/6/6 6097/6889/6542 6099/3302/3257 113/13/13
f 5292/4581/4503 5220/4584/4506 5218/6708/6435 5290/6747/6474
f 6404/580/580 3642/5394/5301 3626/3804/3750 6399/577/577
f 1644/2452/2438 6113/6890/6543 6109/2863/2832 1638/2453/2439
f 6125/711/711 6124/710/710 1667/2547/2524 1668/2535/2512
f 6065/2503/2484 6066/2502/2483 5938/2576/2550 5937/4110/4046
f 6412/5074/2075 3762/2090/2078 3761/2671/2642 3760/5075/2641
f 6051/2462/2448 6050/2461/2447 6113/6890/6543 6114/2476/2460
f 6441/2411/2399 6439/4185/4121 6390/6870/3839 6391/6871/2400
f 6138/5869/2401 6137/646/646 3667/645/645 6381/5870/5757
f 5174/1636/1627 2261/6599/6337 937/6220/5996 5172/1633/1624
f 6078/4158/4094 5950/541/541 5911/540/540 6039/4049/3988
f 3871/5799/5690 3561/5798/5689 3556/5806/5697 3873/5810/5701
f 4315/5839/5729 4313/5809/5700 4326/5988/5831 4328/5987/5830
f 6047/2423/2411 6088/4986/4902 5960/2448/2434 5919/2424/2412
f 6114/2476/2460 6113/6890/6543 1644/2452/2438 1647/5903/5780
f 2754/6621/6356 1064/6631/6364 5081/6606/6344 5116/6564/6305
f 3662/5929/1425 3664/5928/283 3650/282/282 6365/1435/1426
f 3046/5230/5139 594/5229/5138 3028/5241/5150 3051/5263/5172
f 6117/6310/6066 6118/6309/6065 6055/2495/2478 6054/2494/2477
f 1794/2859/2828 1793/2856/2825 633/2729/2700 1746/2710/2681
f 3433/1809/1800 3431/5620/5521 3889/5619/5520 3891/1810/1801
f 1652/2186/2174 6117/6310/6066 6116/6164/5953 1651/2183/2171
f 5931/1007/1005 5930/2515/2494 6058/2918/2886 6059/2540/2517
f 6062/708/708 6125/711/711 6126/2950/2916 6063/2375/2363
f 6130/3203/3166 6131/2594/2565 6068/2593/2564 6067/2585/2557
f 2880/4973/4889 2881/5019/4935 1026/5006/4922 2879/4974/4890
f 6075/6686/6413 6140/6215/5991 6132/789/787 6069/788/786
f 3252/1294/1285 3132/5530/5436 3251/1307/1298 3250/5484/5390
f 6071/6801/6513 6045/6785/6509 5917/3295/3251 5943/3298/3253
f 3311/5577/5481 3102/863/861 3265/862/860 3323/5604/5505
f 4308/511/511 4302/514/514 3564/531/531 4127/527/527
f 2925/4689/4606 1042/4688/4605 2923/5052/4966 2924/5077/4989
f 4715/6333/6085 4508/6332/6084 6146/6887/6540 6150/6478/6221
f 6056/2522/2501 6055/2495/2478 6118/6309/6065 6119/2523/2502
f 6097/6889/6542 6098/6862/6527 6035/6679/6405 6034/6678/6404
f 6100/193/193 6099/3302/3257 6036/6864/6529 6037/6403/6151
f 6043/759/757 6035/6679/6405 6098/6862/6527 6106/3987/3928
f 4911/5228/5137 4963/6542/6285 5035/6543/6286 4983/6340/6092
f 1656/2498/2479 6119/2523/2502 6118/6309/6065 1655/2478/2462
f 6128/2504/2485 6065/2503/2484 6064/3693/3642 6127/2949/2915
f 4071/3215/3178 1975/1993/1984 1977/1992/1983 4072/3223/3186
f 4327/3440/3391 4325/3443/3394 4321/6033/5863 4322/5813/5704
f 4637/6452/6197 4635/6891/6544 4589/4266/4200 4591/4265/4199
f 6161/6576/6317 6160/1695/1686 6095/1694/1685 6096/6577/6318
f 6110/2443/2430 6111/2442/2429 1641/2437/2424 1639/2436/2423
f 3718/5815/5706 6466/4839/4755 3717/4840/4756 3719/6037/5866
f 2575/6068/5886 929/362/362 2564/361/361 2576/4378/4310
f 6151/6477/6220 4738/6384/6134 4715/6333/6085 6150/6478/6221
f 6150/6478/6221 6146/6887/6540 6081/6008/5845 6085/6007/5844
f 6503/6867/2490 6511/6868/1003 5932/1008/1006 5933/2511/2491
f 6441/2411/2399 6442/2410/2398 6135/3279/3236 6072/6198/5978
f 6040/6260/6024 6081/6008/5845 6146/6887/6540 6103/537/537
f 2071/3410/3361 2070/3413/3364 732/6629/6362 2055/3392/3343
f 5229/1254/1245 5373/6716/6443 5375/6719/6446 5231/1251/1242
f 6099/3302/3257 6097/6889/6542 6034/6678/6404 6036/6864/6529
f 1916/2118/2106 670/2983/2949 1898/3060/3025 1917/3046/3011
f 3686/5886/5768 3685/5878/5764 6369/5880/5766 6382/5887/5763
f 4296/3213/3176 1973/3214/3177 4069/3216/3179 4307/1026/1024
f 1463/3122/3087 3331/5625/5526 3113/5566/5470 3301/3119/3084
f 5710/1116/1111 5709/1115/1110 5649/5678/5576 5650/5677/5575
f 1420/1843/1834 1419/1842/1833 1421/1796/1787 509/1851/1842
f 919/4357/4289 2550/4356/4288 2571/4399/4331 2572/4398/4330
f 4033/1603/1594 3630/1949/1940 3629/1977/1968 4032/1604/1595
f 462/1098/1093 1208/1097/1092 1513/1299/1290 1514/1536/1527
f 2123/3519/3470 2121/3507/3458 2118/3514/3465 786/3513/3464
f 2849/4955/4871 2847/4953/4869 2826/4926/4842 1010/4927/4843
f 2052/2131/2119 2051/2130/2118 2053/3386/3337 732/6629/6362
f 6113/6890/6543 6050/2461/2447 6046/2864/2833 6109/2863/2832
f 3947/1602/1593 1461/1963/1954 1458/1953/1944 3946/1967/1958
f 2039/2920/2888 730/3365/3317 2046/3378/3330 2047/3349/3302
f 2006/3289/3245 719/3267/3224 2031/2074/2062 2029/2077/2065
f 3149/4104/4040 3293/4103/4039 3290/5550/5454 3291/5551/5455
f 6158/1696/1687 5226/6714/6441 5298/6754/6481 6159/6888/6541
f 3003/4766/4683 3001/4765/4682 4197/5207/5118 4192/5312/5220
f 780/3469/3420 2101/3468/3419 2099/3477/3428 2102/3480/3431
f 4182/5976/5825 4244/2226/2214 4246/6153/5943 4183/4024/3965
f 6098/6862/6527 6097/6889/6542 109/6/6 111/5/5
f 116/17/17 114/16/16 6226/32/32 6227/4015/3956
f 6162/24/24 6164/737/737 5971/6882/6535 5974/25/25
f 6207/22/22 6165/21/21 5975/44/44 6015/10/10
f 6206/69/69 6269/1974/1965 6232/3784/3730 6168/70/70
f 6166/6883/6536 5972/667/667 5977/666/666 6170/6837/6518
f 6164/737/737 6170/6837/6518 5977/666/666 5971/6882/6535
f 2723/4737/4654 986/4753/4670 2773/4845/4761 2771/4734/4651
f 5978/750/748 5969/53/53 6169/6863/6528 6171/6117/5913
f 2080/3166/3131 747/3428/3379 2085/3426/3377 2098/3430/3381
f 5981/3725/3673 5994/6885/6538 6175/6578/6319 6177/3722/3670
f 4554/6420/6167 4552/4339/4271 4737/6469/6214 4739/6472/6215
f 6179/6884/6537 6178/718/718 5995/3303/3258 5983/3647/3596
f 2103/3478/3429 2099/3477/3428 2100/3466/3417 756/3465/3416
f 2202/3767/3715 2201/3765/3713 783/3659/3608 2167/3671/3620
f 2162/3656/3605 6246/1971/1962 6247/768/766 2163/3658/3607
f 5998/3667/3616 5986/3680/3629 6185/6223/5999 6184/770/768
f 6251/3660/3609 2169/3682/3631 2168/3681/3630 6250/3661/3610
f 6193/3716/3664 6192/6857/6523 6002/3691/3640 5990/3717/3665
f 680/3113/3078 1926/3112/3077 1944/2677/2648 1943/2379/2367
f 6259/4577/4500 6258/6242/6012 6194/3712/3660 6195/3711/3659
f 6239/3416/3367 6241/3633/3582 6177/3722/3670 6175/6578/6319
f 5078/6569/6310 5109/6549/6292 2601/6548/6291 942/6570/6311
f 6262/4253/4187 6261/4247/4183 6197/4230/4166 6198/4244/4180
f 6200/5874/5761 6007/2173/2161 6010/2172/2160 6360/5871/5758
f 6267/4246/4182 6266/4627/4545 6203/6216/5992 6204/4231/4167
f 6491/1208/1201 6481/1207/1200 5516/2233/2222 5525/6812/6516
f 4101/65/65 6268/1973/1964 6264/5873/5760 6341/66/66
f 6213/6193/5976 6276/5482/5388 6231/5481/5387 6167/5739/5631
f 3680/5936/5801 3678/5935/5216 3665/5307/5215 6368/5867/5755
f 6209/6192/5975 6017/41/41 5975/44/44 6165/21/21
f 5229/1254/1245 5227/3582/3531 5371/5118/5030 5373/6716/6443
f 6218/199/199 6281/198/198 6279/4469/4401 6216/3730/3678
f 6025/3627/3576 6217/3731/3679 6175/6578/6319 5994/6885/6538
f 5029/1820/1811 6282/197/197 6283/3593/3542 5101/6529/6272
f 4048/3262/3219 3590/1869/1860 3591/1868/1859 4047/1172/1166
f 6240/3592/3541 2153/6446/6191 5101/6529/6272 6283/3593/3542
f 6232/3784/3730 121/61/61 123/60/60 6233/749/747
f 6248/767/765 2165/3664/3613 2163/3658/3607 6247/768/766
f 2150/3616/3565 6238/6886/6539 6236/1024/1022 2148/1023/1021
f 762/3523/3474 2130/3545/3496 2133/3564/3514 2136/3524/3475
f 5996/3646/3595 5984/3648/3597 6181/3625/3574 6180/3624/3573
f 6186/3662/3611 6185/6223/5999 5986/3680/3629 5999/3674/3623
f 6191/5717/5610 5989/3692/3641 6002/3691/3640 6192/6857/6523
f 4932/5064/4978 4961/6534/6277 4821/3734/3682 4807/3737/3685
f 4606/6426/6173 4604/4368/4300 4558/4222/4158 4560/6218/5994
f 6252/3684/3633 6251/3660/3609 6187/3663/3612 6188/6103/5906
f 5135/6138/5928 5423/6700/6427 5421/6643/6373 5133/6513/6256
f 2175/1775/1766 2174/3698/3646 6254/3968/3909 6255/1776/1767
f 2174/3698/3646 2172/3690/3639 6253/3969/3910 6254/3968/3909
f 355/761/759 354/760/758 211/343/343 108/775/773
f 4970/6555/6296 4797/4771/4688 4787/6157/5947 4904/6156/5946
f 6199/4262/4196 6198/4244/4180 5992/4245/4181 6006/4258/4192
f 6202/6892/6030 6009/6893/5754 6440/3938/3883 6443/4755/4672
f 2438/4100/4036 2139/3578/3527 794/3566/3516 2420/4105/4041
f 6201/4756/4673 6443/4755/4672 6440/3938/3883 6008/3937/3882
f 5021/6231/6005 4996/6265/6027 4924/6264/6026 4949/2897/2866
f 6009/6893/5754 6202/6892/6030 6360/5871/5758 6010/2172/2160
f 5245/6257/6022 5243/1257/1248 5387/1256/1247 5389/2104/2092
f 4101/65/65 4133/596/596 6269/1974/1965 6268/1973/1964
f 6230/661/661 6271/5716/5609 6208/6291/6049 6166/6883/6536
f 6211/5217/5128 6274/5216/5127 6275/6407/6155 6212/6416/6163
f 6221/1264/1255 6284/1263/1254 6240/3592/3541 6176/3595/3544
f 5230/5012/4928 5374/6722/6449 6287/6778/6504 6285/5013/4929
f 6285/5013/4929 6287/6778/6504 6224/6301/6057 6222/1240/1231
f 6286/5014/4930 6285/5013/4929 6222/1240/1231 6223/1239/1230
f 759/3605/3554 2144/4470/4402 2141/3590/3539 2142/3589/3538
f 6169/6863/6528 6233/749/747 6235/748/746 6171/6117/5913
f 5940/2592/2563 6068/2593/2564 6048/2422/2410 5920/2425/2413
f 6238/6886/6539 6174/4261/4195 6172/3611/3560 6236/1024/1022
f 5546/5040/4954 5528/2822/2793 5489/2821/2792 5501/5041/4955
f 6184/770/768 6183/769/767 5985/3655/3604 5998/3667/3616
f 6185/6223/5999 6249/3665/3614 6248/767/765 6184/770/768
f 4247/4047/3986 3814/6854/3985 3778/6853/2213 4245/2762/2733
f 193/295/295 70/160/160 155/162/162 191/285/285
f 3725/6054/3863 3716/6053/5878 3713/6030/5861 3715/6057/5879
f 6341/66/66 6264/5873/5760 6265/5872/5759 6368/5867/5755
f 5395/1313/1304 5251/6764/6491 5249/6766/6493 5393/6726/6453
f 234/472/472 40/421/421 233/407/407 231/406/406
f 204/109/109 201/318/318 205/323/323 82/481/481
f 227/396/396 259/322/322 260/325/325 38/395/395
f 2812/3499/3450 2833/3498/3449 2827/3911/3856 1003/3914/3859
f 6287/6778/6504 5374/6722/6449 5446/6691/6418 6288/1266/1257
f 1424/1858/1849 1407/1790/1781 503/1281/1272 1199/1290/1281
f 3030/4888/4804 3008/4891/4807 590/5211/5122 3032/5244/5153
f 6444/811/809 6419/810/808 3680/6894/5801 6392/6895/6031
f 2328/4899/4815 2327/3984/3925 2329/3986/3927 928/4900/4816
f 6375/5922/5794 3658/5921/5793 3645/5904/5781 3659/5925/5796
f 3906/1827/1818 3414/5608/5509 3412/5796/5687 3904/1828/1819
f 2992/5197/5108 2993/5198/5109 947/5193/5104 2991/3109/3074
f 1117/1057/1053 5696/1046/1044 5697/1089/1084 1118/1004/1002
f 2180/3721/3669 2178/3707/3655 6257/3708/3656 6258/6242/6012
f 2181/3720/3668 2180/3721/3669 6258/6242/6012 6259/4577/4500
f 2199/3764/3712 2200/485/485 801/484/484 2198/3755/3703
f 5480/977/975 394/2054/2044 1119/1047/1045 6483/974/972
f 6264/5873/5760 6268/1973/1964 6205/1972/1963 6200/5874/5761
f 2147/3606/3555 2145/3600/3549 2107/3494/3445 754/2283/2271
f 2144/4470/4402 760/3584/3533 2138/3580/3529 2141/3590/3539
f 3482/150/150 3483/5899/5778 4113/138/138 4114/137/137
f 725/3252/3211 2028/3312/3265 2029/2077/2065 2030/2076/2064
f 6382/5876/5763 6369/5880/5766 3681/3920/3865 3682/5877/3316
f 4005/893/891 3317/5571/5475 3285/1904/1895 3999/894/892
f 5711/1177/1171 5710/1116/1111 5650/5677/5575 5651/6794/6511
f 2097/3377/3329 749/3429/3380 2090/3445/3396 2096/3375/3327
f 6012/2406/2394 6011/6210/5988 4053/6211/5989 4085/2407/2395
f 4872/3739/3687 4873/3746/3694 2191/3744/3692 2189/3745/3693
f 6526/2325/2313 3458/2324/2312 3460/4225/4161 6527/5875/5762
f 3326/5611/5512 3130/1864/1855 4542/6368/6119 4544/6372/6123
f 4570/3462/3413 4568/4301/4233 4753/4300/4232 4755/3463/3414
f 3250/5484/5390 3251/1307/1298 3097/1306/1297 3246/5483/5389
f 6155/5005/4921 6154/5004/4920 4948/6267/6029 5020/6266/6028
f 6433/5912/5787 3604/5911/5786 3603/5906/5783 6432/5905/5782
f 6445/5933/5800 3513/3291/3247 3511/3280/3237 6421/5868/5756
f 4358/2298/2286 4299/2438/2425 4293/2441/2428 4352/2299/2287
f 1157/3175/3139 418/4591/4511 6480/3695/3644 5487/3696/3136
f 5503/1053/1050 5502/1052/1049 5547/6896/6237 5548/6135/5925
f 350/211/211 222/222/222 26/221/221 192/286/286
f 5272/6734/6461 5200/5726/5619 5198/5728/5621 5270/6770/6497
f 4019/5137/5049 3543/5136/5048 3545/5130/5042 4020/5131/5043
f 6437/6213/5990 6416/6897/5954 3469/6898/6036 4360/3205/3168
f 3469/6898/6036 6416/6897/5954 6436/5927/5798 4343/4141/4077
f 301/597/597 299/426/426 215/359/359 62/368/368
f 1147/1176/1170 5712/1175/1169 5713/4553/4480 1148/1182/1176
f 5247/6765/6492 5245/6257/6022 5389/2104/2092 5391/2103/2091
f 2429/4067/4006 867/4066/4005 2428/4107/4043 2427/4106/4042
f 2018/3339/3292 2019/3326/3279 721/3322/3275 2013/2157/2145
f 4144/120/120 4142/119/119 4110/123/123 4112/844/842
f 4576/6402/6150 4575/6181/5966 4621/6180/5965 4622/6441/6186
f 6134/3299/3254 1997/3301/3256 1636/2416/2404 6108/6802/6514
f 4063/4213/4149 4064/4219/4155 4096/4198/4134 4095/653/653
f 388/6025/5856 104/681/681 322/671/671 387/854/852
f 4405/6284/6042 4393/665/665 60/495/495 189/497/497
f 1878/3014/2980 1897/3061/3026 1896/3059/3024 663/3015/2981
f 2854/4956/4872 2849/4955/4871 1010/4927/4843 2834/4924/4840
f 5302/5015/4931 5304/6759/6486 5232/6723/6450 5230/5012/4928
f 3997/1903/1894 3936/2084/2072 3938/895/893 3999/894/892
f 5628/6086/5896 3570/5964/5816 3771/2010/2001 5629/2009/2000
f 5314/6763/6490 5316/1541/1532 5244/1540/1531 5242/6724/6451
f 6278/5215/5126 6277/6186/5969 6348/6185/5968 6349/5915/5790
f 197/299/299 195/298/298 172/217/217 28/223/223
f 4087/4072/4011 2476/4071/4010 2474/3226/3189 4086/3225/3188
f 1994/3300/3255 6133/790/788 6132/789/787 1992/6207/5985
f 4273/4413/4345 4278/4292/4224 2513/4296/4228 2514/4298/4230
f 212/344/344 209/342/342 213/550/550 107/345/345
f 883/3887/3832 2272/3483/3434 2274/3482/3433 2275/3897/3842
f 3783/2303/2291 3607/2302/2290 3610/5980/5827 3782/2291/2279
f 2315/3933/3878 2313/2532/2509 2311/2531/2508 826/778/776
f 3680/6894/5801 6368/5867/5755 6265/5872/5759 6392/6895/6031
f 4519/6343/6095 4517/6346/6098 18/706/706 334/714/714
f 1698/2163/2151 1697/2482/2466 1699/2499/2480 645/2640/2611
f 2470/1740/1731 2471/3704/3652 2458/4145/4081 875/1741/1732
f 3781/2292/2280 3782/2291/2279 3610/5980/5827 3611/3554/3505
f 390/872/870 4512/5147/5059 4514/6345/6097 87/278/278
f 2492/1813/1804 2490/1812/1803 4098/6048/5875 4099/4227/4163
f 4567/6397/6147 4565/6396/6146 4611/6429/6176 4613/6432/6179
f 5863/5346/5253 4682/5340/5247 3177/4720/4637 5844/4719/4636
f 5846/6861/6526 3181/6357/6108 4682/5340/5247 5863/5346/5253
f 2684/4629/4547 2682/4530/4460 2680/4529/4459 973/4632/4550
f 5878/6879/6365 708/6447/6192 5065/333/333 5903/6878/6351
f 5703/4515/4447 5702/1090/1085 5642/1088/1083 5643/1087/1082
f 2866/4994/4910 2865/4651/4569 2867/4650/4568 1022/4996/4912
f 1666/3687/3636 6000/3686/3635 5987/3675/3624 771/6865/6530
f 3759/2672/2643 3550/4877/4793 3545/5130/5042 3706/1764/1755
f 2040/3366/3318 736/2878/2847 1806/2879/2848 2064/1894/1885
f 1770/5743/5635 5098/6594/6332 5070/6617/6352 885/6651/6380
f 3871/5799/5690 3379/5836/5726 3377/5835/5725 3869/5793/5684
f 6147/499/499 4553/6419/6166 4738/6384/6134 6151/6477/6220
f 374/853/851 103/672/672 353/826/824 372/825/823
f 4646/6401/6149 4648/6351/6103 4532/6107/5908 4531/6109/5910
f 1880/2366/2354 1879/3016/2982 657/805/803 1859/804/802
f 1842/2953/2919 1841/2647/2618 1843/2646/2617 653/2954/2920
f 1452/1883/1874 522/1449/1440 1253/1441/1432 1453/1440/1431
f 2894/4914/4830 2890/5033/4948 1024/5001/4917 2875/4913/4829
f 2034/3324/3277 2032/3361/3314 2009/2732/2703 720/2731/2702
f 3968/3459/3410 4018/3458/3409 4019/5137/5049 3967/5141/5053
f 5764/4543/4470 5763/4542/4469 5826/4556/4483 5827/4476/4408
f 1517/2124/2112 1540/2126/2114 1475/2017/2008 540/2021/2012
f 1578/2277/2265 1245/1431/1422 571/1443/1434 1576/2267/2255
f 4004/4269/4203 4186/4270/4204 4184/5954/5811 3943/4181/4117
f 4001/5564/5468 3940/5587/5489 3939/5567/5471 4000/3025/2991
f 1747/2740/2711 1745/2711/2682 1743/2728/2699 634/2734/2705
f 924/3189/3153 2539/3188/3152 2593/4401/4333 2562/4374/4306
f 1867/2977/2943 1866/2974/2940 1868/2973/2939 662/3004/2970
f 4741/4224/4160 4556/4223/4159 4554/6420/6167 4739/6472/6215
f 3188/5370/5277 3186/5369/5276 3189/5750/5642 3160/5712/5605
f 4224/1959/1950 4216/1962/1953 531/2938/2030 1460/2937/1947
f 4076/3240/3202 4075/3229/3192 1980/3156/3121 1981/3237/3199
f 5446/6691/6418 5448/6779/6505 5160/4334/4266 5158/6445/6190
f 3894/2542/2519 3892/1140/1134 3434/5853/5743 3436/2543/2520
f 5920/2425/2413 6500/2854/2431 6514/2853/2562 5940/2592/2563
f 2604/4453/4385 2602/4444/4376 2112/3464/3415 767/3510/3461
f 2956/5404/5311 2963/5345/5252 3161/4790/4706 3175/5332/5239
f 1212/1332/1323 1510/1342/1333 1511/1298/1289 461/1297/1288
f 806/3944/3889 2291/3951/3896 2289/3927/3872 2284/3915/3860
f 2323/4000/3941 2321/3970/3911 2319/3963/3906 829/3965/3908
f 2054/3385/3336 2033/3362/3315 727/3323/3276 2056/3391/3342
f 4099/4227/4163 4098/6048/5875 4066/4239/4175 4067/4251/4185
f 2230/316/316 2231/3821/3767 820/3817/3763 2228/313/313
f 4635/6891/6544 4633/6444/6189 4587/6409/6157 4589/4266/4200
f 2661/4592/4512 963/4662/4580 2695/4661/4579 2697/4670/4588
f 3072/5134/5046 2968/5133/5045 938/5088/5000 2932/5089/5001
f 2708/4618/4536 2705/4699/4616 2670/4616/4534 994/4615/4533
f 2599/2286/2274 2629/3585/3534 2147/3606/3555 754/2283/2271
f 2858/4980/4896 2857/4979/4895 2859/4964/4880 1019/4975/4891
f 2874/5000/4916 2855/4954/4870 1018/4978/4894 2876/5002/4918
f 2884/5018/4934 1021/4989/4905 2866/4994/4910 2885/5016/4932
f 1074/6390/6140 5118/6608/6346 5120/1566/1557 395/4821/4737
f 3012/3814/3760 3013/4355/4287 913/4313/4245 2527/3811/3757
f 154/161/161 16/144/144 145/129/129 152/155/155
f 2455/1742/1733 874/4127/4063 2466/2138/2126 2469/1739/1730
f 4552/4339/4271 4550/4338/4270 4735/6466/6211 4737/6469/6214
f 556/2144/2132 1524/2050/2040 1545/2199/2187 1546/2201/2189
f 5671/1937/1928 5533/6197/5977 5539/6899/3007 5677/1926/1917
f 5168/6253/6018 5166/6252/6017 5454/1648/1639 5456/6780/6506
f 5357/6702/6429 5359/6704/6431 5215/6743/6470 5213/6742/6469
f 1768/2784/2755 697/2760/2731 1966/2759/2730 1968/3193/3157
f 4498/713/713 273/546/546 6102/548/548 6145/4050/3989
f 1125/1072/1067 441/1074/1069 1165/1226/1217 1163/1225/1216
f 3753/5957/5812 3752/685/685 3497/684/684 3498/2037/2028
f 6036/6864/6529 5908/6162/5951 5909/6324/6078 6037/6403/6151
